WKT,Name,OBJECTID,UKATEGORIE,UTYP1,UART,UMONAT,USTUNDE,UWOCHENTAG,STRZUSTAND,ULICHTVERH,ISTRAD,ISTPKW,ISTFUSS,ISTKRAD
"POINT (9.732535656000039 52.369416865000062)",Unfall 384 (2024) Kat:3, Licht: 2,384,3,6,3,05,21,6,,2,0,1,0,1
"POINT (10.265013195000051 52.478900863000035)",Unfall 385 (2024) Kat:3, Licht: 0,385,3,7,2,05,11,6,,0,0,1,0,1
"POINT (9.714545427000076 52.366566636000073)",Unfall 386 (2024) Kat:3, Licht: 0,386,3,2,6,05,10,6,,0,0,1,1,0
"POINT (9.454628601000024 52.477208950000033)",Unfall 387 (2024) Kat:3, Licht: 0,387,3,6,4,05,16,2,,0,0,1,0,0
"POINT (9.519374629000026 52.272849011000062)",Unfall 388 (2024) Kat:3, Licht: 0,388,3,6,4,05,17,5,,0,1,0,0,0
"POINT (9.539713729000027 52.460456204000081)",Unfall 389 (2024) Kat:3, Licht: 2,389,3,1,8,05,02,5,,2,0,0,0,0
"POINT (9.646271724000030 52.446137346000057)",Unfall 390 (2024) Kat:3, Licht: 0,390,3,1,0,05,18,5,,0,1,0,0,0
"POINT (9.535663809000027 52.420023032000074)",Unfall 391 (2024) Kat:3, Licht: 2,391,3,6,2,05,22,5,,2,0,1,0,0
"POINT (9.727071006000074 52.366908632000047)",Unfall 392 (2024) Kat:3, Licht: 0,392,3,1,0,05,18,5,,0,1,0,0,0
"POINT (9.827248867000037 52.358393222000075)",Unfall 393 (2024) Kat:2, Licht: 0,393,2,4,6,05,12,5,,0,0,1,1,0
"POINT (9.875652195000043 52.359932339000068)",Unfall 394 (2024) Kat:3, Licht: 0,394,3,6,2,05,15,4,,0,0,1,0,0
"POINT (9.740457173000038 52.368276099000070)",Unfall 395 (2024) Kat:3, Licht: 0,395,3,6,2,05,19,4,,0,0,1,0,1
"POINT (9.662574215000063 52.384936537000044)",Unfall 396 (2024) Kat:3, Licht: 0,396,3,6,2,05,13,4,,0,0,1,0,0
"POINT (9.799997532000077 52.407045825000068)",Unfall 397 (2024) Kat:3, Licht: 0,397,3,6,3,05,15,4,,0,0,1,0,0
"POINT (9.853849446000027 52.390430305000052)",Unfall 398 (2024) Kat:3, Licht: 0,398,3,2,2,05,07,4,,0,0,1,0,0
"POINT (9.828653073000055 52.360890049000034)",Unfall 399 (2024) Kat:3, Licht: 0,399,3,4,6,05,17,4,,0,1,0,1,0
"POINT (9.492434965000029 52.279588450000062)",Unfall 400 (2024) Kat:3, Licht: 0,400,3,1,4,05,18,4,,0,1,1,0,0
"POINT (9.683088458000043 52.443306765000045)",Unfall 401 (2024) Kat:3, Licht: 0,401,3,6,2,05,19,4,,0,0,1,0,0
"POINT (9.807572478000054 52.335976636000055)",Unfall 402 (2024) Kat:3, Licht: 0,402,3,6,2,05,10,4,,0,0,1,0,0
"POINT (9.572634580000056 52.422698702000048)",Unfall 403 (2024) Kat:3, Licht: 0,403,3,6,2,05,07,4,,0,0,1,0,0
"POINT (9.739866729000028 52.319802799000058)",Unfall 404 (2024) Kat:3, Licht: 0,404,3,3,5,05,09,3,,0,1,1,0,0
"POINT (9.966010390000065 52.315593695000075)",Unfall 405 (2024) Kat:3, Licht: 0,405,3,3,5,05,13,3,,0,1,1,0,0
"POINT (10.265333945000066 52.478705449000074)",Unfall 406 (2024) Kat:3, Licht: 0,406,3,2,5,05,18,3,,0,1,1,0,0
"POINT (9.668115378000039 52.343666570000039)",Unfall 407 (2024) Kat:2, Licht: 0,407,2,4,6,05,13,3,,0,0,1,1,0
"POINT (9.807516385000042 52.335989903000041)",Unfall 408 (2024) Kat:3, Licht: 0,408,3,6,2,05,11,3,,0,0,1,0,0
"POINT (9.734023330000070 52.387096557000064)",Unfall 409 (2024) Kat:3, Licht: 0,409,3,2,5,05,06,3,,0,1,1,0,0
"POINT (9.715124526000068 52.361497612000051)",Unfall 410 (2024) Kat:3, Licht: 0,410,3,6,2,05,09,2,,0,0,1,0,0
"POINT (9.726916851000055 52.375329574000034)",Unfall 411 (2024) Kat:3, Licht: 0,411,3,1,0,05,11,2,,0,0,0,0,1
"POINT (9.447176548000073 52.439909017000048)",Unfall 412 (2024) Kat:3, Licht: 0,412,3,6,2,05,17,2,,0,0,1,0,0
"POINT (9.434103439000069 52.421978987000045)",Unfall 413 (2024) Kat:3, Licht: 0,413,3,6,2,05,11,2,,0,0,1,0,0
"POINT (9.745772342000066 52.209304208000049)",Unfall 414 (2024) Kat:3, Licht: 0,414,3,3,5,05,15,2,,0,0,1,0,1
"POINT (9.850096185000041 52.305156607000072)",Unfall 415 (2024) Kat:2, Licht: 0,415,2,7,0,05,05,2,,0,0,1,0,1
"POINT (9.420908995000048 52.444375224000055)",Unfall 416 (2024) Kat:3, Licht: 2,416,3,5,1,05,02,1,,2,0,0,0,1
"POINT (10.020100452000065 52.454622486000062)",Unfall 417 (2024) Kat:3, Licht: 2,417,3,7,0,05,01,1,,2,1,0,0,0
"POINT (9.740585186000033 52.368282023000063)",Unfall 418 (2024) Kat:3, Licht: 2,418,3,7,0,05,22,7,,2,1,0,0,0
"POINT (9.444646970000065 52.474780347000035)",Unfall 419 (2024) Kat:3, Licht: 0,419,3,1,0,05,14,7,,0,1,0,0,0
"POINT (9.723285842000053 52.454229740000073)",Unfall 420 (2024) Kat:3, Licht: 1,420,3,1,0,05,20,7,,1,0,0,0,1
"POINT (9.812010083000075 52.409298090000050)",Unfall 421 (2024) Kat:3, Licht: 0,421,3,7,2,05,13,7,,0,0,1,0,0
"POINT (9.588402731000031 52.437898936000067)",Unfall 422 (2024) Kat:3, Licht: 0,422,3,6,2,05,10,6,,0,0,1,0,0
"POINT (9.678621067000051 52.434903216000066)",Unfall 423 (2024) Kat:3, Licht: 0,423,3,7,5,05,13,6,,0,0,1,0,0
"POINT (9.728126352000061 52.374052834000054)",Unfall 424 (2024) Kat:3, Licht: 0,424,3,3,5,05,16,6,,0,0,1,0,0
"POINT (9.707824186000039 52.423694999000077)",Unfall 425 (2024) Kat:3, Licht: 0,425,3,7,2,05,15,5,,0,1,0,0,0
"POINT (9.702539434000073 52.364461097000060)",Unfall 426 (2024) Kat:3, Licht: 0,426,3,7,0,05,18,5,,0,1,0,0,0
"POINT (9.685096556000076 52.374581513000066)",Unfall 427 (2024) Kat:3, Licht: 0,427,3,3,5,05,16,5,,0,0,1,0,1
"POINT (9.690551032000030 52.272811746000059)",Unfall 428 (2024) Kat:3, Licht: 0,428,3,6,2,05,08,5,,0,0,1,0,0
"POINT (9.667055666000067 52.339717719000078)",Unfall 429 (2024) Kat:3, Licht: 0,429,3,6,2,05,13,5,,0,0,1,0,0
"POINT (9.459931429000051 52.306973346000063)",Unfall 430 (2024) Kat:3, Licht: 0,430,3,3,5,05,09,5,,0,0,1,0,1
"POINT (9.872477759000049 52.310669562000044)",Unfall 431 (2024) Kat:2, Licht: 2,431,2,2,5,05,22,5,,2,0,1,0,1
"POINT (9.771676488000026 52.334818413000050)",Unfall 432 (2024) Kat:2, Licht: 0,432,2,3,5,05,14,5,,0,1,0,0,0
"POINT (9.789317960000062 52.354739218000077)",Unfall 433 (2024) Kat:3, Licht: 0,433,3,6,2,05,16,5,,0,0,1,0,0
"POINT (9.942149080000036 52.392324805000044)",Unfall 434 (2024) Kat:3, Licht: 0,434,3,6,3,05,13,5,,0,0,1,0,0
"POINT (9.781602199000076 52.428225339000051)",Unfall 435 (2024) Kat:3, Licht: 0,435,3,6,3,05,08,5,,0,0,1,0,0
"POINT (9.745439019000059 52.250684716000080)",Unfall 436 (2024) Kat:3, Licht: 0,436,3,7,8,05,17,5,,0,0,0,0,1
"POINT (9.665087043000028 52.357612607000078)",Unfall 437 (2024) Kat:3, Licht: 0,437,3,5,1,05,11,5,,0,1,1,0,0
"POINT (9.355400398000029 52.444899666000026)",Unfall 438 (2024) Kat:3, Licht: 0,438,3,6,4,05,16,4,,0,1,0,0,0
"POINT (9.788146737000034 52.205840264000074)",Unfall 439 (2024) Kat:3, Licht: 0,439,3,7,8,05,11,4,,0,0,1,0,0
"POINT (9.638563242000032 52.396706523000034)",Unfall 440 (2024) Kat:3, Licht: 0,440,3,2,5,05,12,4,,0,1,1,0,0
"POINT (9.609116461000042 52.602502988000026)",Unfall 441 (2024) Kat:3, Licht: 0,441,3,1,0,05,13,4,,0,0,0,0,1
"POINT (9.727397864000068 52.381254150000075)",Unfall 442 (2024) Kat:2, Licht: 1,442,2,4,6,05,04,4,,1,0,0,1,1
"POINT (9.729413984000075 52.489709679000043)",Unfall 443 (2024) Kat:3, Licht: 0,443,3,7,5,05,09,2,,0,0,1,0,0
"POINT (9.545481120000034 52.310639868000067)",Unfall 444 (2024) Kat:3, Licht: 2,444,3,1,8,05,01,5,,2,0,1,0,0
"POINT (9.736424473000056 52.612025964000054)",Unfall 445 (2024) Kat:3, Licht: 2,445,3,6,2,04,23,3,,2,0,1,0,0
"POINT (9.858533288000046 52.358513295000080)",Unfall 446 (2024) Kat:3, Licht: 0,446,3,4,6,04,13,3,,0,0,0,1,0
"POINT (9.775736834000043 52.269457460000069)",Unfall 447 (2024) Kat:3, Licht: 0,447,3,6,2,04,15,3,,0,0,1,0,1
"POINT (9.651939769000023 52.377107405000061)",Unfall 448 (2024) Kat:3, Licht: 0,448,3,3,5,04,12,3,,0,1,1,0,0
"POINT (9.604700752000042 52.335350360000064)",Unfall 449 (2024) Kat:3, Licht: 0,449,3,3,5,04,16,3,,0,1,0,0,0
"POINT (9.955759061000037 52.319010110000079)",Unfall 450 (2024) Kat:3, Licht: 0,450,3,7,0,04,13,3,,0,1,0,0,0
"POINT (9.973991128000023 52.372588205000056)",Unfall 451 (2024) Kat:3, Licht: 0,451,3,7,1,04,16,3,,0,1,1,0,0
"POINT (9.933483198000033 52.337257748000070)",Unfall 452 (2024) Kat:3, Licht: 0,452,3,2,2,04,11,3,,0,0,1,0,0
"POINT (10.251144467000074 52.425875865000080)",Unfall 453 (2024) Kat:3, Licht: 0,453,3,1,8,04,17,3,,0,0,0,0,1
"POINT (9.847347281000054 52.274107914000069)",Unfall 454 (2024) Kat:2, Licht: 0,454,2,4,6,04,14,3,,0,0,1,1,0
"POINT (9.502764271000046 52.405213473000060)",Unfall 455 (2024) Kat:3, Licht: 0,455,3,6,2,04,19,3,,0,0,1,0,0
"POINT (9.522191152000062 52.469146927000054)",Unfall 456 (2024) Kat:2, Licht: 2,456,2,7,8,04,01,3,,2,0,1,0,0
"POINT (9.715145850000056 52.398221284000044)",Unfall 457 (2024) Kat:3, Licht: 0,457,3,6,2,04,15,2,,0,0,1,0,0
"POINT (9.995816342000069 52.455208673000072)",Unfall 458 (2024) Kat:3, Licht: 0,458,3,3,5,04,08,2,,0,0,1,0,0
"POINT (9.816931793000037 52.519726281000032)",Unfall 459 (2024) Kat:3, Licht: 0,459,3,7,8,04,06,2,,0,0,0,0,0
"POINT (9.789518830000077 52.233727396000063)",Unfall 460 (2024) Kat:2, Licht: 0,460,2,5,1,04,10,1,,0,1,0,0,0
"POINT (9.789518830000077 52.233727396000063)",Unfall 461 (2024) Kat:2, Licht: 0,461,2,5,1,04,10,1,,0,1,0,0,0
"POINT (9.732447314000069 52.545540088000052)",Unfall 462 (2024) Kat:3, Licht: 0,462,3,6,0,05,11,6,,0,1,0,1,0
"POINT (9.722024983000040 52.359529105000036)",Unfall 463 (2024) Kat:3, Licht: 0,463,3,6,2,04,19,7,,0,0,1,0,0
"POINT (9.697645699000077 52.377142473000049)",Unfall 464 (2024) Kat:3, Licht: 0,464,3,6,2,04,15,7,,0,0,1,0,0
"POINT (9.579377715000021 52.365260678000027)",Unfall 465 (2024) Kat:2, Licht: 0,465,2,1,8,04,15,7,,0,0,0,0,1
"POINT (9.737793562000036 52.610347318000038)",Unfall 466 (2024) Kat:3, Licht: 0,466,3,6,2,05,12,7,,0,0,1,0,0
"POINT (9.648527704000060 52.414306895000038)",Unfall 467 (2024) Kat:3, Licht: 0,467,3,6,2,04,14,6,,0,0,1,0,0
"POINT (9.818477624000025 52.409030745000052)",Unfall 468 (2024) Kat:3, Licht: 0,468,3,6,2,04,07,6,,0,0,1,0,0
"POINT (9.764845292000075 52.342722896000055)",Unfall 469 (2024) Kat:3, Licht: 0,469,3,2,5,04,18,6,,0,0,1,0,0
"POINT (9.357234444000028 52.453342359000033)",Unfall 470 (2024) Kat:3, Licht: 0,470,3,2,5,04,11,6,,0,1,1,0,0
"POINT (9.724903713000060 52.439792089000036)",Unfall 471 (2024) Kat:3, Licht: 0,471,3,6,0,04,13,6,,0,0,1,0,0
"POINT (9.631735397000057 52.496827385000074)",Unfall 472 (2024) Kat:2, Licht: 0,472,2,5,1,04,15,6,,0,0,1,0,0
"POINT (9.614094498000043 52.421657380000056)",Unfall 473 (2024) Kat:3, Licht: 0,473,3,6,3,04,09,6,,0,0,1,0,0
"POINT (9.831950091000067 52.418169412000054)",Unfall 474 (2024) Kat:3, Licht: 0,474,3,6,2,04,12,6,,0,0,1,0,0
"POINT (9.611132672000053 52.392057139000030)",Unfall 475 (2024) Kat:3, Licht: 0,475,3,6,6,04,12,6,,0,0,1,1,0
"POINT (9.640098756000043 52.396830678000072)",Unfall 476 (2024) Kat:2, Licht: 0,476,2,3,5,05,09,5,,0,0,1,0,1
"POINT (9.718157188000021 52.367229550000047)",Unfall 477 (2024) Kat:3, Licht: 2,477,3,2,5,04,20,5,,2,0,1,0,1
"POINT (9.603737524000053 52.408804517000078)",Unfall 478 (2024) Kat:3, Licht: 0,478,3,3,5,04,10,5,,0,0,1,0,0
"POINT (9.872481503000074 52.310670160000029)",Unfall 479 (2024) Kat:3, Licht: 0,479,3,2,4,04,18,5,,0,0,1,0,0
"POINT (9.860514897000030 52.517413372000078)",Unfall 480 (2024) Kat:3, Licht: 0,480,3,3,5,04,18,5,,0,0,1,0,0
"POINT (9.956495462000021 52.390528174000053)",Unfall 481 (2024) Kat:3, Licht: 0,481,3,6,3,04,17,5,,0,0,1,0,0
"POINT (10.020746558000042 52.382266642000047)",Unfall 482 (2024) Kat:3, Licht: 0,482,3,6,2,04,15,5,,0,0,1,0,0
"POINT (9.719773033000024 52.472956786000054)",Unfall 483 (2024) Kat:3, Licht: 0,483,3,1,0,04,17,5,,0,0,0,0,1
"POINT (9.474100122000038 52.333890017000044)",Unfall 484 (2024) Kat:2, Licht: 0,484,2,1,0,04,15,5,,0,0,1,0,0
"POINT (9.552318589000038 52.421763636000037)",Unfall 485 (2024) Kat:3, Licht: 0,485,3,1,9,05,20,4,,0,0,1,0,0
"POINT (9.756016436000039 52.352678696000055)",Unfall 486 (2024) Kat:3, Licht: 2,486,3,2,0,04,00,4,,2,0,0,0,1
"POINT (9.859674281000025 52.489032160000079)",Unfall 487 (2024) Kat:3, Licht: 0,487,3,7,0,04,14,4,,0,1,0,0,0
"POINT (9.811984341000027 52.331784299000049)",Unfall 488 (2024) Kat:3, Licht: 0,488,3,6,2,04,09,4,,0,0,1,0,0
"POINT (9.783506216000035 52.323274550000065)",Unfall 489 (2024) Kat:3, Licht: 0,489,3,7,0,04,18,4,,0,0,1,0,0
"POINT (9.698019420000037 52.376997919000075)",Unfall 490 (2024) Kat:3, Licht: 0,490,3,6,2,05,09,2,,0,0,1,0,0
"POINT (9.778235203000065 52.327875741000071)",Unfall 491 (2024) Kat:3, Licht: 0,491,3,2,3,05,08,3,,0,1,1,0,0
"POINT (9.646905304000029 52.397286125000051)",Unfall 492 (2024) Kat:3, Licht: 0,492,3,2,5,05,17,2,,0,0,1,0,0
"POINT (9.608467936000068 52.392544818000033)",Unfall 493 (2024) Kat:3, Licht: 0,493,3,1,0,04,14,3,,0,1,0,0,0
"POINT (9.606498468000041 52.432949521000069)",Unfall 494 (2024) Kat:3, Licht: 2,494,3,1,9,04,21,3,,2,0,1,0,0
"POINT (9.782056270000055 52.554569582000056)",Unfall 495 (2024) Kat:3, Licht: 2,495,3,2,4,04,22,3,,2,0,1,0,0
"POINT (9.676534504000074 52.479046338000046)",Unfall 496 (2024) Kat:3, Licht: 0,496,3,1,9,04,10,3,,0,0,1,0,0
"POINT (9.797938070000043 52.413210337000066)",Unfall 497 (2024) Kat:3, Licht: 0,497,3,6,2,04,16,3,,0,0,1,0,0
"POINT (9.586438829000031 52.211412068000072)",Unfall 498 (2024) Kat:3, Licht: 0,498,3,1,8,04,15,3,,0,0,1,0,0
"POINT (9.745806714000025 52.209180589000027)",Unfall 499 (2024) Kat:3, Licht: 0,499,3,6,2,04,14,2,,0,0,1,0,0
"POINT (9.551908987000047 52.318709995000063)",Unfall 500 (2024) Kat:3, Licht: 0,500,3,1,4,04,15,2,,0,0,1,0,0
"POINT (9.615912705000028 52.256663735000075)",Unfall 501 (2024) Kat:3, Licht: 0,501,3,6,2,04,08,2,,0,0,1,0,0
"POINT (9.467333040000028 52.332878231000052)",Unfall 502 (2024) Kat:3, Licht: 0,502,3,2,5,04,16,2,,0,0,1,0,0
"POINT (9.740707254000029 52.427535568000053)",Unfall 503 (2024) Kat:3, Licht: 0,503,3,6,2,04,12,2,,0,0,1,0,0
"POINT (9.749089852000054 52.361960628000077)",Unfall 504 (2024) Kat:3, Licht: 0,504,3,2,4,04,17,1,,0,0,1,0,0
"POINT (9.900887271000045 52.358489342000041)",Unfall 505 (2024) Kat:3, Licht: 2,505,3,7,8,04,00,1,,2,0,1,0,0
"POINT (10.028887351000037 52.346208304000072)",Unfall 506 (2024) Kat:1, Licht: 2,506,1,1,8,04,00,1,,2,0,1,0,0
"POINT (9.572918522000066 52.424957990000053)",Unfall 507 (2024) Kat:3, Licht: 0,507,3,6,2,05,16,2,,0,0,1,0,0
"POINT (9.704195083000059 52.417068127000050)",Unfall 508 (2024) Kat:3, Licht: 0,508,3,3,5,04,15,7,,0,1,1,0,0
"POINT (9.810602124000070 52.318395321000082)",Unfall 509 (2024) Kat:3, Licht: 0,509,3,3,5,04,16,7,,0,0,1,0,0
"POINT (9.690623200000061 52.272944795000058)",Unfall 510 (2024) Kat:3, Licht: 0,510,3,1,9,04,11,7,,0,0,0,0,1
"POINT (10.141917600000056 52.378773255000056)",Unfall 511 (2024) Kat:3, Licht: 0,511,3,6,3,04,17,7,,0,0,1,0,0
"POINT (9.786891065000077 52.319110675000047)",Unfall 512 (2024) Kat:3, Licht: 0,512,3,6,2,04,12,7,,0,0,1,0,0
"POINT (9.928468457000065 52.346870655000032)",Unfall 513 (2024) Kat:3, Licht: 0,513,3,3,5,05,15,6,,0,0,1,0,0
"POINT (9.698365124000077 52.347513291000041)",Unfall 514 (2024) Kat:3, Licht: 0,514,3,6,2,04,13,6,,0,0,1,0,0
"POINT (9.662055035000037 52.239478459000054)",Unfall 515 (2024) Kat:3, Licht: 0,515,3,6,2,04,12,6,,0,0,1,0,0
"POINT (9.585701424000035 52.435515135000060)",Unfall 516 (2024) Kat:3, Licht: 0,516,3,2,2,04,13,6,,0,0,1,0,0
"POINT (9.355893296000033 52.451437505000058)",Unfall 517 (2024) Kat:3, Licht: 0,517,3,6,2,05,17,4,,0,0,1,0,0
"POINT (9.714511525000034 52.461133560000064)",Unfall 518 (2024) Kat:3, Licht: 1,518,3,2,3,04,06,6,,1,0,1,0,0
"POINT (9.898755313000038 52.444502066000041)",Unfall 519 (2024) Kat:3, Licht: 0,519,3,6,2,04,12,6,,0,0,1,0,0
"POINT (9.903786967000030 52.444849805000047)",Unfall 520 (2024) Kat:3, Licht: 0,520,3,1,0,04,13,6,,0,0,0,0,1
"POINT (9.786880834000044 52.528713359000051)",Unfall 521 (2024) Kat:3, Licht: 2,521,3,6,2,04,05,6,,2,0,1,0,0
"POINT (9.712585872000034 52.401985417000049)",Unfall 522 (2024) Kat:3, Licht: 0,522,3,6,6,04,07,6,,0,0,0,1,0
"POINT (9.827439513000058 52.283671189000074)",Unfall 523 (2024) Kat:3, Licht: 0,523,3,7,0,04,13,5,,0,0,1,0,0
"POINT (9.730232661000059 52.368965034000041)",Unfall 524 (2024) Kat:3, Licht: 2,524,3,3,0,04,22,5,,2,1,1,0,0
"POINT (9.628438781000057 52.292438474000051)",Unfall 525 (2024) Kat:3, Licht: 0,525,3,3,5,04,16,5,,0,0,1,0,1
"POINT (9.611654512000030 52.436403293000069)",Unfall 526 (2024) Kat:3, Licht: 0,526,3,3,4,04,15,5,,0,0,1,0,0
"POINT (9.857505371000059 52.316941289000056)",Unfall 527 (2024) Kat:2, Licht: 0,527,2,1,9,04,07,5,,0,0,1,0,0
"POINT (9.629794964000041 52.421537519000026)",Unfall 528 (2024) Kat:3, Licht: 0,528,3,7,9,04,18,5,,0,0,0,0,0
"POINT (9.538122406000070 52.461908484000048)",Unfall 529 (2024) Kat:3, Licht: 2,529,3,7,7,05,21,1,,2,0,1,0,0
"POINT (10.076318116000039 52.477851524000073)",Unfall 530 (2024) Kat:3, Licht: 0,530,3,6,3,04,08,5,,0,1,1,0,0
"POINT (9.421847649000028 52.331443204000038)",Unfall 531 (2024) Kat:3, Licht: 0,531,3,2,2,04,13,4,,0,0,1,0,0
"POINT (9.765547381000033 52.430280989000039)",Unfall 532 (2024) Kat:3, Licht: 0,532,3,3,5,04,14,4,,0,1,1,0,0
"POINT (9.375745563000066 52.419466815000078)",Unfall 533 (2024) Kat:2, Licht: 0,533,2,7,1,04,16,4,,0,1,1,0,0
"POINT (9.744203585000037 52.547457603000055)",Unfall 534 (2024) Kat:2, Licht: 0,534,2,3,5,04,16,5,,0,1,1,0,0
"POINT (9.637879614000042 52.416388458000029)",Unfall 535 (2024) Kat:3, Licht: 0,535,3,6,2,04,08,3,,0,0,1,0,0
"POINT (9.766716901000052 52.340447042000051)",Unfall 536 (2024) Kat:3, Licht: 0,536,3,6,2,04,08,3,,0,0,1,0,0
"POINT (9.952674556000034 52.325256116000048)",Unfall 537 (2024) Kat:3, Licht: 0,537,3,6,2,04,11,3,,0,0,1,0,0
"POINT (9.945087165000075 52.333531708000066)",Unfall 538 (2024) Kat:3, Licht: 0,538,3,4,6,04,11,3,,0,0,1,1,0
"POINT (9.537904806000029 52.423310366000067)",Unfall 539 (2024) Kat:2, Licht: 1,539,2,1,8,04,19,3,,1,0,1,0,0
"POINT (9.708449217000066 52.420822550000082)",Unfall 540 (2024) Kat:3, Licht: 0,540,3,2,0,04,13,3,,0,1,1,0,0
"POINT (9.734052513000051 52.412457241000027)",Unfall 541 (2024) Kat:3, Licht: 2,541,3,2,5,04,05,3,,2,0,1,0,0
"POINT (9.464520832000062 52.403150452000034)",Unfall 542 (2024) Kat:3, Licht: 2,542,3,1,8,04,20,2,,2,0,1,0,0
"POINT (9.590114951000032 52.211556882000082)",Unfall 543 (2024) Kat:3, Licht: 0,543,3,3,5,04,18,2,,0,0,1,0,0
"POINT (9.623902692000058 52.421082771000044)",Unfall 544 (2024) Kat:3, Licht: 0,544,3,6,2,04,13,2,,0,0,1,0,0
"POINT (9.735837107000066 52.399511187000030)",Unfall 545 (2024) Kat:3, Licht: 0,545,3,6,2,04,13,6,,0,0,1,0,0
"POINT (9.394863041000065 52.603266726000072)",Unfall 546 (2024) Kat:3, Licht: 0,546,3,3,5,05,18,3,,0,0,1,0,0
"POINT (9.781708626000068 52.263848182000061)",Unfall 547 (2024) Kat:3, Licht: 2,547,3,6,2,04,03,1,,2,0,1,0,0
"POINT (9.761369509000076 52.521309347000056)",Unfall 548 (2024) Kat:2, Licht: 0,548,2,3,5,04,12,1,,0,1,0,0,0
"POINT (9.606850526000073 52.392948229000069)",Unfall 549 (2024) Kat:3, Licht: 0,549,3,6,2,04,15,2,,0,0,1,0,0
"POINT (9.735305263000043 52.394775732000028)",Unfall 550 (2024) Kat:3, Licht: 0,550,3,2,5,04,21,7,,0,1,1,0,0
"POINT (9.832777196000052 52.338420880000058)",Unfall 551 (2024) Kat:3, Licht: 0,551,3,3,5,04,14,7,,0,1,1,0,0
"POINT (9.667995757000028 52.342336214000056)",Unfall 552 (2024) Kat:3, Licht: 0,552,3,3,5,04,18,7,,0,1,1,0,0
"POINT (9.957008579000046 52.463583227000072)",Unfall 553 (2024) Kat:3, Licht: 0,553,3,1,8,04,15,7,,0,0,1,0,0
"POINT (9.634109066000065 52.305615413000055)",Unfall 554 (2024) Kat:2, Licht: 0,554,2,3,5,04,14,7,,0,0,1,0,1
"POINT (9.758463218000031 52.320874808000042)",Unfall 555 (2024) Kat:3, Licht: 1,555,3,3,5,04,20,7,,1,1,0,0,0
"POINT (9.860080889000074 52.433973993000052)",Unfall 556 (2024) Kat:3, Licht: 0,556,3,3,5,04,06,6,,0,1,1,0,0
"POINT (9.675370193000049 52.312265982000042)",Unfall 557 (2024) Kat:3, Licht: 0,557,3,1,8,05,20,1,,0,1,0,0,0
"POINT (9.741127570000060 52.368101721000073)",Unfall 558 (2024) Kat:3, Licht: 2,558,3,6,0,04,21,6,,2,0,1,0,0
"POINT (9.432825398000034 52.330885851000062)",Unfall 559 (2024) Kat:2, Licht: 0,559,2,6,4,04,13,6,,0,0,1,0,0
"POINT (9.723418326000058 52.377726249000034)",Unfall 560 (2024) Kat:3, Licht: 0,560,3,2,5,04,12,6,,0,1,1,0,0
"POINT (9.757861315000071 52.370258553000042)",Unfall 561 (2024) Kat:3, Licht: 2,561,3,7,0,04,00,5,,2,1,0,0,0
"POINT (9.726989644000071 52.366537387000051)",Unfall 562 (2024) Kat:3, Licht: 0,562,3,3,5,04,13,5,,0,1,1,0,0
"POINT (9.698009228000046 52.376565904000074)",Unfall 563 (2024) Kat:3, Licht: 0,563,3,6,2,04,07,5,,0,0,1,0,0
"POINT (9.707006430000035 52.430036954000059)",Unfall 564 (2024) Kat:3, Licht: 0,564,3,6,2,04,15,5,,0,0,1,0,0
"POINT (9.648106584000061 52.412895356000035)",Unfall 565 (2024) Kat:3, Licht: 0,565,3,6,9,04,17,4,,0,0,1,0,1
"POINT (9.990491480000060 52.368591865000042)",Unfall 566 (2024) Kat:3, Licht: 0,566,3,2,4,04,08,4,,0,0,1,0,0
"POINT (9.713965323000025 52.440992293000079)",Unfall 567 (2024) Kat:3, Licht: 0,567,3,7,0,04,14,4,,0,0,0,0,0
"POINT (9.677980309000077 52.360435821000067)",Unfall 568 (2024) Kat:3, Licht: 0,568,3,3,5,04,09,4,,0,1,1,0,0
"POINT (9.831784222000067 52.361192906000042)",Unfall 569 (2024) Kat:3, Licht: 0,569,3,7,0,04,12,3,,0,0,0,0,0
"POINT (9.450015916000041 52.427022299000043)",Unfall 570 (2024) Kat:3, Licht: 0,570,3,6,4,04,15,3,,0,1,0,0,0
"POINT (9.593946904000063 52.395581391000064)",Unfall 571 (2024) Kat:3, Licht: 0,571,3,7,0,04,14,3,,0,1,0,0,0
"POINT (9.729209189000073 52.318707812000071)",Unfall 572 (2024) Kat:3, Licht: 0,572,3,6,2,04,15,3,,0,0,1,0,0
"POINT (9.732571828000061 52.423578976000044)",Unfall 573 (2024) Kat:3, Licht: 0,573,3,4,6,04,15,3,,0,0,1,1,0
"POINT (9.514640027000041 52.411983336000048)",Unfall 574 (2024) Kat:3, Licht: 2,574,3,1,8,04,04,3,,2,0,1,0,0