WKT,Name,OBJECTID,UKATEGORIE,UTYP1,UART,UMONAT,USTUNDE,UWOCHENTAG,STRZUSTAND,ULICHTVERH,ISTRAD,ISTPKW,ISTFUSS,ISTKRAD
"POINT (9.713148951000051 52.346506629000032)",Unfall 575 (2024) Kat:3, Licht: 2,575,3,6,3,04,01,2,,2,1,1,0,0
"POINT (9.678493112000069 52.381058147000033)",Unfall 576 (2024) Kat:3, Licht: 1,576,3,6,3,04,20,2,,1,1,1,0,0
"POINT (9.827509564000025 52.360060435000037)",Unfall 577 (2024) Kat:3, Licht: 0,577,3,6,4,04,09,2,,0,1,1,0,0
"POINT (9.773881087000063 52.331892689000028)",Unfall 578 (2024) Kat:3, Licht: 0,578,3,7,0,04,13,2,,0,1,0,0,0
"POINT (9.645143770000061 52.397234506000075)",Unfall 579 (2024) Kat:3, Licht: 0,579,3,3,5,04,07,2,,0,1,1,0,0
"POINT (9.626760408000052 52.294929124000078)",Unfall 580 (2024) Kat:3, Licht: 0,580,3,3,5,04,06,2,,0,0,1,0,0
"POINT (9.729254639000033 52.438692754000044)",Unfall 581 (2024) Kat:3, Licht: 0,581,3,3,5,04,17,2,,0,1,0,0,1
"POINT (9.754654345000063 52.436463644000071)",Unfall 582 (2024) Kat:2, Licht: 2,582,2,3,5,04,05,2,,2,1,1,0,0
"POINT (9.488676369000075 52.291243316000077)",Unfall 583 (2024) Kat:3, Licht: 0,583,3,6,2,04,10,4,,0,0,1,0,0
"POINT (9.444556578000061 52.474687439000036)",Unfall 584 (2024) Kat:3, Licht: 0,584,3,2,2,04,14,1,,0,0,1,0,1
"POINT (9.745758385000045 52.209367235000059)",Unfall 585 (2024) Kat:2, Licht: 0,585,2,3,5,04,12,1,,0,0,1,0,0
"POINT (9.455914145000065 52.448510666000061)",Unfall 586 (2024) Kat:2, Licht: 0,586,2,1,8,04,10,1,,0,0,0,0,1
"POINT (9.724057135000066 52.363733491000062)",Unfall 587 (2024) Kat:3, Licht: 0,587,3,3,5,05,18,3,,0,0,1,0,0
"POINT (9.723004297000045 52.358105360000081)",Unfall 588 (2024) Kat:3, Licht: 0,588,3,6,2,04,14,7,,0,0,1,0,0
"POINT (9.762818979000031 52.344438585000034)",Unfall 589 (2024) Kat:3, Licht: 0,589,3,3,5,04,15,7,,0,1,1,0,0
"POINT (9.421371531000034 52.429344236000077)",Unfall 590 (2024) Kat:3, Licht: 0,590,3,2,5,04,11,7,,0,1,1,0,0
"POINT (9.574324594000075 52.282018100000073)",Unfall 591 (2024) Kat:3, Licht: 0,591,3,2,5,04,13,7,,0,1,1,0,0
"POINT (9.669322206000061 52.346561996000048)",Unfall 592 (2024) Kat:3, Licht: 0,592,3,3,5,04,14,7,,0,1,1,0,0
"POINT (9.856340242000044 52.492026268000075)",Unfall 593 (2024) Kat:3, Licht: 0,593,3,3,5,04,10,7,,0,1,1,0,0
"POINT (9.648771630000056 52.412397953000038)",Unfall 594 (2024) Kat:3, Licht: 2,594,3,6,2,04,22,7,,2,0,1,0,0
"POINT (9.513631523000072 52.412064747000045)",Unfall 595 (2024) Kat:3, Licht: 1,595,3,6,2,04,06,4,,1,0,1,0,0
"POINT (9.735679736000066 52.612950149000028)",Unfall 596 (2024) Kat:3, Licht: 0,596,3,6,2,04,09,6,,0,0,1,0,0
"POINT (9.735873986000058 52.401500319000036)",Unfall 597 (2024) Kat:3, Licht: 1,597,3,6,2,04,19,6,,1,0,1,0,0
"POINT (9.799533527000051 52.447412179000082)",Unfall 598 (2024) Kat:3, Licht: 0,598,3,1,8,04,18,6,,0,0,1,0,0
"POINT (9.430032485000027 52.425951016000056)",Unfall 599 (2024) Kat:3, Licht: 0,599,3,6,2,04,13,6,,0,0,1,0,0
"POINT (9.415522451000072 52.428586452000047)",Unfall 600 (2024) Kat:3, Licht: 0,600,3,2,5,04,07,6,,0,1,1,0,0
"POINT (9.433855002000030 52.422091567000052)",Unfall 601 (2024) Kat:3, Licht: 1,601,3,6,2,04,06,6,,1,0,1,0,1
"POINT (9.400752134000072 52.428188384000066)",Unfall 602 (2024) Kat:3, Licht: 2,602,3,7,9,04,02,6,,2,0,1,0,0
"POINT (9.607034525000074 52.392904310000063)",Unfall 603 (2024) Kat:3, Licht: 0,603,3,6,2,04,18,6,,0,0,1,0,0
"POINT (9.700785825000025 52.442175114000065)",Unfall 604 (2024) Kat:3, Licht: 0,604,3,6,2,04,10,6,,0,0,1,0,0
"POINT (10.013043032000041 52.445720375000064)",Unfall 605 (2024) Kat:3, Licht: 0,605,3,3,5,04,11,6,,0,1,1,0,0
"POINT (9.632245379000040 52.572834100000080)",Unfall 606 (2024) Kat:2, Licht: 1,606,2,7,7,04,20,6,,1,0,0,0,1
"POINT (9.613497449000022 52.258267062000073)",Unfall 607 (2024) Kat:2, Licht: 0,607,2,7,0,04,15,6,,0,1,0,0,0
"POINT (9.730808894000063 52.370825419000028)",Unfall 608 (2024) Kat:3, Licht: 0,608,3,6,2,04,09,6,,0,0,1,0,0
"POINT (9.731866930000024 52.369087663000073)",Unfall 609 (2024) Kat:3, Licht: 0,609,3,3,5,04,07,5,,0,1,1,0,0
"POINT (9.640026490000025 52.396824824000078)",Unfall 610 (2024) Kat:3, Licht: 0,610,3,5,1,04,12,5,,0,0,1,0,0
"POINT (9.565508680000050 52.599729186000047)",Unfall 611 (2024) Kat:3, Licht: 0,611,3,6,2,04,11,5,,0,0,1,0,0
"POINT (9.511762964000070 52.575418888000058)",Unfall 612 (2024) Kat:3, Licht: 0,612,3,1,8,04,08,5,,0,0,1,0,0
"POINT (9.472180568000056 52.300208374000078)",Unfall 613 (2024) Kat:3, Licht: 0,613,3,7,5,04,15,5,,0,0,1,0,0
"POINT (9.895544347000055 52.397053414000027)",Unfall 614 (2024) Kat:3, Licht: 2,614,3,1,9,04,23,5,,2,0,1,0,0
"POINT (9.781277160000059 52.364148914000054)",Unfall 615 (2024) Kat:3, Licht: 0,615,3,6,3,04,08,5,,0,0,1,0,0
"POINT (9.976290071000051 52.316111592000027)",Unfall 616 (2024) Kat:3, Licht: 0,616,3,4,6,04,16,2,,0,0,1,1,0
"POINT (9.833260366000047 52.398631447000071)",Unfall 617 (2024) Kat:3, Licht: 0,617,3,6,2,04,08,4,,0,0,1,0,0
"POINT (9.456547602000057 52.496585038000035)",Unfall 618 (2024) Kat:3, Licht: 0,618,3,2,2,04,16,4,,0,0,1,0,0
"POINT (9.970983676000060 52.372961253000028)",Unfall 619 (2024) Kat:3, Licht: 0,619,3,6,4,04,07,4,,0,1,0,0,0
"POINT (9.873801384000046 52.349873762000072)",Unfall 620 (2024) Kat:3, Licht: 0,620,3,6,3,04,13,4,,0,0,1,0,0
"POINT (9.736442376000070 52.427231672000062)",Unfall 621 (2024) Kat:3, Licht: 2,621,3,1,3,04,22,4,,2,0,1,0,0
"POINT (9.817099105000068 52.428266018000045)",Unfall 622 (2024) Kat:3, Licht: 0,622,3,6,2,04,14,4,,0,0,1,0,0
"POINT (9.725474842000040 52.376781282000081)",Unfall 623 (2024) Kat:3, Licht: 0,623,3,6,2,04,10,3,,0,0,1,0,0
"POINT (9.444970747000070 52.441258128000072)",Unfall 624 (2024) Kat:3, Licht: 0,624,3,6,2,04,17,3,,0,0,1,0,0
"POINT (9.971416060000024 52.372907625000039)",Unfall 625 (2024) Kat:3, Licht: 0,625,3,6,2,04,09,3,,0,0,1,0,0
"POINT (9.459559513000045 52.426308482000081)",Unfall 626 (2024) Kat:2, Licht: 2,626,2,1,8,04,06,3,,2,0,1,0,0
"POINT (9.677928886000075 52.359886157000062)",Unfall 627 (2024) Kat:3, Licht: 0,627,3,7,8,04,09,3,,0,0,0,0,0
"POINT (9.764833099000043 52.342737428000078)",Unfall 628 (2024) Kat:3, Licht: 2,628,3,3,5,04,20,2,,2,0,1,0,0
"POINT (9.734220232000041 52.468788606000032)",Unfall 629 (2024) Kat:3, Licht: 0,629,3,3,5,04,12,2,,0,0,1,0,0
"POINT (9.774258763000034 52.577482026000041)",Unfall 630 (2024) Kat:3, Licht: 2,630,3,6,2,04,19,2,,2,0,1,0,1
"POINT (9.697318314000029 52.341635076000046)",Unfall 631 (2024) Kat:2, Licht: 2,631,2,3,5,04,22,5,,2,0,1,0,1
"POINT (9.627034823000031 52.423277375000055)",Unfall 632 (2024) Kat:3, Licht: 0,632,3,7,5,03,11,1,,0,0,1,0,0
"POINT (9.782097989000022 52.325278542000035)",Unfall 633 (2024) Kat:3, Licht: 2,633,3,2,5,03,00,1,,2,0,1,0,0
"POINT (9.675602247000029 52.191907760000049)",Unfall 634 (2024) Kat:2, Licht: 0,634,2,1,8,03,16,1,,0,0,0,0,1
"POINT (9.565671103000057 52.448662209000076)",Unfall 635 (2024) Kat:3, Licht: 0,635,3,6,0,03,16,1,,0,0,1,0,1
"POINT (9.734976974000062 52.408544681000080)",Unfall 636 (2024) Kat:3, Licht: 2,636,3,1,7,04,22,5,,2,1,0,0,0
"POINT (9.734969675000059 52.614187825000045)",Unfall 637 (2024) Kat:3, Licht: 2,637,3,6,2,03,03,7,,2,0,1,0,0
"POINT (9.593965781000065 52.411406454000030)",Unfall 638 (2024) Kat:2, Licht: 0,638,2,7,0,05,15,7,,0,0,0,0,0
"POINT (9.459712631000059 52.426232172000027)",Unfall 639 (2024) Kat:3, Licht: 2,639,3,1,8,03,23,7,,2,0,0,0,0
"POINT (9.604319021000038 52.455500490000077)",Unfall 640 (2024) Kat:3, Licht: 0,640,3,7,0,03,13,7,,0,1,0,0,0
"POINT (9.764839357000028 52.342729969000061)",Unfall 641 (2024) Kat:3, Licht: 0,641,3,2,5,05,13,4,,0,1,1,0,0
"POINT (9.761995367000054 52.370519413000068)",Unfall 642 (2024) Kat:3, Licht: 0,642,3,7,0,03,16,6,,0,1,0,0,0
"POINT (9.944926548000069 52.391825024000070)",Unfall 643 (2024) Kat:3, Licht: 0,643,3,6,2,03,13,6,,0,0,1,0,0
"POINT (9.476478235000059 52.388392264000061)",Unfall 644 (2024) Kat:3, Licht: 0,644,3,6,2,03,11,6,,0,0,1,0,0
"POINT (9.771109584000044 52.370853951000072)",Unfall 645 (2024) Kat:3, Licht: 0,645,3,6,2,04,08,6,,0,0,1,0,0
"POINT (9.640054795000026 52.396827111000050)",Unfall 646 (2024) Kat:3, Licht: 0,646,3,7,5,04,14,5,,0,0,1,0,0
"POINT (9.727151176000064 52.381159628000034)",Unfall 647 (2024) Kat:3, Licht: 0,647,3,6,2,03,16,5,,0,0,1,0,0
"POINT (9.573584614000026 52.272701846000075)",Unfall 648 (2024) Kat:3, Licht: 0,648,3,6,2,03,15,5,,0,0,1,0,0
"POINT (9.611632557000064 52.436167412000032)",Unfall 649 (2024) Kat:3, Licht: 0,649,3,7,0,03,11,5,,0,1,0,0,0
"POINT (9.860436956000058 52.517476615000078)",Unfall 650 (2024) Kat:3, Licht: 0,650,3,3,5,03,13,5,,0,0,1,0,0
"POINT (9.821300620000045 52.339162175000070)",Unfall 651 (2024) Kat:2, Licht: 0,651,2,3,5,03,11,5,,0,1,1,0,0
"POINT (9.796091299000068 52.548458166000046)",Unfall 652 (2024) Kat:3, Licht: 0,652,3,6,2,03,17,5,,0,0,1,0,0
"POINT (9.819817964000038 52.295313417000045)",Unfall 653 (2024) Kat:3, Licht: 2,653,3,6,4,03,22,5,,2,0,1,0,0
"POINT (9.735322701000030 52.393528161000063)",Unfall 654 (2024) Kat:3, Licht: 0,654,3,4,0,03,13,5,,0,1,0,1,0
"POINT (9.739499039000066 52.368197070000065)",Unfall 655 (2024) Kat:3, Licht: 2,655,3,6,2,03,20,4,,2,0,1,0,0
"POINT (9.722041761000071 52.378563337000060)",Unfall 656 (2024) Kat:3, Licht: 0,656,3,7,2,03,12,4,,0,0,1,0,1
"POINT (9.415987122000047 52.428717014000028)",Unfall 657 (2024) Kat:3, Licht: 0,657,3,6,4,03,16,4,,0,1,0,0,0
"POINT (9.611254837000047 52.392048893000037)",Unfall 658 (2024) Kat:3, Licht: 0,658,3,3,5,03,11,4,,0,1,1,0,0
"POINT (9.464618198000039 52.512729546000060)",Unfall 659 (2024) Kat:2, Licht: 0,659,2,6,4,03,15,4,,0,0,1,0,0
"POINT (10.113553480000064 52.333026028000063)",Unfall 660 (2024) Kat:3, Licht: 0,660,3,2,3,03,07,4,,0,0,1,0,0
"POINT (10.182290304000048 52.424159489000033)",Unfall 661 (2024) Kat:3, Licht: 2,661,3,1,8,03,20,4,,2,0,1,0,0
"POINT (9.466126684000074 52.304015631000027)",Unfall 662 (2024) Kat:3, Licht: 0,662,3,2,6,05,16,4,,0,0,1,1,0
"POINT (9.977097365000077 52.373721325000076)",Unfall 663 (2024) Kat:3, Licht: 0,663,3,7,0,05,11,7,,0,1,0,0,0
"POINT (9.733197792000055 52.421783625000046)",Unfall 664 (2024) Kat:3, Licht: 0,664,3,6,2,03,16,3,,0,0,1,0,0
"POINT (9.406377191000047 52.411332469000058)",Unfall 665 (2024) Kat:3, Licht: 0,665,3,1,4,03,15,3,,0,0,1,0,0
"POINT (9.656611635000047 52.318695986000080)",Unfall 666 (2024) Kat:3, Licht: 0,666,3,3,5,03,17,3,,0,0,1,0,0
"POINT (9.494381480000072 52.277783265000039)",Unfall 667 (2024) Kat:3, Licht: 2,667,3,1,9,03,19,3,,2,0,0,0,1
"POINT (9.685613265000029 52.441010164000033)",Unfall 668 (2024) Kat:3, Licht: 0,668,3,6,2,03,16,3,,0,0,1,0,0
"POINT (9.718463155000052 52.393853703000048)",Unfall 669 (2024) Kat:3, Licht: 0,669,3,1,0,03,17,3,,0,1,0,0,0
"POINT (9.722505834000060 52.358445452000069)",Unfall 670 (2024) Kat:3, Licht: 0,670,3,6,2,03,06,2,,0,0,1,0,0
"POINT (9.728874614000063 52.372982253000032)",Unfall 671 (2024) Kat:3, Licht: 0,671,3,2,0,03,08,2,,0,1,1,0,0
"POINT (9.433190151000076 52.466881228000034)",Unfall 672 (2024) Kat:3, Licht: 2,672,3,7,8,03,21,2,,2,0,1,0,0
"POINT (9.473722977000023 52.360248415000058)",Unfall 673 (2024) Kat:3, Licht: 0,673,3,7,0,03,15,2,,0,1,0,0,0
"POINT (9.924144713000032 52.378073561000065)",Unfall 674 (2024) Kat:3, Licht: 0,674,3,3,5,03,15,2,,0,0,1,0,0
"POINT (9.733499364000068 52.481481659000053)",Unfall 675 (2024) Kat:3, Licht: 2,675,3,1,9,03,01,2,,2,0,1,0,0
"POINT (9.842013946000066 52.415891389000080)",Unfall 676 (2024) Kat:3, Licht: 0,676,3,6,3,03,08,2,,0,0,0,0,0
"POINT (9.742814225000075 52.368388556000070)",Unfall 677 (2024) Kat:3, Licht: 2,677,3,3,5,03,05,2,,2,1,1,0,0
"POINT (9.697128558000031 52.341636868000080)",Unfall 678 (2024) Kat:3, Licht: 0,678,3,2,5,03,10,2,,0,0,1,0,0
"POINT (9.669701554000028 52.346758445000034)",Unfall 679 (2024) Kat:3, Licht: 0,679,3,4,6,04,12,6,,0,0,0,1,0
"POINT (9.733737860000076 52.384688725000046)",Unfall 680 (2024) Kat:3, Licht: 0,680,3,3,5,04,16,2,,0,0,1,0,0
"POINT (9.508805951000056 52.428150962000075)",Unfall 681 (2024) Kat:3, Licht: 0,681,3,3,5,03,15,1,,0,0,1,0,0
"POINT (9.879941894000069 52.311490858000070)",Unfall 682 (2024) Kat:3, Licht: 2,682,3,1,9,03,21,1,,2,0,1,0,0
"POINT (9.738029973000039 52.610059599000067)",Unfall 683 (2024) Kat:3, Licht: 2,683,3,6,2,03,20,1,,2,0,1,0,0
"POINT (9.654531597000073 52.408087737000074)",Unfall 684 (2024) Kat:3, Licht: 0,684,3,6,2,03,18,1,,0,0,1,0,0
"POINT (9.733945342000027 52.369100668000044)",Unfall 685 (2024) Kat:3, Licht: 0,685,3,3,5,04,08,5,,0,1,1,0,0
"POINT (9.618274119000034 52.405826444000070)",Unfall 686 (2024) Kat:3, Licht: 0,686,3,3,5,05,08,4,,0,1,1,0,0
"POINT (9.728785610000045 52.386068433000048)",Unfall 687 (2024) Kat:3, Licht: 0,687,3,5,1,05,06,4,,0,0,1,0,0
"POINT (9.967084754000041 52.373413094000057)",Unfall 688 (2024) Kat:3, Licht: 2,688,3,7,0,03,19,7,,2,0,0,0,1
"POINT (9.813121130000070 52.325891345000059)",Unfall 689 (2024) Kat:2, Licht: 0,689,2,6,2,03,14,7,,0,0,1,0,0
"POINT (9.760424304000026 52.587314237000044)",Unfall 690 (2024) Kat:3, Licht: 0,690,3,6,2,03,09,7,,0,0,1,0,0
"POINT (9.748103195000056 52.598307840000075)",Unfall 691 (2024) Kat:3, Licht: 0,691,3,6,2,03,10,7,,0,0,1,0,0
"POINT (9.735559410000064 52.394493204000071)",Unfall 692 (2024) Kat:3, Licht: 2,692,3,6,2,03,22,7,,2,0,1,0,0
"POINT (9.790964396000049 52.350538544000074)",Unfall 693 (2024) Kat:3, Licht: 2,693,3,1,0,04,03,1,,2,0,1,0,0
"POINT (9.763453439000045 52.343828698000038)",Unfall 694 (2024) Kat:3, Licht: 0,694,3,3,5,03,11,6,,0,1,1,0,0
"POINT (9.457117847000063 52.502166161000048)",Unfall 695 (2024) Kat:3, Licht: 0,695,3,6,2,03,11,6,,0,0,1,0,0
"POINT (9.440628104000041 52.330601127000079)",Unfall 696 (2024) Kat:3, Licht: 0,696,3,3,5,03,16,6,,0,0,1,0,0
"POINT (9.643254122000030 52.334811644000069)",Unfall 697 (2024) Kat:2, Licht: 0,697,2,6,2,03,09,6,,0,0,1,0,0
"POINT (9.646970290000070 52.423540168000045)",Unfall 698 (2024) Kat:3, Licht: 2,698,3,6,2,03,05,6,,2,0,1,0,0
"POINT (9.581937665000055 52.423424582000052)",Unfall 699 (2024) Kat:3, Licht: 0,699,3,6,2,03,18,5,,0,0,1,0,0
"POINT (9.450180439000064 52.504801199000042)",Unfall 700 (2024) Kat:3, Licht: 0,700,3,3,5,04,19,3,,0,1,0,0,0
"POINT (9.698788334000028 52.347713012000042)",Unfall 701 (2024) Kat:3, Licht: 0,701,3,2,5,03,17,5,,0,0,1,0,0
"POINT (10.096539380000024 52.482974211000055)",Unfall 702 (2024) Kat:3, Licht: 0,702,3,3,5,03,17,5,,0,0,1,0,0
"POINT (10.000055024000062 52.387148746000037)",Unfall 703 (2024) Kat:3, Licht: 0,703,3,6,2,03,17,5,,0,0,1,0,0
"POINT (9.708225427000059 52.420852682000032)",Unfall 704 (2024) Kat:3, Licht: 2,704,3,3,5,03,06,5,,2,1,1,0,0
"POINT (9.837478893000025 52.276524509000069)",Unfall 705 (2024) Kat:3, Licht: 0,705,3,4,6,05,19,3,,0,0,0,1,0
"POINT (9.436939585000061 52.467054013000052)",Unfall 706 (2024) Kat:3, Licht: 2,706,3,1,9,04,01,7,,2,0,1,0,0
"POINT (9.580689307000057 52.440307278000034)",Unfall 707 (2024) Kat:3, Licht: 0,707,3,7,0,03,11,3,,0,1,0,0,0
"POINT (9.584269048000067 52.331051847000026)",Unfall 708 (2024) Kat:3, Licht: 0,708,3,7,0,03,17,4,,0,0,0,0,1
"POINT (9.472676167000031 52.505779606000033)",Unfall 709 (2024) Kat:3, Licht: 0,709,3,6,2,03,16,4,,0,0,1,0,0
"POINT (9.421895093000046 52.331440354000051)",Unfall 710 (2024) Kat:3, Licht: 0,710,3,2,4,03,17,4,,0,1,1,0,0
"POINT (9.646227978000070 52.423421242000074)",Unfall 711 (2024) Kat:3, Licht: 0,711,3,6,2,03,10,4,,0,0,1,0,0
"POINT (9.733797419000041 52.385804987000029)",Unfall 712 (2024) Kat:3, Licht: 0,712,3,6,9,03,06,4,,0,0,1,0,0
"POINT (9.372507884000072 52.434167961000071)",Unfall 713 (2024) Kat:3, Licht: 2,713,3,3,5,03,19,4,,2,0,1,0,0
"POINT (9.748670080000068 52.362503685000036)",Unfall 714 (2024) Kat:3, Licht: 1,714,3,5,1,03,18,4,,1,0,1,0,0
"POINT (9.711014396000053 52.406295833000058)",Unfall 715 (2024) Kat:3, Licht: 0,715,3,2,2,03,14,4,,0,0,1,0,0
"POINT (9.829008575000046 52.339615380000055)",Unfall 716 (2024) Kat:3, Licht: 1,716,3,6,6,04,20,7,,1,0,1,1,0
"POINT (9.837461506000068 52.276544079000075)",Unfall 717 (2024) Kat:3, Licht: 0,717,3,3,5,03,08,3,,0,0,0,0,0
"POINT (9.849585540000021 52.326631008000049)",Unfall 718 (2024) Kat:3, Licht: 0,718,3,2,5,03,17,3,,0,0,1,0,0
"POINT (9.583201185000064 52.390062627000077)",Unfall 719 (2024) Kat:3, Licht: 0,719,3,6,2,03,13,3,,0,0,1,0,0
"POINT (9.574063522000074 52.421662939000043)",Unfall 720 (2024) Kat:2, Licht: 0,720,2,3,5,03,12,3,,0,1,1,0,0
"POINT (9.808270502000028 52.335349460000032)",Unfall 721 (2024) Kat:2, Licht: 0,721,2,6,2,03,09,3,,0,0,1,0,1
"POINT (9.648077888000046 52.412916449000079)",Unfall 722 (2024) Kat:3, Licht: 0,722,3,6,2,03,17,2,,0,0,1,0,1
"POINT (9.504412761000026 52.289467860000059)",Unfall 723 (2024) Kat:3, Licht: 0,723,3,3,5,03,10,2,,0,1,1,0,0
"POINT (9.749167031000070 52.531132681000031)",Unfall 724 (2024) Kat:3, Licht: 0,724,3,3,5,03,16,2,,0,1,1,0,0
"POINT (9.965941041000065 52.315604318000055)",Unfall 725 (2024) Kat:3, Licht: 0,725,3,3,5,03,14,2,,0,1,1,0,0
"POINT (9.949236123000048 52.371971530000053)",Unfall 726 (2024) Kat:3, Licht: 0,726,3,2,5,03,10,2,,0,1,1,0,0
"POINT (9.989373851000039 52.460238243000049)",Unfall 727 (2024) Kat:3, Licht: 2,727,3,6,6,03,19,2,,2,0,1,1,0
"POINT (9.972436600000037 52.369848037000054)",Unfall 728 (2024) Kat:1, Licht: 0,728,1,7,0,03,16,1,,0,0,0,0,0
"POINT (9.401613437000037 52.333075140000062)",Unfall 729 (2024) Kat:3, Licht: 0,729,3,7,9,05,05,4,,0,0,1,0,0
"POINT (9.721714673000065 52.337899687000061)",Unfall 730 (2024) Kat:3, Licht: 0,730,3,6,2,03,13,7,,0,0,1,0,0
"POINT (9.723000777000038 52.358119757000054)",Unfall 731 (2024) Kat:3, Licht: 0,731,3,6,2,03,09,7,,0,0,1,0,0
"POINT (9.970890923000070 52.386869513000079)",Unfall 732 (2024) Kat:3, Licht: 0,732,3,6,2,03,16,7,,0,0,1,0,0
"POINT (10.032283031000077 52.523594443000036)",Unfall 733 (2024) Kat:3, Licht: 0,733,3,2,3,03,10,7,,0,0,1,0,0
"POINT (9.747998038000048 52.217075102000081)",Unfall 734 (2024) Kat:1, Licht: 2,734,1,4,6,03,18,7,,2,0,1,1,0
"POINT (9.663557565000076 52.154635680000069)",Unfall 735 (2024) Kat:2, Licht: 0,735,2,3,5,03,11,7,,0,0,1,0,0
"POINT (9.639537505000021 52.332787434000068)",Unfall 736 (2024) Kat:1, Licht: 2,736,1,1,4,03,04,7,,2,0,1,0,0
"POINT (9.855964578000055 52.275157476000061)",Unfall 737 (2024) Kat:3, Licht: 0,737,3,6,2,04,13,7,,0,0,1,0,0
"POINT (9.812751039000034 52.317184027000053)",Unfall 738 (2024) Kat:3, Licht: 0,738,3,6,9,04,15,1,,0,0,1,0,1
"POINT (9.642528058000039 52.414656545000071)",Unfall 739 (2024) Kat:3, Licht: 2,739,3,2,3,03,23,6,,2,0,1,0,0
"POINT (9.655902092000076 52.406380739000042)",Unfall 740 (2024) Kat:3, Licht: 0,740,3,6,2,03,07,6,,0,0,1,0,0
"POINT (9.734903031000044 52.391505672000051)",Unfall 741 (2024) Kat:3, Licht: 0,741,3,2,0,03,11,6,,0,0,1,0,0
"POINT (9.796550208000042 52.415065758000026)",Unfall 742 (2024) Kat:3, Licht: 0,742,3,7,0,03,15,6,,0,0,0,0,0
"POINT (9.872477759000049 52.310669562000044)",Unfall 743 (2024) Kat:3, Licht: 0,743,3,2,4,03,14,6,,0,0,1,0,0
"POINT (9.540642190000028 52.420750828000052)",Unfall 744 (2024) Kat:3, Licht: 0,744,3,6,2,03,16,6,,0,0,1,0,0
"POINT (9.646110231000023 52.405338530000051)",Unfall 745 (2024) Kat:3, Licht: 0,745,3,6,0,04,14,4,,0,0,1,0,0
"POINT (9.652108710000050 52.415933104000032)",Unfall 746 (2024) Kat:3, Licht: 0,746,3,7,0,03,11,5,,0,1,0,0,0
"POINT (9.735765013000048 52.400066878000075)",Unfall 747 (2024) Kat:3, Licht: 2,747,3,4,6,03,18,5,,2,1,0,1,0
"POINT (9.675891031000049 52.353726488000063)",Unfall 748 (2024) Kat:3, Licht: 0,748,3,3,5,03,09,5,,0,1,1,0,0
"POINT (9.786848525000039 52.335272281000073)",Unfall 749 (2024) Kat:3, Licht: 0,749,3,2,4,03,12,5,,0,1,0,0,0
"POINT (9.745761176000030 52.209349438000061)",Unfall 750 (2024) Kat:3, Licht: 0,750,3,3,5,03,13,5,,0,0,1,0,0
"POINT (9.577030482000055 52.276496318000056)",Unfall 751 (2024) Kat:3, Licht: 0,751,3,7,0,03,07,5,,0,0,0,0,0
"POINT (9.897973333000039 52.303689103000067)",Unfall 752 (2024) Kat:3, Licht: 0,752,3,1,8,03,07,5,,0,0,1,0,0
"POINT (9.645841687000029 52.423354977000031)",Unfall 753 (2024) Kat:3, Licht: 0,753,3,6,2,03,16,5,,0,0,1,0,0
"POINT (9.804325141000049 52.407787519000067)",Unfall 754 (2024) Kat:3, Licht: 0,754,3,3,5,05,17,4,,0,0,1,0,0
"POINT (9.650246838000044 52.424508001000049)",Unfall 755 (2024) Kat:3, Licht: 0,755,3,6,2,03,16,5,,0,0,1,0,0
"POINT (9.726728413000046 52.375767289000066)",Unfall 756 (2024) Kat:3, Licht: 2,756,3,3,5,03,21,5,,2,1,1,0,0
"POINT (9.723257698000054 52.452651952000053)",Unfall 757 (2024) Kat:3, Licht: 0,757,3,6,2,04,16,2,,0,0,1,0,0
"POINT (9.798772290000045 52.540833955000039)",Unfall 758 (2024) Kat:3, Licht: 0,758,3,6,2,04,16,6,,0,0,1,0,0
"POINT (9.641914085000053 52.414687519000040)",Unfall 759 (2024) Kat:3, Licht: 0,759,3,6,2,08,12,4,,0,0,0,0,0
"POINT (9.705139904000021 52.412842813000054)",Unfall 760 (2024) Kat:3, Licht: 0,760,3,6,2,08,08,4,,0,0,1,0,0
"POINT (9.791084309000041 52.420537672000080)",Unfall 761 (2024) Kat:3, Licht: 0,761,3,7,0,08,07,4,,0,1,0,0,0
"POINT (9.421142310000050 52.443125457000065)",Unfall 762 (2024) Kat:3, Licht: 0,762,3,1,0,08,11,4,,0,0,0,0,1
"POINT (9.444545951000066 52.381432565000068)",Unfall 763 (2024) Kat:3, Licht: 0,763,3,1,9,08,08,4,,0,0,1,0,0
"POINT (9.445656808000024 52.385436717000061)",Unfall 764 (2024) Kat:3, Licht: 0,764,3,1,8,08,08,4,,0,0,0,0,1
"POINT (9.569882756000027 52.450637173000075)",Unfall 765 (2024) Kat:3, Licht: 0,765,3,6,2,08,17,4,,0,0,1,0,0