WKT,Name,OBJECTID,UKATEGORIE,UTYP1,UART,UMONAT,USTUNDE,UWOCHENTAG,STRZUSTAND,ULICHTVERH,ISTRAD,ISTPKW,ISTFUSS,ISTKRAD
"POINT (9.698708542000077 52.347738203000063)",Unfall 1144 (2024) Kat:3, Licht: 0,1144,3,6,3,06,16,3,,0,0,1,0,0
"POINT (9.676964108000050 52.357068164000054)",Unfall 1145 (2024) Kat:3, Licht: 0,1145,3,2,5,06,06,2,,0,0,1,0,1
"POINT (9.743409674000077 52.303772232000028)",Unfall 1146 (2024) Kat:3, Licht: 0,1146,3,7,0,06,12,2,,0,1,0,0,0
"POINT (9.506034412000076 52.553354730000081)",Unfall 1147 (2024) Kat:3, Licht: 0,1147,3,1,4,06,11,2,,0,0,0,0,0
"POINT (9.762274718000072 52.336300155000060)",Unfall 1148 (2024) Kat:3, Licht: 0,1148,3,6,4,07,16,5,,0,1,0,0,0
"POINT (10.185388847000070 52.431169712000042)",Unfall 1149 (2024) Kat:3, Licht: 0,1149,3,2,4,08,12,3,,0,0,1,0,0
"POINT (9.831733452000037 52.488809064000066)",Unfall 1150 (2024) Kat:3, Licht: 0,1150,3,3,5,07,15,4,,0,0,1,0,0
"POINT (9.739633881000032 52.298717112000077)",Unfall 1151 (2024) Kat:2, Licht: 0,1151,2,2,5,06,10,1,,0,0,1,0,1
"POINT (9.755808493000075 52.590903898000079)",Unfall 1152 (2024) Kat:3, Licht: 0,1152,3,6,2,06,12,1,,0,0,1,0,1
"POINT (9.623090645000048 52.354826290000062)",Unfall 1153 (2024) Kat:1, Licht: 0,1153,1,1,9,06,11,1,,0,0,1,0,0
"POINT (9.632953318000034 52.253094462000035)",Unfall 1154 (2024) Kat:1, Licht: 2,1154,1,1,8,06,22,6,,2,0,1,0,1
"POINT (9.405850552000061 52.426554841000041)",Unfall 1155 (2024) Kat:3, Licht: 0,1155,3,1,8,07,17,4,,0,1,0,0,0
"POINT (9.796359245000076 52.312300588000028)",Unfall 1156 (2024) Kat:3, Licht: 0,1156,3,6,2,06,12,7,,0,0,1,0,0
"POINT (9.426913423000030 52.430184245000078)",Unfall 1157 (2024) Kat:3, Licht: 0,1157,3,6,2,06,13,7,,0,0,1,0,0
"POINT (9.765432356000076 52.430332177000082)",Unfall 1158 (2024) Kat:3, Licht: 0,1158,3,2,3,06,17,7,,0,0,1,0,0
"POINT (9.722721997000065 52.453524229000038)",Unfall 1159 (2024) Kat:3, Licht: 0,1159,3,6,2,06,09,7,,0,0,1,0,0
"POINT (9.500224507000041 52.578245485000082)",Unfall 1160 (2024) Kat:1, Licht: 1,1160,1,1,9,06,04,7,,1,0,1,0,0
"POINT (9.735849523000070 52.399400509000031)",Unfall 1161 (2024) Kat:3, Licht: 0,1161,3,6,3,06,20,7,,0,1,0,0,0
"POINT (9.697091657000044 52.375147887000026)",Unfall 1162 (2024) Kat:3, Licht: 0,1162,3,2,5,06,14,7,,0,1,1,0,0
"POINT (9.989634592000073 52.445282698000028)",Unfall 1163 (2024) Kat:3, Licht: 0,1163,3,7,0,08,16,5,,0,1,0,0,0
"POINT (9.766093845000057 52.279543838000052)",Unfall 1164 (2024) Kat:3, Licht: 0,1164,3,7,0,06,09,6,,0,1,0,0,0
"POINT (10.202812359000063 52.463894580000044)",Unfall 1165 (2024) Kat:3, Licht: 0,1165,3,3,5,06,15,6,,0,1,1,0,0
"POINT (9.772923568000067 52.520454599000061)",Unfall 1166 (2024) Kat:2, Licht: 0,1166,2,2,3,06,15,6,,0,0,0,0,1
"POINT (9.717080546000034 52.521084410000071)",Unfall 1167 (2024) Kat:2, Licht: 0,1167,2,2,5,06,10,6,,0,0,1,0,0
"POINT (9.650279602000069 52.393237473000056)",Unfall 1168 (2024) Kat:2, Licht: 0,1168,2,7,1,06,10,6,,0,1,0,0,0
"POINT (9.780062331000067 52.521810264000067)",Unfall 1169 (2024) Kat:3, Licht: 0,1169,3,6,2,06,17,6,,0,0,1,0,0
"POINT (9.651055221000036 52.415235486000029)",Unfall 1170 (2024) Kat:3, Licht: 2,1170,3,6,3,06,22,5,,2,0,1,0,0
"POINT (9.768756538000048 52.338223597000081)",Unfall 1171 (2024) Kat:3, Licht: 0,1171,3,2,5,06,08,5,,0,0,1,0,0
"POINT (9.546979931000067 52.398555221000038)",Unfall 1172 (2024) Kat:3, Licht: 0,1172,3,1,0,06,15,5,,0,1,0,0,0
"POINT (9.678679073000069 52.310283849000029)",Unfall 1173 (2024) Kat:3, Licht: 0,1173,3,6,2,06,15,5,,0,0,1,0,0
"POINT (9.761711946000048 52.274155228000041)",Unfall 1174 (2024) Kat:2, Licht: 0,1174,2,7,9,06,14,5,,0,0,1,0,0
"POINT (10.080826981000030 52.517922801000054)",Unfall 1175 (2024) Kat:2, Licht: 0,1175,2,2,4,06,15,5,,0,0,0,0,1
"POINT (9.835487004000072 52.361314313000037)",Unfall 1176 (2024) Kat:3, Licht: 2,1176,3,5,1,06,03,1,,2,0,1,0,0
"POINT (9.795406620000051 52.312628050000058)",Unfall 1177 (2024) Kat:3, Licht: 0,1177,3,2,2,07,10,6,,0,0,1,0,0
"POINT (10.118406537000055 52.457367385000055)",Unfall 1178 (2024) Kat:2, Licht: 0,1178,2,3,5,08,13,2,,0,0,1,0,1
"POINT (9.831973489000063 52.385990711000034)",Unfall 1179 (2024) Kat:3, Licht: 0,1179,3,2,5,06,14,4,,0,1,1,0,0
"POINT (9.745771013000024 52.209308992000047)",Unfall 1180 (2024) Kat:3, Licht: 0,1180,3,3,5,06,10,4,,0,0,1,0,0
"POINT (9.641060041000060 52.414963437000040)",Unfall 1181 (2024) Kat:3, Licht: 2,1181,3,6,2,08,22,7,,2,0,1,0,0
"POINT (10.017975154000055 52.383711065000057)",Unfall 1182 (2024) Kat:3, Licht: 0,1182,3,3,5,06,15,4,,0,1,1,0,0
"POINT (9.720123514000022 52.458847212000080)",Unfall 1183 (2024) Kat:3, Licht: 0,1183,3,2,4,06,17,4,,0,0,1,0,0
"POINT (9.883380138000064 52.430409583000028)",Unfall 1184 (2024) Kat:3, Licht: 0,1184,3,6,2,06,12,4,,0,0,1,0,0
"POINT (9.627706330000024 52.394392897000046)",Unfall 1185 (2024) Kat:3, Licht: 0,1185,3,3,5,06,13,4,,0,0,1,0,1
"POINT (9.462965693000058 52.397407988000055)",Unfall 1186 (2024) Kat:3, Licht: 0,1186,3,3,5,07,12,2,,0,0,1,0,0
"POINT (9.686200446000043 52.375006812000038)",Unfall 1187 (2024) Kat:3, Licht: 0,1187,3,1,4,06,17,2,,0,0,1,0,1
"POINT (9.890574854000022 52.279860819000078)",Unfall 1188 (2024) Kat:3, Licht: 1,1188,3,7,0,06,21,3,,1,0,1,0,0
"POINT (9.751984555000035 52.358205846000033)",Unfall 1189 (2024) Kat:3, Licht: 0,1189,3,3,5,06,15,3,,0,1,1,0,0
"POINT (9.734022125000024 52.387089668000044)",Unfall 1190 (2024) Kat:3, Licht: 0,1190,3,6,2,06,08,3,,0,0,1,0,0
"POINT (9.740122786000029 52.368245570000056)",Unfall 1191 (2024) Kat:3, Licht: 0,1191,3,6,2,06,13,3,,0,0,1,0,0
"POINT (9.787024000000031 52.335263240000074)",Unfall 1192 (2024) Kat:3, Licht: 0,1192,3,3,5,06,08,3,,0,0,1,0,0
"POINT (9.638587074000043 52.355762732000073)",Unfall 1193 (2024) Kat:3, Licht: 1,1193,3,1,9,06,21,3,,1,0,1,0,0
"POINT (9.723472533000063 52.440141014000062)",Unfall 1194 (2024) Kat:3, Licht: 0,1194,3,3,5,06,13,3,,0,0,1,0,0
"POINT (10.047749544000055 52.483618627000055)",Unfall 1195 (2024) Kat:2, Licht: 0,1195,2,3,5,06,08,3,,0,0,1,0,0
"POINT (9.770242427000028 52.580208569000035)",Unfall 1196 (2024) Kat:2, Licht: 2,1196,2,6,2,06,01,3,,2,0,1,0,0
"POINT (9.807429851000052 52.336010370000054)",Unfall 1197 (2024) Kat:3, Licht: 0,1197,3,3,5,06,19,3,,0,0,1,0,0
"POINT (9.827251382000043 52.358373753000080)",Unfall 1198 (2024) Kat:3, Licht: 0,1198,3,4,6,06,18,3,,0,0,1,1,0
"POINT (9.735552624000036 52.403534038000032)",Unfall 1199 (2024) Kat:3, Licht: 0,1199,3,2,5,06,15,3,,0,1,1,0,0
"POINT (9.696095853000031 52.418737255000053)",Unfall 1200 (2024) Kat:3, Licht: 0,1200,3,3,5,06,13,3,,0,0,1,0,0
"POINT (9.579366851000032 52.365314033000061)",Unfall 1201 (2024) Kat:3, Licht: 0,1201,3,7,8,06,14,2,,0,0,1,0,0
"POINT (9.609637297000063 52.344161693000046)",Unfall 1202 (2024) Kat:3, Licht: 0,1202,3,6,3,06,18,2,,0,0,1,0,0
"POINT (9.839312812000060 52.490726351000035)",Unfall 1203 (2024) Kat:3, Licht: 0,1203,3,3,5,06,10,2,,0,0,1,0,0
"POINT (9.922241459000077 52.511301393000053)",Unfall 1204 (2024) Kat:3, Licht: 0,1204,3,4,6,06,17,2,,0,0,1,1,0
"POINT (9.476259895000055 52.388447864000057)",Unfall 1205 (2024) Kat:3, Licht: 0,1205,3,7,2,06,15,2,,0,0,1,0,0
"POINT (9.753479427000059 52.370007446000045)",Unfall 1206 (2024) Kat:3, Licht: 0,1206,3,2,5,06,07,6,,0,1,1,0,0
"POINT (9.442245308000054 52.416798145000030)",Unfall 1207 (2024) Kat:2, Licht: 0,1207,2,2,2,08,07,2,,0,1,0,0,0
"POINT (9.619785302000025 52.421281564000026)",Unfall 1208 (2024) Kat:3, Licht: 0,1208,3,6,3,06,21,1,,0,0,1,0,0
"POINT (9.853480422000075 52.390473358000065)",Unfall 1209 (2024) Kat:3, Licht: 0,1209,3,6,2,06,12,6,,0,0,1,0,0
"POINT (9.424619127000028 52.429435756000032)",Unfall 1210 (2024) Kat:3, Licht: 0,1210,3,3,5,06,09,4,,0,1,1,0,0
"POINT (9.794722464000074 52.274223067000037)",Unfall 1211 (2024) Kat:3, Licht: 0,1211,3,2,5,07,17,1,,0,1,0,0,1
"POINT (9.782097989000022 52.325278542000035)",Unfall 1212 (2024) Kat:3, Licht: 0,1212,3,3,5,06,16,7,,0,0,1,0,0
"POINT (9.881335477000050 52.435721675000082)",Unfall 1213 (2024) Kat:3, Licht: 0,1213,3,3,5,06,17,7,,0,0,1,0,0
"POINT (9.851386599000023 52.410507683000048)",Unfall 1214 (2024) Kat:3, Licht: 0,1214,3,1,8,06,17,7,,0,0,1,0,0
"POINT (9.807580397000038 52.559266902000047)",Unfall 1215 (2024) Kat:1, Licht: 0,1215,1,2,5,06,12,7,,0,0,1,0,1
"POINT (9.736283222000054 52.398355973000037)",Unfall 1216 (2024) Kat:3, Licht: 0,1216,3,6,3,05,16,6,,0,0,1,0,0
"POINT (9.697677131000034 52.376391634000072)",Unfall 1217 (2024) Kat:3, Licht: 0,1217,3,6,2,05,17,6,,0,0,1,0,0
"POINT (9.668272491000039 52.383796265000058)",Unfall 1218 (2024) Kat:3, Licht: 0,1218,3,6,2,05,17,6,,0,0,1,0,0
"POINT (9.806613287000062 52.336349472000052)",Unfall 1219 (2024) Kat:2, Licht: 0,1219,2,6,2,06,07,5,,0,0,1,0,0
"POINT (9.677575413000056 52.371701384000062)",Unfall 1220 (2024) Kat:3, Licht: 0,1220,3,2,4,05,13,6,,0,0,1,0,0
"POINT (9.765181652000024 52.341942281000058)",Unfall 1221 (2024) Kat:3, Licht: 0,1221,3,1,0,05,12,6,,0,1,0,0,0
"POINT (9.391873707000059 52.420128628000043)",Unfall 1222 (2024) Kat:3, Licht: 0,1222,3,1,0,05,07,6,,0,1,0,0,0
"POINT (9.745760879000045 52.209351338000033)",Unfall 1223 (2024) Kat:3, Licht: 0,1223,3,3,5,05,17,6,,0,0,1,0,0
"POINT (9.668085505000022 52.343764278000037)",Unfall 1224 (2024) Kat:3, Licht: 0,1224,3,3,5,05,12,6,,0,0,1,0,0
"POINT (9.456720678000067 52.486312917000078)",Unfall 1225 (2024) Kat:3, Licht: 0,1225,3,2,2,05,10,6,,0,0,1,0,0
"POINT (9.581744386000025 52.417661643000031)",Unfall 1226 (2024) Kat:3, Licht: 0,1226,3,3,5,05,17,6,,0,1,1,0,0
"POINT (9.732575359000066 52.423453859000062)",Unfall 1227 (2024) Kat:3, Licht: 0,1227,3,2,5,05,19,6,,0,0,1,0,0
"POINT (9.895330444000024 52.443616640000073)",Unfall 1228 (2024) Kat:3, Licht: 0,1228,3,6,2,05,18,6,,0,0,1,0,0
"POINT (9.498047262000057 52.402525195000067)",Unfall 1229 (2024) Kat:3, Licht: 1,1229,3,6,2,05,04,6,,1,0,1,0,0
"POINT (9.848488587000077 52.274316969000040)",Unfall 1230 (2024) Kat:3, Licht: 0,1230,3,3,5,05,09,6,,0,0,1,0,0
"POINT (9.799484172000064 52.409244850000050)",Unfall 1231 (2024) Kat:3, Licht: 0,1231,3,7,6,07,13,2,,0,0,1,1,0
"POINT (9.734528369000031 52.390938714000072)",Unfall 1232 (2024) Kat:3, Licht: 0,1232,3,6,2,05,17,5,,0,0,1,0,0
"POINT (9.618759466000029 52.363769380000065)",Unfall 1233 (2024) Kat:3, Licht: 0,1233,3,1,8,05,15,5,,0,0,1,0,0
"POINT (9.399390044000029 52.536477081000044)",Unfall 1234 (2024) Kat:3, Licht: 0,1234,3,2,5,05,17,5,,0,0,1,0,0
"POINT (9.907830524000076 52.291675338000061)",Unfall 1235 (2024) Kat:3, Licht: 0,1235,3,1,8,05,14,5,,0,0,1,0,0
"POINT (9.623491313000045 52.421087229000079)",Unfall 1236 (2024) Kat:3, Licht: 0,1236,3,3,5,05,17,5,,0,0,1,0,0
"POINT (9.733402561000048 52.384260090000055)",Unfall 1237 (2024) Kat:3, Licht: 0,1237,3,6,2,05,16,5,,0,0,1,0,0
"POINT (9.827288053000075 52.355671970000060)",Unfall 1238 (2024) Kat:3, Licht: 0,1238,3,3,5,05,18,4,,0,1,1,0,0
"POINT (9.771425218000047 52.335104406000028)",Unfall 1239 (2024) Kat:3, Licht: 0,1239,3,7,0,05,09,4,,0,1,0,0,0
"POINT (9.666949891000058 52.171104898000067)",Unfall 1240 (2024) Kat:3, Licht: 0,1240,3,4,6,05,15,4,,0,0,1,1,0
"POINT (9.595718667000028 52.333339418000037)",Unfall 1241 (2024) Kat:3, Licht: 0,1241,3,7,1,05,16,4,,0,0,1,0,0
"POINT (9.747567410000045 52.324351660000048)",Unfall 1242 (2024) Kat:3, Licht: 0,1242,3,6,3,05,07,4,,0,0,1,0,0
"POINT (10.066596188000062 52.395023794000053)",Unfall 1243 (2024) Kat:3, Licht: 1,1243,3,1,0,05,20,4,,1,1,0,0,0
"POINT (9.809304507000036 52.379540743000064)",Unfall 1244 (2024) Kat:3, Licht: 2,1244,3,2,3,08,21,7,,2,0,1,0,0
"POINT (9.972720464000076 52.382732432000068)",Unfall 1245 (2024) Kat:3, Licht: 0,1245,3,6,4,08,15,1,,0,0,1,0,0
"POINT (9.765685974000064 52.337340204000043)",Unfall 1246 (2024) Kat:3, Licht: 0,1246,3,3,5,06,16,3,,0,0,1,0,0
"POINT (9.617677534000052 52.377945108000063)",Unfall 1247 (2024) Kat:3, Licht: 0,1247,3,7,0,06,19,3,,0,0,0,0,0
"POINT (9.730825554000035 52.370808082000053)",Unfall 1248 (2024) Kat:2, Licht: 2,1248,2,1,0,06,21,5,,2,1,1,0,0
"POINT (9.690552323000077 52.346785207000039)",Unfall 1249 (2024) Kat:3, Licht: 0,1249,3,3,5,05,14,3,,0,1,1,0,0
"POINT (9.587345000000028 52.211545400000034)",Unfall 1250 (2024) Kat:3, Licht: 1,1250,3,6,2,05,21,3,,1,0,1,0,0
"POINT (9.572753173000024 52.457473222000033)",Unfall 1251 (2024) Kat:3, Licht: 0,1251,3,1,0,05,12,3,,0,1,0,0,0
"POINT (9.599785672000053 52.423008677000041)",Unfall 1252 (2024) Kat:3, Licht: 0,1252,3,6,2,05,13,3,,0,0,1,0,0
"POINT (9.716224980000050 52.358092393000049)",Unfall 1253 (2024) Kat:2, Licht: 0,1253,2,4,6,05,14,3,,0,0,1,1,0
"POINT (9.692240684000069 52.376582214000052)",Unfall 1254 (2024) Kat:3, Licht: 0,1254,3,6,2,05,11,3,,0,0,1,0,0
"POINT (9.800333382000076 52.370825642000057)",Unfall 1255 (2024) Kat:3, Licht: 0,1255,3,2,0,05,08,3,,0,0,0,0,0
"POINT (9.551444932000038 52.322736082000063)",Unfall 1256 (2024) Kat:3, Licht: 2,1256,3,2,4,07,21,3,,2,0,1,0,1
"POINT (9.800331161000031 52.406145559000038)",Unfall 1257 (2024) Kat:3, Licht: 0,1257,3,2,5,05,07,3,,0,1,1,0,0
"POINT (9.817487544000073 52.300705972000060)",Unfall 1258 (2024) Kat:3, Licht: 2,1258,3,3,5,05,21,2,,2,1,1,0,0
"POINT (9.713630251000041 52.361898010000061)",Unfall 1259 (2024) Kat:3, Licht: 0,1259,3,6,2,05,12,2,,0,0,1,0,0
"POINT (9.632475449000026 52.203707701000042)",Unfall 1260 (2024) Kat:3, Licht: 1,1260,3,7,7,05,05,2,,1,0,1,0,0
"POINT (9.743208201000073 52.303657874000066)",Unfall 1261 (2024) Kat:3, Licht: 0,1261,3,7,0,05,19,2,,0,1,0,0,0
"POINT (9.440840102000038 52.330607315000066)",Unfall 1262 (2024) Kat:3, Licht: 0,1262,3,1,8,05,15,2,,0,0,1,0,0
"POINT (9.945314977000066 52.496716498000069)",Unfall 1263 (2024) Kat:2, Licht: 2,1263,2,1,0,08,22,6,,2,1,0,0,0
"POINT (9.814119934000075 52.383542531000046)",Unfall 1264 (2024) Kat:3, Licht: 0,1264,3,1,0,05,16,1,,0,0,0,0,1
"POINT (9.629748849000066 52.409410302000026)",Unfall 1265 (2024) Kat:3, Licht: 0,1265,3,7,7,05,19,1,,0,1,0,0,0
"POINT (9.742856084000039 52.368094361000033)",Unfall 1266 (2024) Kat:3, Licht: 0,1266,3,6,2,05,18,1,,0,0,1,0,0
"POINT (9.697361101000070 52.377486652000073)",Unfall 1267 (2024) Kat:3, Licht: 0,1267,3,6,2,05,14,1,,0,0,1,0,0
"POINT (9.665087527000026 52.339020957000059)",Unfall 1268 (2024) Kat:3, Licht: 0,1268,3,3,5,05,13,1,,0,0,1,0,1
"POINT (10.114177665000057 52.346434034000026)",Unfall 1269 (2024) Kat:3, Licht: 0,1269,3,3,5,05,18,1,,0,0,1,0,0
"POINT (9.965984388000038 52.318287897000062)",Unfall 1270 (2024) Kat:3, Licht: 0,1270,3,1,0,05,12,1,,0,0,0,0,1
"POINT (9.991222810000068 52.371742180000069)",Unfall 1271 (2024) Kat:3, Licht: 0,1271,3,7,0,05,11,1,,0,0,0,0,0
"POINT (9.664478708000047 52.376965538000036)",Unfall 1272 (2024) Kat:3, Licht: 2,1272,3,7,0,05,22,1,,2,0,0,1,0
"POINT (9.801250027000037 52.557640739000078)",Unfall 1273 (2024) Kat:2, Licht: 0,1273,2,3,5,06,18,3,,0,0,1,0,1
"POINT (9.765528743000061 52.430289400000049)",Unfall 1274 (2024) Kat:3, Licht: 0,1274,3,3,5,08,17,7,,0,1,1,0,0
"POINT (9.646182093000050 52.403288835000069)",Unfall 1275 (2024) Kat:3, Licht: 0,1275,3,4,6,08,19,6,,0,0,0,1,0
"POINT (9.882359209000072 52.359089249000078)",Unfall 1276 (2024) Kat:3, Licht: 0,1276,3,6,3,08,12,5,,0,0,1,0,0
"POINT (9.779083892000074 52.371515000000045)",Unfall 1277 (2024) Kat:3, Licht: 0,1277,3,6,2,05,15,7,,0,0,1,0,0
"POINT (9.801085810000075 52.429436121000037)",Unfall 1278 (2024) Kat:3, Licht: 0,1278,3,2,4,05,19,7,,0,0,1,0,0
"POINT (9.472516244000076 52.388500258000079)",Unfall 1279 (2024) Kat:3, Licht: 0,1279,3,3,5,05,18,7,,0,0,1,0,0
"POINT (9.615485599000067 52.203956195000046)",Unfall 1280 (2024) Kat:3, Licht: 0,1280,3,1,8,05,16,7,,0,0,0,0,1
"POINT (9.597954579000032 52.394690908000030)",Unfall 1281 (2024) Kat:3, Licht: 0,1281,3,7,0,05,17,7,,0,1,0,0,0
"POINT (9.749072742000067 52.547592058000077)",Unfall 1282 (2024) Kat:3, Licht: 0,1282,3,6,4,05,15,7,,0,1,0,0,0
"POINT (9.945047944000066 52.499497825000049)",Unfall 1283 (2024) Kat:3, Licht: 0,1283,3,3,5,06,14,1,,0,1,0,0,0
"POINT (9.794609936000029 52.274139817000048)",Unfall 1284 (2024) Kat:3, Licht: 0,1284,3,6,1,05,15,6,,0,0,1,0,0
"POINT (9.791595480000069 52.216146723000065)",Unfall 1285 (2024) Kat:3, Licht: 0,1285,3,7,0,05,12,6,,0,1,0,0,0
"POINT (9.647313209000060 52.213032860000055)",Unfall 1286 (2024) Kat:3, Licht: 0,1286,3,1,9,05,18,6,,0,0,1,0,0
"POINT (9.568404416000021 52.293056139000043)",Unfall 1287 (2024) Kat:3, Licht: 0,1287,3,1,9,05,20,6,,0,0,1,0,0
"POINT (9.754277989000059 52.592226355000037)",Unfall 1288 (2024) Kat:3, Licht: 0,1288,3,6,2,07,10,2,,0,0,1,0,0
"POINT (9.635498438000070 52.245217144000037)",Unfall 1289 (2024) Kat:3, Licht: 0,1289,3,3,5,05,08,6,,0,0,1,0,0
"POINT (9.569879043000071 52.450100660000032)",Unfall 1290 (2024) Kat:3, Licht: 0,1290,3,1,0,05,19,6,,0,0,0,0,0
"POINT (9.936601253000049 52.445585657000038)",Unfall 1291 (2024) Kat:3, Licht: 0,1291,3,6,2,05,15,6,,0,0,1,0,0
"POINT (9.935249159000023 52.443332127000076)",Unfall 1292 (2024) Kat:3, Licht: 0,1292,3,1,9,05,15,6,,0,0,1,0,0
"POINT (9.727068464000070 52.366906315000051)",Unfall 1293 (2024) Kat:3, Licht: 0,1293,3,2,5,05,18,6,,0,1,1,0,0
"POINT (9.734042938000073 52.387208652000027)",Unfall 1294 (2024) Kat:3, Licht: 0,1294,3,2,5,05,15,6,,0,1,1,0,0
"POINT (9.467326180000043 52.332877220000057)",Unfall 1295 (2024) Kat:3, Licht: 0,1295,3,3,5,05,08,6,,0,0,1,0,0
"POINT (9.792673394000076 52.314397119000034)",Unfall 1296 (2024) Kat:3, Licht: 0,1296,3,6,2,05,15,4,,0,0,1,0,0
"POINT (9.456197080000038 52.483655884000029)",Unfall 1297 (2024) Kat:2, Licht: 0,1297,2,7,2,07,19,7,,0,0,1,0,0
"POINT (9.795907129000057 52.274962659000039)",Unfall 1298 (2024) Kat:3, Licht: 2,1298,3,7,0,06,02,1,,2,1,0,0,0
"POINT (9.587622638000028 52.415018370000041)",Unfall 1299 (2024) Kat:3, Licht: 0,1299,3,3,5,08,15,1,,0,1,1,0,0
"POINT (9.782180948000075 52.371972740000047)",Unfall 1300 (2024) Kat:3, Licht: 0,1300,3,2,5,05,08,6,,0,1,0,0,0
"POINT (9.490293913000073 52.398300686000027)",Unfall 1301 (2024) Kat:3, Licht: 0,1301,3,1,9,08,10,4,,0,0,1,0,0
"POINT (9.722100775000058 52.368413943000064)",Unfall 1302 (2024) Kat:3, Licht: 0,1302,3,7,2,05,13,5,,0,0,1,0,1
"POINT (9.611491158000035 52.434522008000044)",Unfall 1303 (2024) Kat:3, Licht: 0,1303,3,7,6,05,13,5,,0,1,0,1,0
"POINT (9.714500104000024 52.428918620000047)",Unfall 1304 (2024) Kat:3, Licht: 0,1304,3,6,2,05,07,5,,0,0,0,0,0
"POINT (9.689767059000076 52.430008723000071)",Unfall 1305 (2024) Kat:3, Licht: 0,1305,3,6,2,05,07,5,,0,0,0,0,0
"POINT (9.747679166000069 52.363784315000032)",Unfall 1306 (2024) Kat:3, Licht: 0,1306,3,4,6,05,18,5,,0,1,0,1,0
"POINT (9.640532452000059 52.472891459000039)",Unfall 1307 (2024) Kat:2, Licht: 0,1307,2,1,0,05,14,5,,0,0,1,0,0
"POINT (9.887504916000069 52.360810550000053)",Unfall 1308 (2024) Kat:3, Licht: 0,1308,3,6,3,06,13,1,,0,0,1,0,0
"POINT (9.963423990000024 52.365423259000067)",Unfall 1309 (2024) Kat:3, Licht: 0,1309,3,2,4,06,14,3,,0,0,1,0,0
"POINT (9.788195803000065 52.455116387000032)",Unfall 1310 (2024) Kat:3, Licht: 0,1310,3,6,2,07,15,2,,0,0,1,0,0
"POINT (9.832217398000068 52.300267014000042)",Unfall 1311 (2024) Kat:3, Licht: 0,1311,3,6,2,05,08,4,,0,0,1,0,0
"POINT (9.736221703000069 52.399031184000080)",Unfall 1312 (2024) Kat:3, Licht: 0,1312,3,6,2,05,09,4,,0,0,1,0,0
"POINT (9.731315413000061 52.382577335000065)",Unfall 1313 (2024) Kat:3, Licht: 1,1313,3,6,2,05,06,4,,1,0,1,0,0
"POINT (9.768411084000036 52.338240542000051)",Unfall 1314 (2024) Kat:3, Licht: 0,1314,3,6,2,05,09,4,,0,0,1,0,0
"POINT (9.803716209000072 52.275090615000067)",Unfall 1315 (2024) Kat:3, Licht: 0,1315,3,1,4,05,08,4,,0,0,1,0,0
"POINT (9.557648922000055 52.204429997000034)",Unfall 1316 (2024) Kat:3, Licht: 0,1316,3,6,2,05,07,4,,0,0,1,0,0
"POINT (9.597868137000034 52.576680747000069)",Unfall 1317 (2024) Kat:3, Licht: 0,1317,3,1,4,05,17,4,,0,0,1,0,0
"POINT (9.507690000000025 52.508119458000067)",Unfall 1318 (2024) Kat:3, Licht: 0,1318,3,1,9,05,15,4,,0,0,1,0,0
"POINT (9.743553172000077 52.547445735000053)",Unfall 1319 (2024) Kat:3, Licht: 0,1319,3,3,5,05,14,4,,0,1,1,0,0
"POINT (9.952578889000051 52.325469506000047)",Unfall 1320 (2024) Kat:3, Licht: 0,1320,3,6,2,05,13,4,,0,0,1,0,0
"POINT (10.058998947000021 52.395701344000031)",Unfall 1321 (2024) Kat:3, Licht: 0,1321,3,2,3,05,10,4,,0,0,1,0,0
"POINT (9.732006908000074 52.438554576000058)",Unfall 1322 (2024) Kat:3, Licht: 0,1322,3,3,5,05,16,4,,0,1,1,0,0
"POINT (9.770184576000077 52.580249420000030)",Unfall 1323 (2024) Kat:3, Licht: 0,1323,3,6,2,05,12,4,,0,0,1,0,0
"POINT (9.916217632000041 52.436966553000047)",Unfall 1324 (2024) Kat:3, Licht: 0,1324,3,6,3,05,09,4,,0,0,1,0,0
"POINT (9.832916757000021 52.418974622000064)",Unfall 1325 (2024) Kat:3, Licht: 1,1325,3,1,0,07,05,2,,1,0,0,0,1
"POINT (9.730126854000048 52.368690019000042)",Unfall 1326 (2024) Kat:3, Licht: 0,1326,3,3,5,05,14,5,,0,1,1,0,0
"POINT (9.735208528000044 52.405755313000043)",Unfall 1327 (2024) Kat:3, Licht: 2,1327,3,7,0,06,00,6,,2,1,0,0,0
"POINT (9.743699128000060 52.369023189000075)",Unfall 1328 (2024) Kat:3, Licht: 0,1328,3,3,5,08,16,3,,0,0,1,0,0
"POINT (9.714354394000054 52.362148117000061)",Unfall 1329 (2024) Kat:3, Licht: 0,1329,3,2,5,05,16,3,,0,0,1,0,1
"POINT (9.719349745000045 52.335965379000072)",Unfall 1330 (2024) Kat:3, Licht: 0,1330,3,6,3,05,06,3,,0,0,1,0,1