WKT,Name,OBJECTID,UKATEGORIE,UTYP1,UART,UMONAT,USTUNDE,UWOCHENTAG,STRZUSTAND,ULICHTVERH,ISTRAD,ISTPKW,ISTFUSS,ISTKRAD
"POINT (9.753027328000030 52.527109874000075)",Unfall 1331 (2024) Kat:3, Licht: 0,1331,3,7,0,05,17,3,,0,1,0,0,0
"POINT (9.725288503000058 52.459801711000068)",Unfall 1332 (2024) Kat:3, Licht: 0,1332,3,2,5,05,14,3,,0,0,1,0,0
"POINT (10.077800830000058 52.366828494000060)",Unfall 1333 (2024) Kat:3, Licht: 0,1333,3,1,9,05,15,3,,0,0,1,0,0
"POINT (9.971111759000053 52.389937221000082)",Unfall 1334 (2024) Kat:3, Licht: 0,1334,3,7,1,05,15,3,,0,0,1,1,0
"POINT (9.882354063000037 52.399101237000082)",Unfall 1335 (2024) Kat:3, Licht: 0,1335,3,6,2,05,13,3,,0,0,1,0,0
"POINT (9.827296189000037 52.356344791000026)",Unfall 1336 (2024) Kat:3, Licht: 0,1336,3,3,5,05,08,3,,0,1,1,0,0
"POINT (9.646167890000072 52.403592133000075)",Unfall 1337 (2024) Kat:3, Licht: 2,1337,3,5,1,07,01,4,,2,0,1,0,0
"POINT (9.499574718000076 52.540005955000026)",Unfall 1338 (2024) Kat:3, Licht: 1,1338,3,7,7,08,05,6,,1,0,0,0,1
"POINT (9.722219861000042 52.359206316000041)",Unfall 1339 (2024) Kat:3, Licht: 0,1339,3,3,5,05,17,2,,0,1,1,0,0
"POINT (9.719949216000032 52.337106599000037)",Unfall 1340 (2024) Kat:3, Licht: 0,1340,3,6,2,05,12,2,,0,0,1,0,0
"POINT (9.573479570000075 52.643063448000078)",Unfall 1341 (2024) Kat:3, Licht: 0,1341,3,2,4,05,14,2,,0,0,1,0,0
"POINT (9.452210625000021 52.504887983000060)",Unfall 1342 (2024) Kat:3, Licht: 0,1342,3,6,3,05,17,2,,0,1,1,0,0
"POINT (9.631621155000062 52.497148283000058)",Unfall 1343 (2024) Kat:3, Licht: 0,1343,3,1,0,05,14,2,,0,1,0,0,0
"POINT (10.045033963000037 52.375586440000063)",Unfall 1344 (2024) Kat:2, Licht: 0,1344,2,7,8,05,15,2,,0,0,0,0,0
"POINT (9.720939606000059 52.439724988000080)",Unfall 1345 (2024) Kat:3, Licht: 0,1345,3,1,9,05,16,2,,0,0,0,0,1
"POINT (9.573369235000030 52.337067952000041)",Unfall 1346 (2024) Kat:1, Licht: 2,1346,1,1,9,05,20,3,,2,0,1,0,0
"POINT (9.723214135000035 52.628438785000071)",Unfall 1347 (2024) Kat:3, Licht: 0,1347,3,6,2,08,15,1,,0,0,1,0,0
"POINT (9.782000759000027 52.345227787000056)",Unfall 1348 (2024) Kat:3, Licht: 0,1348,3,6,2,08,18,1,,0,0,1,0,0
"POINT (9.616624582000043 52.429567294000037)",Unfall 1349 (2024) Kat:3, Licht: 0,1349,3,6,2,08,16,4,,0,0,1,0,0
"POINT (10.112292415000070 52.363629379000031)",Unfall 1350 (2024) Kat:3, Licht: 0,1350,3,6,2,07,10,7,,0,0,1,0,0
"POINT (9.971032251000054 52.372955229000070)",Unfall 1351 (2024) Kat:3, Licht: 0,1351,3,2,6,07,13,3,,0,0,1,1,0
"POINT (9.678166572000066 52.365628502000050)",Unfall 1352 (2024) Kat:3, Licht: 0,1352,3,2,5,06,15,3,,0,0,1,0,0
"POINT (9.807239034000077 52.430691278000040)",Unfall 1353 (2024) Kat:3, Licht: 0,1353,3,6,3,05,19,5,,0,0,1,0,0
"POINT (9.769649764000064 52.174701960000050)",Unfall 1354 (2024) Kat:3, Licht: 0,1354,3,1,0,05,11,1,,0,1,0,0,0
"POINT (9.665663787000028 52.331226330000050)",Unfall 1355 (2024) Kat:3, Licht: 2,1355,3,1,9,05,02,1,,2,0,1,0,0
"POINT (9.976937348000035 52.372570881000058)",Unfall 1356 (2024) Kat:3, Licht: 0,1356,3,3,5,05,15,1,,0,0,1,0,0
"POINT (9.590039845000035 52.334414481000067)",Unfall 1357 (2024) Kat:3, Licht: 0,1357,3,2,2,08,08,3,,0,1,0,0,1
"POINT (9.903343923000023 52.354171480000048)",Unfall 1358 (2024) Kat:3, Licht: 0,1358,3,1,0,06,19,7,,0,0,0,0,1
"POINT (9.806754588000047 52.308147653000049)",Unfall 1359 (2024) Kat:3, Licht: 0,1359,3,2,4,05,13,7,,0,0,1,0,0
"POINT (9.760351301000071 52.427177429000039)",Unfall 1360 (2024) Kat:3, Licht: 2,1360,3,7,2,06,01,2,,2,0,1,0,0
"POINT (9.652184677000037 52.415879421000056)",Unfall 1361 (2024) Kat:3, Licht: 2,1361,3,3,5,05,22,5,,2,1,1,0,0
"POINT (9.627153966000037 52.423338752000063)",Unfall 1362 (2024) Kat:3, Licht: 0,1362,3,6,3,05,09,7,,0,0,1,0,0
"POINT (9.734654163000073 52.391756936000036)",Unfall 1363 (2024) Kat:3, Licht: 0,1363,3,7,6,05,18,7,,0,1,0,1,0
"POINT (9.393075843000076 52.431281085000080)",Unfall 1364 (2024) Kat:3, Licht: 0,1364,3,2,2,05,13,7,,0,0,1,0,0
"POINT (9.484138131000066 52.555211873000076)",Unfall 1365 (2024) Kat:3, Licht: 0,1365,3,6,8,05,12,7,,0,1,0,0,0
"POINT (9.729322899000067 52.438779918000080)",Unfall 1366 (2024) Kat:3, Licht: 0,1366,3,3,5,05,12,7,,0,1,1,0,0
"POINT (9.602963692000060 52.393952216000059)",Unfall 1367 (2024) Kat:1, Licht: 0,1367,1,4,6,05,14,7,,0,0,1,1,0
"POINT (9.780850291000036 52.571327337000071)",Unfall 1368 (2024) Kat:3, Licht: 0,1368,3,6,2,05,16,7,,0,0,1,0,0
"POINT (9.813221255000030 52.323714046000077)",Unfall 1369 (2024) Kat:2, Licht: 1,1369,2,6,2,05,21,7,,1,0,1,0,1
"POINT (9.716856535000034 52.366970411000068)",Unfall 1370 (2024) Kat:3, Licht: 0,1370,3,6,2,06,18,6,,0,0,1,0,0
"POINT (9.907578504000071 52.291564977000064)",Unfall 1371 (2024) Kat:3, Licht: 0,1371,3,1,9,07,13,6,,0,0,1,0,0
"POINT (9.714336224000022 52.575452524000070)",Unfall 1372 (2024) Kat:3, Licht: 0,1372,3,3,5,06,12,7,,0,1,1,0,0
"POINT (9.670200429000033 52.171360975000027)",Unfall 1373 (2024) Kat:3, Licht: 0,1373,3,6,2,05,15,4,,0,0,1,0,1
"POINT (9.663833688000068 52.239765906000059)",Unfall 1374 (2024) Kat:3, Licht: 0,1374,3,3,6,05,08,6,,0,0,1,1,0
"POINT (9.611227255000074 52.392050755000071)",Unfall 1375 (2024) Kat:3, Licht: 0,1375,3,3,5,05,14,6,,0,0,1,0,0
"POINT (9.427815004000024 52.552241994000042)",Unfall 1376 (2024) Kat:3, Licht: 0,1376,3,3,5,05,07,6,,0,0,1,0,0
"POINT (9.494290224000054 52.324569078000081)",Unfall 1377 (2024) Kat:3, Licht: 0,1377,3,7,0,05,05,6,,0,0,0,0,1
"POINT (9.613986807000060 52.430577929000037)",Unfall 1378 (2024) Kat:3, Licht: 0,1378,3,3,5,05,09,6,,0,1,1,0,0
"POINT (10.128848612000070 52.373297393000030)",Unfall 1379 (2024) Kat:3, Licht: 0,1379,3,6,2,05,19,6,,0,0,1,0,1
"POINT (9.814811123000027 52.460411221000072)",Unfall 1380 (2024) Kat:3, Licht: 0,1380,3,6,2,05,12,6,,0,0,1,0,0
"POINT (9.812043037000024 52.305654118000064)",Unfall 1381 (2024) Kat:3, Licht: 1,1381,3,4,6,05,21,6,,1,0,1,1,0
"POINT (9.630029017000027 52.485108760000060)",Unfall 1382 (2024) Kat:3, Licht: 0,1382,3,2,4,06,17,3,,0,1,1,0,0
"POINT (9.777451104000022 52.574561975000051)",Unfall 1383 (2024) Kat:3, Licht: 0,1383,3,6,2,05,16,6,,0,0,1,0,0
"POINT (9.633118321000040 52.421925392000048)",Unfall 1384 (2024) Kat:3, Licht: 0,1384,3,7,2,05,10,6,,0,0,1,0,0
"POINT (9.784704456000043 52.567005867000034)",Unfall 1385 (2024) Kat:3, Licht: 0,1385,3,6,2,05,10,6,,0,0,0,0,0
"POINT (9.647244375000071 52.413535284000034)",Unfall 1386 (2024) Kat:3, Licht: 0,1386,3,6,4,06,13,4,,0,1,0,0,0
"POINT (9.759046176000027 52.370324937000078)",Unfall 1387 (2024) Kat:3, Licht: 2,1387,3,6,3,06,23,2,,2,0,1,0,0
"POINT (9.716093272000023 52.458736118000047)",Unfall 1388 (2024) Kat:3, Licht: 2,1388,3,6,2,07,23,4,,2,0,1,0,0
"POINT (9.610858570000062 52.421967977000065)",Unfall 1389 (2024) Kat:3, Licht: 2,1389,3,7,2,07,02,5,,2,0,0,0,0
"POINT (9.342555963000052 52.554153953000082)",Unfall 1390 (2024) Kat:1, Licht: 2,1390,1,1,8,06,23,1,,2,0,1,0,0
"POINT (9.817921579000028 52.461138776000041)",Unfall 1391 (2024) Kat:3, Licht: 0,1391,3,1,8,07,21,4,,0,0,1,0,0
"POINT (9.859954347000041 52.490147195000077)",Unfall 1392 (2024) Kat:3, Licht: 0,1392,3,3,5,05,15,5,,0,1,1,0,0
"POINT (9.907608103000030 52.281105302000071)",Unfall 1393 (2024) Kat:3, Licht: 0,1393,3,6,2,06,16,5,,0,0,1,0,0
"POINT (10.270309418000068 52.479580964000036)",Unfall 1394 (2024) Kat:3, Licht: 0,1394,3,3,5,05,14,5,,0,0,1,0,0
"POINT (9.798611513000026 52.316742380000051)",Unfall 1395 (2024) Kat:3, Licht: 2,1395,3,6,2,06,00,5,,2,0,1,0,0
"POINT (9.951665791000039 52.456554351000079)",Unfall 1396 (2024) Kat:3, Licht: 0,1396,3,1,9,05,20,5,,0,0,0,0,1
"POINT (10.243584364000071 52.477312954000070)",Unfall 1397 (2024) Kat:1, Licht: 0,1397,1,6,3,05,12,5,,0,0,0,0,0
"POINT (9.780818649000025 52.571360945000038)",Unfall 1398 (2024) Kat:3, Licht: 0,1398,3,6,2,05,12,5,,0,0,1,0,0
"POINT (9.851515351000046 52.410663504000070)",Unfall 1399 (2024) Kat:2, Licht: 0,1399,2,6,2,05,08,6,,0,0,1,0,0
"POINT (9.684203149000041 52.360061964000067)",Unfall 1400 (2024) Kat:3, Licht: 0,1400,3,7,0,07,17,2,,0,1,0,0,0
"POINT (9.537672462000046 52.271059975000071)",Unfall 1401 (2024) Kat:3, Licht: 0,1401,3,1,0,05,07,3,,0,1,0,0,0
"POINT (9.682866321000063 52.372979009000062)",Unfall 1402 (2024) Kat:3, Licht: 0,1402,3,1,8,08,06,1,,0,0,1,0,0
"POINT (9.755704607000041 52.590713667000045)",Unfall 1403 (2024) Kat:3, Licht: 0,1403,3,6,2,08,11,6,,0,0,0,0,0
"POINT (9.719400003000032 52.346595999000044)",Unfall 1404 (2024) Kat:3, Licht: 0,1404,3,6,3,06,06,4,,0,0,1,0,0
"POINT (9.529156062000027 52.193330456000069)",Unfall 1405 (2024) Kat:3, Licht: 0,1405,3,1,8,07,11,2,,0,0,1,0,0
"POINT (9.747708433000071 52.201683142000036)",Unfall 1406 (2024) Kat:3, Licht: 0,1406,3,1,8,07,10,6,,0,0,1,0,0
"POINT (9.727715852000074 52.381375990000038)",Unfall 1407 (2024) Kat:3, Licht: 0,1407,3,6,2,06,09,7,,0,0,1,0,0
"POINT (9.451649504000045 52.504868467000051)",Unfall 1408 (2024) Kat:3, Licht: 1,1408,3,6,2,07,20,1,,1,0,1,0,0
"POINT (9.717459541000039 52.396094053000070)",Unfall 1409 (2024) Kat:3, Licht: 0,1409,3,1,0,06,09,5,,0,0,0,0,0
"POINT (9.728733919000035 52.373185104000072)",Unfall 1410 (2024) Kat:3, Licht: 0,1410,3,6,2,05,14,4,,0,0,1,0,1
"POINT (9.733965331000036 52.438529136000056)",Unfall 1411 (2024) Kat:3, Licht: 0,1411,3,2,5,05,07,4,,0,1,1,0,0
"POINT (10.184159707000049 52.465433809000046)",Unfall 1412 (2024) Kat:3, Licht: 0,1412,3,3,5,05,07,4,,0,0,1,0,0
"POINT (10.260356899000044 52.453752919000067)",Unfall 1413 (2024) Kat:3, Licht: 0,1413,3,3,5,05,16,4,,0,0,1,0,0
"POINT (9.731148725000025 52.427389098000049)",Unfall 1414 (2024) Kat:3, Licht: 0,1414,3,7,2,05,15,4,,0,0,0,0,0
"POINT (9.883376776000034 52.398771977000081)",Unfall 1415 (2024) Kat:2, Licht: 0,1415,2,6,2,05,14,4,,0,0,1,0,0
"POINT (9.682310655000038 52.581675686000040)",Unfall 1416 (2024) Kat:3, Licht: 0,1416,3,2,5,05,20,4,,0,0,1,0,1
"POINT (9.574192058000051 52.633288238000034)",Unfall 1417 (2024) Kat:3, Licht: 2,1417,3,7,8,07,02,1,,2,0,1,0,0
"POINT (9.756797519000031 52.334309939000036)",Unfall 1418 (2024) Kat:3, Licht: 0,1418,3,2,5,05,16,4,,0,1,0,0,0
"POINT (9.865836782000031 52.362390748000053)",Unfall 1419 (2024) Kat:3, Licht: 0,1419,3,3,5,06,12,5,,0,1,1,0,0
"POINT (9.680877950000024 52.380903071000034)",Unfall 1420 (2024) Kat:3, Licht: 0,1420,3,3,5,07,13,5,,0,1,1,0,0
"POINT (9.627079185000071 52.423248379000029)",Unfall 1421 (2024) Kat:3, Licht: 0,1421,3,6,2,09,06,4,,0,0,1,0,0
"POINT (9.882891944000050 52.359133481000072)",Unfall 1422 (2024) Kat:3, Licht: 0,1422,3,1,9,09,09,4,,0,0,1,0,0
"POINT (9.451004732000058 52.521344363000026)",Unfall 1423 (2024) Kat:3, Licht: 0,1423,3,1,8,09,13,4,,0,0,1,0,0
"POINT (9.597121631000050 52.409056971000041)",Unfall 1424 (2024) Kat:3, Licht: 0,1424,3,6,2,09,07,4,,0,0,1,0,0
"POINT (9.954266322000024 52.321740696000063)",Unfall 1425 (2024) Kat:3, Licht: 2,1425,3,4,6,09,23,4,,2,0,1,1,0
"POINT (9.943502353000042 52.477349645000061)",Unfall 1426 (2024) Kat:3, Licht: 1,1426,3,6,8,09,05,4,,1,0,1,0,0
"POINT (9.657362779000039 52.349645683000062)",Unfall 1427 (2024) Kat:1, Licht: 2,1427,1,1,9,09,21,4,,2,0,1,0,0
"POINT (9.868347099000061 52.312778406000064)",Unfall 1428 (2024) Kat:3, Licht: 1,1428,3,1,8,09,07,4,,1,0,1,0,0
"POINT (9.734385617000044 52.389353926000069)",Unfall 1429 (2024) Kat:3, Licht: 0,1429,3,6,4,09,14,4,,0,1,0,0,0
"POINT (9.730504725000060 52.370778711000071)",Unfall 1430 (2024) Kat:3, Licht: 0,1430,3,3,5,09,07,4,,0,1,1,0,0
"POINT (9.785195650000048 52.320720460000075)",Unfall 1431 (2024) Kat:3, Licht: 0,1431,3,7,7,09,07,3,,0,1,0,0,0
"POINT (9.761402323000027 52.370480182000051)",Unfall 1432 (2024) Kat:3, Licht: 2,1432,3,2,5,09,20,3,,2,1,1,0,0
"POINT (9.696266581000032 52.418629572000043)",Unfall 1433 (2024) Kat:3, Licht: 0,1433,3,1,0,09,10,3,,0,0,0,0,1
"POINT (9.477169923000076 52.509187035000082)",Unfall 1434 (2024) Kat:3, Licht: 0,1434,3,3,5,09,14,3,,0,0,1,0,0
"POINT (9.970458872000052 52.470882602000074)",Unfall 1435 (2024) Kat:3, Licht: 0,1435,3,1,9,09,10,3,,0,0,0,0,0
"POINT (9.800117417000024 52.542445365000049)",Unfall 1436 (2024) Kat:3, Licht: 0,1436,3,6,2,09,17,3,,0,0,1,0,0
"POINT (9.827277156000036 52.355959137000070)",Unfall 1437 (2024) Kat:3, Licht: 0,1437,3,2,5,09,18,2,,0,1,1,0,0
"POINT (9.427714083000069 52.431063096000059)",Unfall 1438 (2024) Kat:3, Licht: 0,1438,3,2,2,09,13,2,,0,0,1,0,1
"POINT (9.535924555000065 52.441904348000037)",Unfall 1439 (2024) Kat:3, Licht: 0,1439,3,5,2,09,17,2,,0,0,1,0,0
"POINT (9.733952811000051 52.478549848000057)",Unfall 1440 (2024) Kat:3, Licht: 1,1440,3,4,0,09,07,2,,1,0,1,1,0
"POINT (9.462574349000022 52.378949441000032)",Unfall 1441 (2024) Kat:3, Licht: 2,1441,3,7,8,09,01,2,,2,0,0,0,0
"POINT (9.745034540000063 52.369035825000026)",Unfall 1442 (2024) Kat:3, Licht: 2,1442,3,6,2,09,20,1,,2,0,1,0,0
"POINT (9.722604274000048 52.378409601000044)",Unfall 1443 (2024) Kat:3, Licht: 0,1443,3,6,2,09,14,1,,0,0,1,0,0
"POINT (9.382755309000061 52.456939540000064)",Unfall 1444 (2024) Kat:3, Licht: 0,1444,3,6,4,09,10,1,,0,0,1,0,0
"POINT (9.477310371000044 52.387309796000068)",Unfall 1445 (2024) Kat:3, Licht: 0,1445,3,2,5,09,15,1,,0,0,1,0,0
"POINT (9.959263575000023 52.363740447000055)",Unfall 1446 (2024) Kat:3, Licht: 0,1446,3,2,4,09,14,1,,0,0,1,0,0
"POINT (9.936831843000050 52.445845045000056)",Unfall 1447 (2024) Kat:3, Licht: 0,1447,3,6,2,09,17,1,,0,0,1,0,0
"POINT (9.858049486000027 52.407459943000049)",Unfall 1448 (2024) Kat:3, Licht: 0,1448,3,1,8,09,18,1,,0,0,1,0,0
"POINT (9.696447497000065 52.379743316000031)",Unfall 1449 (2024) Kat:3, Licht: 2,1449,3,1,9,09,01,1,,2,0,1,0,0
"POINT (9.699937735000049 52.362970620000056)",Unfall 1450 (2024) Kat:3, Licht: 0,1450,3,2,4,09,18,7,,0,1,0,0,0
"POINT (9.389305155000045 52.458134235000045)",Unfall 1451 (2024) Kat:3, Licht: 0,1451,3,2,3,09,13,7,,0,1,1,0,0
"POINT (9.491893034000043 52.415933249000034)",Unfall 1452 (2024) Kat:3, Licht: 0,1452,3,6,2,09,16,7,,0,0,1,0,0
"POINT (9.739924679000069 52.319808680000051)",Unfall 1453 (2024) Kat:3, Licht: 0,1453,3,2,5,09,08,7,,0,1,1,0,0
"POINT (9.488288073000035 52.308865729000047)",Unfall 1454 (2024) Kat:3, Licht: 0,1454,3,3,5,09,12,7,,0,0,1,0,0
"POINT (9.909841361000076 52.292983673000037)",Unfall 1455 (2024) Kat:3, Licht: 0,1455,3,3,5,09,14,7,,0,0,1,0,0
"POINT (9.734404114000029 52.468703122000079)",Unfall 1456 (2024) Kat:3, Licht: 0,1456,3,6,4,09,13,7,,0,0,1,0,0
"POINT (9.810675979000052 52.529462707000050)",Unfall 1457 (2024) Kat:2, Licht: 0,1457,2,7,8,09,16,7,,0,0,1,0,0
"POINT (9.450952889000064 52.372274304000030)",Unfall 1458 (2024) Kat:3, Licht: 2,1458,3,7,2,09,01,7,,2,0,0,0,0
"POINT (9.734747996000067 52.407693363000078)",Unfall 1459 (2024) Kat:3, Licht: 0,1459,3,7,6,09,14,7,,0,0,0,1,0
"POINT (9.451477031000024 52.430637087000036)",Unfall 1460 (2024) Kat:3, Licht: 0,1460,3,7,5,09,18,6,,0,0,1,1,0
"POINT (9.697172008000052 52.213899905000062)",Unfall 1461 (2024) Kat:3, Licht: 0,1461,3,7,0,09,13,6,,0,1,0,0,0
"POINT (9.593998218000024 52.320338256000070)",Unfall 1462 (2024) Kat:3, Licht: 0,1462,3,3,5,09,09,6,,0,1,1,0,0
"POINT (9.589832433000026 52.581196553000041)",Unfall 1463 (2024) Kat:3, Licht: 0,1463,3,3,5,09,15,6,,0,1,1,0,0
"POINT (9.737661684000045 52.544416327000079)",Unfall 1464 (2024) Kat:3, Licht: 0,1464,3,3,5,09,07,6,,0,1,1,0,0
"POINT (9.657731313000056 52.356994473000043)",Unfall 1465 (2024) Kat:3, Licht: 2,1465,3,3,5,09,21,6,,2,0,1,0,0
"POINT (9.690040226000065 52.385802870000077)",Unfall 1466 (2024) Kat:3, Licht: 0,1466,3,6,2,09,14,5,,0,0,1,0,0
"POINT (9.715819940000074 52.378166338000028)",Unfall 1467 (2024) Kat:3, Licht: 0,1467,3,6,2,09,08,5,,0,0,1,0,0
"POINT (9.833349246000068 52.361246707000078)",Unfall 1468 (2024) Kat:3, Licht: 0,1468,3,3,5,09,17,5,,0,1,0,0,0
"POINT (9.402702049000027 52.427060546000064)",Unfall 1469 (2024) Kat:3, Licht: 0,1469,3,6,2,09,17,5,,0,0,1,0,0
"POINT (9.793819053000050 52.217119455000045)",Unfall 1470 (2024) Kat:3, Licht: 0,1470,3,6,4,09,12,5,,0,0,1,0,0
"POINT (9.716101707000064 52.313455147000070)",Unfall 1471 (2024) Kat:3, Licht: 0,1471,3,3,5,09,12,5,,0,0,0,0,1
"POINT (9.965690040000027 52.315650496000046)",Unfall 1472 (2024) Kat:3, Licht: 0,1472,3,6,2,09,15,5,,0,0,1,0,0
"POINT (9.964370624000026 52.316275213000040)",Unfall 1473 (2024) Kat:3, Licht: 0,1473,3,3,5,09,14,5,,0,0,1,0,1
"POINT (9.778922721000072 52.425894208000045)",Unfall 1474 (2024) Kat:3, Licht: 0,1474,3,6,2,09,17,5,,0,1,0,0,0
"POINT (9.881440776000034 52.435749299000065)",Unfall 1475 (2024) Kat:3, Licht: 2,1475,3,3,5,09,21,5,,2,0,1,0,1
"POINT (9.907250586000032 52.478818009000065)",Unfall 1476 (2024) Kat:3, Licht: 0,1476,3,6,3,09,07,5,,0,0,1,0,0
"POINT (10.019628716000057 52.436340665000046)",Unfall 1477 (2024) Kat:3, Licht: 0,1477,3,2,5,09,07,5,,0,0,1,0,0
"POINT (9.674739798000076 52.381939036000063)",Unfall 1478 (2024) Kat:2, Licht: 0,1478,2,7,0,09,19,5,,0,1,0,0,0
"POINT (9.837129395000034 52.276910354000051)",Unfall 1479 (2024) Kat:3, Licht: 1,1479,3,7,0,09,20,4,,1,1,0,0,0
"POINT (9.746489073000021 52.369092104000060)",Unfall 1480 (2024) Kat:3, Licht: 0,1480,3,6,2,09,14,4,,0,0,1,0,0
"POINT (9.788485798000067 52.271305230000053)",Unfall 1481 (2024) Kat:3, Licht: 0,1481,3,6,2,09,07,4,,0,0,1,0,0
"POINT (9.464712702000043 52.514226419000067)",Unfall 1482 (2024) Kat:3, Licht: 0,1482,3,2,2,09,07,4,,0,0,1,0,0
"POINT (9.738462931000072 52.437834746000078)",Unfall 1483 (2024) Kat:3, Licht: 0,1483,3,6,2,09,08,4,,0,0,1,0,0
"POINT (9.900175668000031 52.493721222000033)",Unfall 1484 (2024) Kat:3, Licht: 0,1484,3,3,5,09,16,4,,0,1,1,0,0
"POINT (9.794006432000060 52.350618687000065)",Unfall 1485 (2024) Kat:3, Licht: 0,1485,3,6,2,09,14,4,,0,0,1,0,0
"POINT (9.459344740000063 52.377087870000082)",Unfall 1486 (2024) Kat:3, Licht: 0,1486,3,6,2,09,09,4,,0,0,1,0,0
"POINT (9.686293119000027 52.429872202000070)",Unfall 1487 (2024) Kat:3, Licht: 0,1487,3,6,2,09,07,4,,0,0,1,0,0
"POINT (9.723533601000042 52.377902495000058)",Unfall 1488 (2024) Kat:3, Licht: 0,1488,3,7,7,09,14,3,,0,1,0,0,0
"POINT (9.697216540000056 52.378183162000028)",Unfall 1489 (2024) Kat:3, Licht: 0,1489,3,6,2,09,16,3,,0,0,1,0,0
"POINT (9.798286862000054 52.420166458000040)",Unfall 1490 (2024) Kat:3, Licht: 0,1490,3,3,5,09,15,3,,0,1,1,0,0
"POINT (9.464286550000054 52.402793824000071)",Unfall 1491 (2024) Kat:3, Licht: 2,1491,3,1,9,09,23,3,,2,0,0,0,0
"POINT (9.663352842000052 52.315825718000042)",Unfall 1492 (2024) Kat:3, Licht: 0,1492,3,2,4,09,14,3,,0,0,1,0,0
"POINT (9.581727562000026 52.417667406000078)",Unfall 1493 (2024) Kat:3, Licht: 0,1493,3,6,2,09,12,3,,0,0,1,0,1
"POINT (9.761676140000077 52.345722169000055)",Unfall 1494 (2024) Kat:3, Licht: 0,1494,3,7,4,09,16,3,,0,0,1,0,0
"POINT (9.812948408000068 52.305179456000076)",Unfall 1495 (2024) Kat:3, Licht: 0,1495,3,2,5,09,10,3,,0,0,1,0,0
"POINT (9.440047854000056 52.417768216000070)",Unfall 1496 (2024) Kat:3, Licht: 2,1496,3,1,0,09,22,2,,2,0,0,0,0
"POINT (9.468504425000049 52.504534758000034)",Unfall 1497 (2024) Kat:3, Licht: 0,1497,3,3,5,09,07,2,,0,0,1,0,0
"POINT (9.790029103000052 52.519368493000059)",Unfall 1498 (2024) Kat:3, Licht: 0,1498,3,3,5,09,18,2,,0,1,1,0,0
"POINT (9.464540543000055 52.403373774000045)",Unfall 1499 (2024) Kat:2, Licht: 0,1499,2,1,8,09,19,2,,0,0,1,0,0
"POINT (9.720043813000075 52.391941859000042)",Unfall 1500 (2024) Kat:3, Licht: 0,1500,3,7,6,09,14,2,,0,0,1,1,0
"POINT (9.861094121000065 52.420891821000055)",Unfall 1501 (2024) Kat:3, Licht: 0,1501,3,6,2,09,16,2,,0,0,1,0,0
"POINT (9.671922673000040 52.358500414000048)",Unfall 1502 (2024) Kat:3, Licht: 0,1502,3,7,7,09,12,1,,0,1,0,0,0
"POINT (9.831570016000057 52.361176763000060)",Unfall 1503 (2024) Kat:3, Licht: 0,1503,3,7,0,09,15,1,,0,1,0,0,0
"POINT (9.859085446000051 52.511678084000039)",Unfall 1504 (2024) Kat:2, Licht: 0,1504,2,7,0,09,18,1,,0,0,0,0,0
"POINT (10.130293420000044 52.370347748000029)",Unfall 1505 (2024) Kat:2, Licht: 0,1505,2,3,5,09,18,1,,0,1,0,0,0
"POINT (10.114109647000021 52.457147451000026)",Unfall 1506 (2024) Kat:3, Licht: 0,1506,3,7,8,09,13,1,,0,0,1,0,0
"POINT (9.663262092000025 52.300395402000049)",Unfall 1507 (2024) Kat:3, Licht: 0,1507,3,1,9,09,15,4,,0,0,1,0,0
"POINT (9.526406476000034 52.417583568000055)",Unfall 1508 (2024) Kat:3, Licht: 0,1508,3,6,2,09,12,5,,0,0,1,0,0
"POINT (9.791682232000028 52.315278946000035)",Unfall 1509 (2024) Kat:3, Licht: 0,1509,3,7,0,08,15,7,,0,1,0,0,0
"POINT (9.738798843000041 52.368040610000037)",Unfall 1510 (2024) Kat:3, Licht: 0,1510,3,2,5,08,16,7,,0,1,1,0,0
"POINT (9.710833968000031 52.429553812000051)",Unfall 1511 (2024) Kat:3, Licht: 2,1511,3,6,2,08,04,7,,2,0,1,0,0
"POINT (9.463290719000042 52.529114337000067)",Unfall 1512 (2024) Kat:2, Licht: 2,1512,2,1,0,08,23,7,,2,1,0,0,0
"POINT (9.897215112000026 52.290505944000074)",Unfall 1513 (2024) Kat:3, Licht: 2,1513,3,7,8,08,21,7,,2,0,1,0,0
"POINT (9.858257585000047 52.306791296000029)",Unfall 1514 (2024) Kat:3, Licht: 0,1514,3,6,2,08,13,6,,0,0,0,0,0
"POINT (9.699780027000031 52.416386525000064)",Unfall 1515 (2024) Kat:3, Licht: 0,1515,3,6,2,08,07,6,,0,0,1,0,0
"POINT (9.672549399000047 52.428688643000044)",Unfall 1516 (2024) Kat:3, Licht: 1,1516,3,1,9,08,06,6,,1,0,1,0,0
"POINT (9.822714927000050 52.406438996000077)",Unfall 1517 (2024) Kat:3, Licht: 0,1517,3,3,5,08,11,6,,0,0,1,0,0
"POINT (9.719218582000053 52.392802584000037)",Unfall 1518 (2024) Kat:3, Licht: 0,1518,3,4,6,08,11,6,,0,0,1,1,0