WKT,Name,OBJECTID,UKATEGORIE,UTYP1,UART,UMONAT,USTUNDE,UWOCHENTAG,STRZUSTAND,ULICHTVERH,ISTRAD,ISTPKW,ISTFUSS,ISTKRAD
"POINT (9.846946754000044 52.274777578000055)",Unfall 1519 (2024) Kat:3, Licht: 0,1519,3,6,2,08,16,5,,0,0,1,0,0
"POINT (9.787436626000044 52.372073486000033)",Unfall 1520 (2024) Kat:3, Licht: 0,1520,3,3,5,08,08,5,,0,0,1,0,0
"POINT (9.648877835000064 52.412484104000043)",Unfall 1521 (2024) Kat:3, Licht: 2,1521,3,7,0,08,00,5,,2,0,0,0,0
"POINT (9.660008348000076 52.376953330000049)",Unfall 1522 (2024) Kat:2, Licht: 0,1522,2,6,0,08,15,5,,0,0,0,0,1
"POINT (9.697726497000076 52.377158772000030)",Unfall 1523 (2024) Kat:3, Licht: 0,1523,3,6,1,08,12,5,,0,0,1,0,0
"POINT (9.773709550000035 52.332098040000062)",Unfall 1524 (2024) Kat:3, Licht: 0,1524,3,6,3,08,09,5,,0,1,0,0,0
"POINT (9.462500966000050 52.402903520000052)",Unfall 1525 (2024) Kat:3, Licht: 0,1525,3,1,8,08,18,5,,0,0,1,0,0
"POINT (9.422702892000075 52.429381354000043)",Unfall 1526 (2024) Kat:2, Licht: 0,1526,2,3,5,08,09,5,,0,1,1,0,0
"POINT (9.576463467000053 52.440251170000067)",Unfall 1527 (2024) Kat:3, Licht: 0,1527,3,3,5,08,11,5,,0,1,1,0,0
"POINT (9.617943077000064 52.428866452000079)",Unfall 1528 (2024) Kat:2, Licht: 0,1528,2,6,2,08,17,5,,0,0,1,0,0
"POINT (9.648428043000024 52.423993198000062)",Unfall 1529 (2024) Kat:3, Licht: 0,1529,3,3,0,08,16,5,,0,0,1,0,0
"POINT (9.826255415000048 52.289689145000068)",Unfall 1530 (2024) Kat:3, Licht: 1,1530,3,6,4,08,05,5,,1,1,0,0,0
"POINT (9.726445410000053 52.366800681000029)",Unfall 1531 (2024) Kat:3, Licht: 0,1531,3,7,8,08,19,7,,0,0,1,0,0
"POINT (9.734840758000075 52.368944953000039)",Unfall 1532 (2024) Kat:3, Licht: 0,1532,3,6,2,08,19,4,,0,0,1,0,0
"POINT (9.722515692000059 52.378457164000054)",Unfall 1533 (2024) Kat:3, Licht: 0,1533,3,6,2,08,13,4,,0,0,1,0,0
"POINT (9.652073940000037 52.377098726000042)",Unfall 1534 (2024) Kat:3, Licht: 0,1534,3,2,2,08,07,4,,0,0,1,0,0
"POINT (9.476187495000033 52.503743366000037)",Unfall 1535 (2024) Kat:3, Licht: 2,1535,3,2,0,08,20,4,,2,0,1,0,1
"POINT (9.357746202000044 52.501304094000034)",Unfall 1536 (2024) Kat:3, Licht: 0,1536,3,7,0,08,13,4,,0,1,0,0,0
"POINT (9.720362907000037 52.540657115000045)",Unfall 1537 (2024) Kat:3, Licht: 0,1537,3,2,5,08,13,4,,0,0,0,0,1
"POINT (9.861087802000043 52.420888723000076)",Unfall 1538 (2024) Kat:3, Licht: 0,1538,3,6,2,08,15,4,,0,0,1,0,0
"POINT (9.818367351000063 52.427678456000081)",Unfall 1539 (2024) Kat:3, Licht: 0,1539,3,6,3,08,11,4,,0,0,1,0,0
"POINT (9.733320306000053 52.420948466000027)",Unfall 1540 (2024) Kat:3, Licht: 0,1540,3,3,5,08,17,4,,0,1,0,0,0
"POINT (9.734997094000050 52.393279426000049)",Unfall 1541 (2024) Kat:3, Licht: 0,1541,3,2,5,08,15,4,,0,1,0,0,0
"POINT (9.714573686000051 52.361075069000037)",Unfall 1542 (2024) Kat:3, Licht: 0,1542,3,2,5,09,15,4,,0,0,1,0,0
"POINT (9.727066314000069 52.366904355000031)",Unfall 1543 (2024) Kat:3, Licht: 0,1543,3,2,5,08,15,3,,0,1,1,0,0
"POINT (9.719601527000066 52.367647141000077)",Unfall 1544 (2024) Kat:3, Licht: 2,1544,3,6,2,08,22,3,,2,0,1,0,0
"POINT (9.824172679000071 52.339615560000027)",Unfall 1545 (2024) Kat:3, Licht: 0,1545,3,2,4,08,07,3,,0,1,1,0,0
"POINT (9.774665928000047 52.331146377000039)",Unfall 1546 (2024) Kat:3, Licht: 0,1546,3,6,2,08,08,3,,0,0,1,0,0
"POINT (9.746436899000059 52.320495706000031)",Unfall 1547 (2024) Kat:3, Licht: 0,1547,3,3,5,08,07,3,,0,0,1,0,0
"POINT (9.475068105000048 52.503825914000060)",Unfall 1548 (2024) Kat:3, Licht: 0,1548,3,6,2,08,13,3,,0,0,1,0,0
"POINT (9.913166456000056 52.358650921000049)",Unfall 1549 (2024) Kat:3, Licht: 0,1549,3,7,0,08,15,3,,0,1,0,0,0
"POINT (9.723670510000034 52.440200537000067)",Unfall 1550 (2024) Kat:3, Licht: 0,1550,3,6,2,08,11,3,,0,0,1,0,0
"POINT (9.589351277000048 52.423736087000066)",Unfall 1551 (2024) Kat:3, Licht: 0,1551,3,6,3,08,15,3,,0,0,1,0,0
"POINT (9.819917459000067 52.406433627000069)",Unfall 1552 (2024) Kat:3, Licht: 0,1552,3,6,2,08,07,3,,0,0,1,0,0
"POINT (9.704198678000068 52.417071624000073)",Unfall 1553 (2024) Kat:3, Licht: 2,1553,3,3,5,08,03,3,,2,0,1,0,0
"POINT (9.695035378000057 52.337613476000058)",Unfall 1554 (2024) Kat:3, Licht: 0,1554,3,2,5,08,16,2,,0,1,1,0,0
"POINT (9.677438755000026 52.192763059000072)",Unfall 1555 (2024) Kat:3, Licht: 0,1555,3,6,4,08,06,2,,0,0,1,0,0
"POINT (9.665314615000057 52.335586087000081)",Unfall 1556 (2024) Kat:3, Licht: 0,1556,3,3,5,08,08,2,,0,1,1,0,0
"POINT (9.769424785000069 52.204736333000028)",Unfall 1557 (2024) Kat:2, Licht: 0,1557,2,1,8,08,08,2,,0,0,1,0,0
"POINT (9.511589422000043 52.426660370000036)",Unfall 1558 (2024) Kat:3, Licht: 0,1558,3,5,1,08,12,1,,0,0,1,0,1
"POINT (9.901148257000045 52.287774740000032)",Unfall 1559 (2024) Kat:3, Licht: 0,1559,3,6,3,08,19,1,,0,0,1,0,1
"POINT (9.761950073000037 52.370422412000039)",Unfall 1560 (2024) Kat:3, Licht: 0,1560,3,6,2,08,15,7,,0,0,1,0,0
"POINT (9.720391526000071 52.391498964000050)",Unfall 1561 (2024) Kat:3, Licht: 0,1561,3,4,6,08,08,7,,0,0,0,1,1
"POINT (9.726604628000075 52.375559118000069)",Unfall 1562 (2024) Kat:3, Licht: 0,1562,3,2,3,08,19,7,,0,0,1,0,0
"POINT (9.766558410000073 52.340659419000076)",Unfall 1563 (2024) Kat:3, Licht: 2,1563,3,7,0,08,02,7,,2,0,0,0,0
"POINT (9.355118100000027 52.444652269000073)",Unfall 1564 (2024) Kat:3, Licht: 0,1564,3,6,2,08,18,7,,0,0,1,0,1
"POINT (9.551872713000023 52.318558168000038)",Unfall 1565 (2024) Kat:3, Licht: 0,1565,3,7,1,08,18,7,,0,0,1,0,1
"POINT (9.478432506000047 52.386081270000034)",Unfall 1566 (2024) Kat:3, Licht: 0,1566,3,3,5,08,14,7,,0,0,1,0,0
"POINT (9.648611799000037 52.412683821000030)",Unfall 1567 (2024) Kat:3, Licht: 1,1567,3,6,2,08,19,4,,1,0,1,0,0
"POINT (9.801979091000021 52.370616138000059)",Unfall 1568 (2024) Kat:3, Licht: 0,1568,3,6,2,08,13,6,,0,0,1,0,0
"POINT (9.762647374000039 52.344635382000035)",Unfall 1569 (2024) Kat:3, Licht: 0,1569,3,6,2,08,13,6,,0,0,1,0,0
"POINT (9.396820017000039 52.456154512000069)",Unfall 1570 (2024) Kat:3, Licht: 2,1570,3,6,2,08,23,6,,2,0,1,0,0
"POINT (9.419456124000021 52.450052077000066)",Unfall 1571 (2024) Kat:3, Licht: 0,1571,3,3,5,08,06,6,,0,1,1,0,0
"POINT (9.665533979000031 52.332895310000026)",Unfall 1572 (2024) Kat:3, Licht: 0,1572,3,3,5,08,07,6,,0,1,1,0,0
"POINT (9.426704840000070 52.321055958000045)",Unfall 1573 (2024) Kat:3, Licht: 0,1573,3,2,2,08,18,6,,0,1,1,0,0
"POINT (9.593354581000028 52.437718733000054)",Unfall 1574 (2024) Kat:3, Licht: 0,1574,3,3,5,08,16,6,,0,1,1,0,0
"POINT (9.754725994000069 52.524580703000026)",Unfall 1575 (2024) Kat:3, Licht: 0,1575,3,3,6,08,11,6,,0,0,1,1,0
"POINT (9.971348170000056 52.369126739000080)",Unfall 1576 (2024) Kat:3, Licht: 0,1576,3,2,3,08,12,6,,0,1,1,0,0
"POINT (9.808462958000064 52.532212488000027)",Unfall 1577 (2024) Kat:3, Licht: 0,1577,3,1,9,08,08,6,,0,0,1,0,0
"POINT (9.799546829000064 52.446826841000075)",Unfall 1578 (2024) Kat:3, Licht: 0,1578,3,7,5,08,17,6,,0,0,1,0,1
"POINT (9.736192788000039 52.399277006000034)",Unfall 1579 (2024) Kat:3, Licht: 1,1579,3,2,4,09,05,3,,1,1,1,0,0
"POINT (9.810267518000046 52.382397251000043)",Unfall 1580 (2024) Kat:3, Licht: 0,1580,3,6,2,08,15,2,,0,1,0,0,0
"POINT (9.717821992000040 52.395465164000029)",Unfall 1581 (2024) Kat:3, Licht: 2,1581,3,7,0,08,21,5,,2,0,0,0,0
"POINT (9.646376763000035 52.401316475000044)",Unfall 1582 (2024) Kat:3, Licht: 0,1582,3,3,5,08,07,5,,0,0,1,0,1
"POINT (9.635625907000076 52.553177334000054)",Unfall 1583 (2024) Kat:3, Licht: 1,1583,3,3,5,08,19,5,,1,1,0,0,0
"POINT (9.980241643000056 52.374777887000050)",Unfall 1584 (2024) Kat:3, Licht: 0,1584,3,6,2,08,17,5,,0,0,1,0,0
"POINT (10.015019739000024 52.420890426000028)",Unfall 1585 (2024) Kat:3, Licht: 1,1585,3,1,9,08,19,5,,1,0,0,0,1
"POINT (9.754197568000052 52.355510656000035)",Unfall 1586 (2024) Kat:3, Licht: 0,1586,3,3,5,08,18,5,,0,1,1,0,0
"POINT (9.719454681000059 52.346537419000072)",Unfall 1587 (2024) Kat:3, Licht: 2,1587,3,1,8,08,02,4,,2,0,1,0,0
"POINT (9.675406040000041 52.377153099000054)",Unfall 1588 (2024) Kat:3, Licht: 0,1588,3,2,2,08,17,4,,0,1,1,0,0
"POINT (9.488172093000060 52.556359325000074)",Unfall 1589 (2024) Kat:3, Licht: 0,1589,3,2,5,08,13,4,,0,1,1,0,0
"POINT (9.477272776000063 52.387335401000030)",Unfall 1590 (2024) Kat:3, Licht: 0,1590,3,3,5,08,05,4,,0,0,1,0,0
"POINT (9.753840409000077 52.526045720000070)",Unfall 1591 (2024) Kat:3, Licht: 0,1591,3,6,2,08,07,4,,0,0,1,0,0
"POINT (9.723351548000039 52.440633283000068)",Unfall 1592 (2024) Kat:3, Licht: 0,1592,3,6,2,08,09,4,,0,0,1,0,0
"POINT (9.860626842000045 52.517371367000067)",Unfall 1593 (2024) Kat:3, Licht: 0,1593,3,6,2,08,17,4,,0,0,1,0,0
"POINT (9.964185127000064 52.478909557000065)",Unfall 1594 (2024) Kat:3, Licht: 0,1594,3,6,3,08,08,4,,0,1,1,0,0
"POINT (9.508338313000024 52.408603210000081)",Unfall 1595 (2024) Kat:3, Licht: 0,1595,3,6,2,08,14,4,,0,0,1,0,0
"POINT (9.883906393000075 52.430126087000076)",Unfall 1596 (2024) Kat:3, Licht: 0,1596,3,6,0,08,12,4,,0,0,1,0,0
"POINT (9.610801090000052 52.421973492000063)",Unfall 1597 (2024) Kat:2, Licht: 0,1597,2,6,2,08,07,4,,0,0,1,0,1
"POINT (9.816880481000055 52.363017296000066)",Unfall 1598 (2024) Kat:3, Licht: 1,1598,3,7,0,09,19,1,,1,0,0,0,0
"POINT (9.714843509000048 52.398456027000066)",Unfall 1599 (2024) Kat:3, Licht: 0,1599,3,2,5,08,15,3,,0,0,1,0,0
"POINT (9.733711755000058 52.384512998000048)",Unfall 1600 (2024) Kat:3, Licht: 0,1600,3,6,2,08,14,3,,0,0,1,0,0
"POINT (9.697759802000064 52.377127307000080)",Unfall 1601 (2024) Kat:3, Licht: 0,1601,3,6,2,08,13,3,,0,0,1,0,0
"POINT (9.686349482000026 52.378928727000073)",Unfall 1602 (2024) Kat:3, Licht: 1,1602,3,7,0,08,05,3,,1,1,0,0,0
"POINT (9.416823227000066 52.427842033000047)",Unfall 1603 (2024) Kat:3, Licht: 0,1603,3,3,5,08,11,3,,0,1,1,0,0
"POINT (9.654688990000068 52.239097626000046)",Unfall 1604 (2024) Kat:3, Licht: 0,1604,3,6,2,09,13,3,,0,1,1,0,0
"POINT (10.184032796000054 52.465400864000060)",Unfall 1605 (2024) Kat:3, Licht: 0,1605,3,3,5,08,17,2,,0,0,1,0,0
"POINT (10.047751560000052 52.483582335000051)",Unfall 1606 (2024) Kat:3, Licht: 0,1606,3,3,5,08,19,2,,0,0,1,0,0
"POINT (9.747092921000046 52.547545713000034)",Unfall 1607 (2024) Kat:3, Licht: 0,1607,3,2,5,09,13,4,,0,1,1,0,0
"POINT (9.721230162000040 52.338230089000035)",Unfall 1608 (2024) Kat:3, Licht: 0,1608,3,2,3,09,15,2,,0,0,1,0,0
"POINT (9.840176282000073 52.301863363000052)",Unfall 1609 (2024) Kat:3, Licht: 0,1609,3,1,0,08,15,1,,0,0,0,0,1
"POINT (9.721295560000044 52.360767445000079)",Unfall 1610 (2024) Kat:3, Licht: 2,1610,3,7,0,08,00,1,,2,0,0,0,0
"POINT (9.711670171000037 52.405195566000032)",Unfall 1611 (2024) Kat:3, Licht: 0,1611,3,6,2,08,18,1,,0,0,1,0,0
"POINT (9.757123633000049 52.319625985000073)",Unfall 1612 (2024) Kat:3, Licht: 0,1612,3,3,5,08,16,1,,0,1,1,0,0
"POINT (9.580238472000076 52.442881239000030)",Unfall 1613 (2024) Kat:3, Licht: 0,1613,3,6,3,08,16,1,,0,0,1,0,0
"POINT (9.500257689000023 52.426203928000064)",Unfall 1614 (2024) Kat:3, Licht: 0,1614,3,6,2,08,12,1,,0,0,1,0,0
"POINT (9.729540478000047 52.490100546000065)",Unfall 1615 (2024) Kat:3, Licht: 0,1615,3,1,8,08,13,1,,0,0,1,0,0
"POINT (9.487790132000043 52.619937747000051)",Unfall 1616 (2024) Kat:1, Licht: 0,1616,1,1,4,08,13,1,,0,0,1,0,0
"POINT (9.846353507000060 52.274163532000046)",Unfall 1617 (2024) Kat:2, Licht: 0,1617,2,4,6,08,15,1,,0,0,1,1,0
"POINT (9.697711024000057 52.377173391000042)",Unfall 1618 (2024) Kat:3, Licht: 1,1618,3,6,2,09,19,3,,1,0,1,0,0
"POINT (9.697117972000058 52.374968266000053)",Unfall 1619 (2024) Kat:3, Licht: 2,1619,3,6,2,08,23,7,,2,0,1,0,1
"POINT (9.581767008000043 52.389452660000075)",Unfall 1620 (2024) Kat:3, Licht: 2,1620,3,1,9,08,02,7,,2,0,1,0,0
"POINT (9.292434325000045 52.489494761000060)",Unfall 1621 (2024) Kat:3, Licht: 0,1621,3,2,4,08,12,7,,0,0,1,0,0
"POINT (9.781392051000068 52.363959525000041)",Unfall 1622 (2024) Kat:3, Licht: 0,1622,3,6,2,08,11,7,,0,0,1,0,0
"POINT (9.795667001000027 52.549209526000027)",Unfall 1623 (2024) Kat:3, Licht: 0,1623,3,1,9,08,06,7,,0,0,0,0,0
"POINT (9.852026551000051 52.359453987000052)",Unfall 1624 (2024) Kat:3, Licht: 0,1624,3,4,6,08,17,7,,0,0,1,1,0
"POINT (9.829361816000073 52.339577754000061)",Unfall 1625 (2024) Kat:3, Licht: 0,1625,3,1,0,08,14,7,,0,0,0,0,1
"POINT (9.764832125000055 52.342738588000032)",Unfall 1626 (2024) Kat:3, Licht: 2,1626,3,3,5,08,01,7,,2,0,1,0,0
"POINT (9.675416246000054 52.377027612000063)",Unfall 1627 (2024) Kat:3, Licht: 0,1627,3,6,2,08,14,5,,0,0,1,0,0
"POINT (9.796359245000076 52.312300588000028)",Unfall 1628 (2024) Kat:3, Licht: 0,1628,3,6,2,08,10,6,,0,0,1,0,0
"POINT (9.772044668000035 52.323302859000080)",Unfall 1629 (2024) Kat:3, Licht: 0,1629,3,7,0,08,18,6,,0,1,0,0,0
"POINT (9.392888430000028 52.431353233000038)",Unfall 1630 (2024) Kat:3, Licht: 0,1630,3,3,5,08,16,6,,0,0,1,0,0
"POINT (9.646107465000057 52.405445922000069)",Unfall 1631 (2024) Kat:3, Licht: 0,1631,3,6,2,08,11,6,,0,0,1,0,1
"POINT (9.751402093000024 52.319285267000055)",Unfall 1632 (2024) Kat:3, Licht: 0,1632,3,6,4,08,18,6,,0,0,0,0,0
"POINT (9.480727315000024 52.503952635000076)",Unfall 1633 (2024) Kat:3, Licht: 0,1633,3,6,4,08,10,6,,0,0,1,0,0
"POINT (9.420661839000047 52.465674023000076)",Unfall 1634 (2024) Kat:1, Licht: 0,1634,1,6,4,08,15,6,,0,0,1,0,1
"POINT (9.868193804000043 52.309700857000053)",Unfall 1635 (2024) Kat:2, Licht: 0,1635,2,3,5,08,14,6,,0,0,1,0,1
"POINT (9.814128098000026 52.524144498000055)",Unfall 1636 (2024) Kat:2, Licht: 0,1636,2,7,8,08,12,6,,0,0,1,0,0
"POINT (9.593966481000052 52.423440383000070)",Unfall 1637 (2024) Kat:3, Licht: 0,1637,3,6,2,08,09,6,,0,0,1,0,0
"POINT (9.756314696000061 52.370161271000029)",Unfall 1638 (2024) Kat:3, Licht: 0,1638,3,4,6,08,12,6,,0,0,1,1,0
"POINT (9.885580794000077 52.358645146000072)",Unfall 1639 (2024) Kat:2, Licht: 2,1639,2,1,8,09,21,1,,2,0,1,0,0
"POINT (9.616102887000068 52.210806250000076)",Unfall 1640 (2024) Kat:3, Licht: 0,1640,3,6,3,08,14,7,,0,1,0,0,0
"POINT (9.734516764000034 52.390715966000073)",Unfall 1641 (2024) Kat:3, Licht: 0,1641,3,6,2,08,20,5,,0,0,1,0,0
"POINT (9.798326864000046 52.420332561000066)",Unfall 1642 (2024) Kat:3, Licht: 2,1642,3,7,0,08,22,5,,2,0,0,0,1
"POINT (9.827648207000038 52.361358859000063)",Unfall 1643 (2024) Kat:3, Licht: 0,1643,3,4,6,08,08,5,,0,0,1,1,0
"POINT (9.764565845000050 52.342650019000075)",Unfall 1644 (2024) Kat:3, Licht: 0,1644,3,2,5,08,13,5,,0,1,1,0,0
"POINT (9.747305949000065 52.215952482000034)",Unfall 1645 (2024) Kat:3, Licht: 0,1645,3,6,2,08,17,5,,0,0,1,0,0
"POINT (9.659387112000047 52.171223046000080)",Unfall 1646 (2024) Kat:3, Licht: 0,1646,3,1,0,08,16,5,,0,0,0,0,1
"POINT (9.642930823000029 52.341914110000062)",Unfall 1647 (2024) Kat:3, Licht: 2,1647,3,6,3,08,21,5,,2,0,1,0,0
"POINT (9.487866427000029 52.567387222000036)",Unfall 1648 (2024) Kat:3, Licht: 0,1648,3,1,8,08,18,5,,0,0,0,0,1
"POINT (9.466335946000072 52.334742191000032)",Unfall 1649 (2024) Kat:3, Licht: 0,1649,3,6,4,08,17,5,,0,0,1,0,0
"POINT (9.749090033000073 52.531073638000066)",Unfall 1650 (2024) Kat:3, Licht: 0,1650,3,3,5,08,16,5,,0,0,1,0,1
"POINT (9.750820673000021 52.524121229000059)",Unfall 1651 (2024) Kat:3, Licht: 0,1651,3,3,5,08,15,5,,0,0,1,0,0
"POINT (10.018799231000060 52.436977444000036)",Unfall 1652 (2024) Kat:3, Licht: 0,1652,3,3,5,08,08,5,,0,1,1,0,0
"POINT (9.560911090000047 52.323049954000055)",Unfall 1653 (2024) Kat:2, Licht: 0,1653,2,1,9,08,17,5,,0,0,1,0,0
"POINT (9.857214161000059 52.491988557000070)",Unfall 1654 (2024) Kat:2, Licht: 0,1654,2,3,5,08,15,5,,0,1,1,0,0
"POINT (9.945817741000042 52.391860426000051)",Unfall 1655 (2024) Kat:3, Licht: 0,1655,3,7,3,08,06,5,,0,0,1,0,0
"POINT (9.663407422000034 52.357320295000079)",Unfall 1656 (2024) Kat:3, Licht: 0,1656,3,6,2,08,17,5,,0,0,1,0,0
"POINT (9.723701489000064 52.377574821000053)",Unfall 1657 (2024) Kat:3, Licht: 0,1657,3,6,2,08,16,5,,0,0,1,0,0
"POINT (9.824939161000032 52.404351748000067)",Unfall 1658 (2024) Kat:3, Licht: 0,1658,3,2,5,08,07,5,,0,1,0,0,0
"POINT (9.437227823000057 52.467182062000063)",Unfall 1659 (2024) Kat:3, Licht: 1,1659,3,3,5,11,06,2,,1,0,1,0,0
"POINT (9.895073136000065 52.372920988000033)",Unfall 1660 (2024) Kat:3, Licht: 0,1660,3,6,2,11,07,2,,0,0,1,0,0
"POINT (9.817320333000055 52.404743065000048)",Unfall 1661 (2024) Kat:3, Licht: 2,1661,3,6,2,11,21,2,,2,0,1,0,0
"POINT (9.815810481000028 52.403378304000057)",Unfall 1662 (2024) Kat:3, Licht: 2,1662,3,1,2,11,19,2,,2,0,1,0,0
"POINT (9.651684874000068 52.417357491000075)",Unfall 1663 (2024) Kat:3, Licht: 0,1663,3,3,5,11,14,2,,0,1,1,0,0
"POINT (9.675398438000059 52.377366737000045)",Unfall 1664 (2024) Kat:2, Licht: 2,1664,2,3,5,11,19,1,,2,0,1,0,0
"POINT (9.707533430000069 52.424225131000071)",Unfall 1665 (2024) Kat:3, Licht: 2,1665,3,7,6,11,02,7,,2,0,1,1,0
"POINT (9.372456340000042 52.434161682000081)",Unfall 1666 (2024) Kat:2, Licht: 0,1666,2,3,5,11,09,7,,0,0,1,0,1
"POINT (9.804656382000076 52.536796711000079)",Unfall 1667 (2024) Kat:3, Licht: 0,1667,3,6,3,11,12,7,,0,0,1,0,0
"POINT (9.690512575000071 52.346807265000052)",Unfall 1668 (2024) Kat:3, Licht: 2,1668,3,6,2,11,17,6,,2,0,1,0,0
"POINT (9.721239812000022 52.361728227000071)",Unfall 1669 (2024) Kat:3, Licht: 1,1669,3,1,0,11,17,6,,1,0,0,0,1
"POINT (9.859829767000065 52.385696824000036)",Unfall 1670 (2024) Kat:3, Licht: 0,1670,3,3,5,11,07,6,,0,0,1,0,0
"POINT (9.811681288000045 52.337624944000027)",Unfall 1671 (2024) Kat:3, Licht: 2,1671,3,3,5,11,17,6,,2,0,1,0,0
"POINT (9.557587237000064 52.204171735000045)",Unfall 1672 (2024) Kat:2, Licht: 2,1672,2,6,2,11,20,6,,2,0,1,0,0
"POINT (9.461076083000023 52.468360137000047)",Unfall 1673 (2024) Kat:3, Licht: 1,1673,3,6,2,11,06,5,,1,0,1,0,0
"POINT (9.455163402000039 52.306545694000079)",Unfall 1674 (2024) Kat:3, Licht: 0,1674,3,3,5,11,15,5,,0,1,1,0,0
"POINT (9.996854471000063 52.453627815000061)",Unfall 1675 (2024) Kat:3, Licht: 0,1675,3,3,5,11,11,5,,0,0,1,0,0
"POINT (9.805515576000062 52.535763789000043)",Unfall 1676 (2024) Kat:3, Licht: 2,1676,3,7,2,11,23,5,,2,0,1,0,0
"POINT (9.717038100000025 52.346190949000061)",Unfall 1677 (2024) Kat:3, Licht: 0,1677,3,3,5,11,07,5,,0,0,1,0,0
"POINT (9.798299098000030 52.412543534000065)",Unfall 1678 (2024) Kat:3, Licht: 2,1678,3,2,6,11,20,4,,2,0,1,1,0
"POINT (9.831707056000027 52.488802284000030)",Unfall 1679 (2024) Kat:3, Licht: 0,1679,3,3,5,11,12,4,,0,0,1,0,0
"POINT (9.845118766000041 52.322788515000070)",Unfall 1680 (2024) Kat:3, Licht: 2,1680,3,7,8,11,18,4,,2,0,1,0,0
"POINT (9.752124174000073 52.358025550000036)",Unfall 1681 (2024) Kat:3, Licht: 0,1681,3,6,2,11,12,3,,0,0,1,0,0
"POINT (9.701588272000038 52.363928476000069)",Unfall 1682 (2024) Kat:3, Licht: 0,1682,3,7,7,11,14,3,,0,1,0,0,0
"POINT (9.697757989000024 52.376339950000045)",Unfall 1683 (2024) Kat:3, Licht: 0,1683,3,6,2,11,12,3,,0,0,1,0,0
"POINT (9.665451965000045 52.333908052000027)",Unfall 1684 (2024) Kat:3, Licht: 0,1684,3,6,0,11,11,3,,0,0,0,0,0
"POINT (9.573131735000061 52.440141400000073)",Unfall 1685 (2024) Kat:3, Licht: 0,1685,3,3,5,11,15,3,,0,0,1,0,0
"POINT (10.133900974000028 52.459269841000037)",Unfall 1686 (2024) Kat:3, Licht: 0,1686,3,2,5,11,15,3,,0,0,1,0,0
"POINT (9.745621629000027 52.427484830000026)",Unfall 1687 (2024) Kat:3, Licht: 1,1687,3,6,2,11,17,3,,1,0,1,0,0
"POINT (9.642718496000043 52.423059560000070)",Unfall 1688 (2024) Kat:3, Licht: 0,1688,3,6,2,11,15,3,,0,0,1,0,0
"POINT (9.722450579000053 52.378492125000037)",Unfall 1689 (2024) Kat:3, Licht: 0,1689,3,2,5,11,14,2,,0,1,1,0,0
"POINT (9.415459326000075 52.428569376000041)",Unfall 1690 (2024) Kat:3, Licht: 0,1690,3,6,2,11,09,1,,0,0,1,0,0
"POINT (9.525808161000043 52.503484775000061)",Unfall 1691 (2024) Kat:3, Licht: 0,1691,3,1,8,11,12,1,,0,0,0,0,1
"POINT (9.627832568000031 52.421236073000046)",Unfall 1692 (2024) Kat:3, Licht: 0,1692,3,1,8,11,13,1,,0,0,1,0,0
"POINT (9.650154855000039 52.411528309000062)",Unfall 1693 (2024) Kat:3, Licht: 2,1693,3,6,2,11,18,1,,2,0,1,0,0
"POINT (10.048801963000074 52.466391544000032)",Unfall 1694 (2024) Kat:3, Licht: 2,1694,3,6,2,11,17,6,,2,0,1,0,0
"POINT (9.655808422000064 52.406440072000066)",Unfall 1695 (2024) Kat:3, Licht: 0,1695,3,6,3,11,13,6,,0,0,1,0,0
"POINT (9.716912709000042 52.436546947000068)",Unfall 1696 (2024) Kat:3, Licht: 2,1696,3,2,5,11,19,6,,2,0,1,0,0
"POINT (9.824811592000060 52.425976558000059)",Unfall 1697 (2024) Kat:3, Licht: 2,1697,3,1,1,11,22,6,,2,0,1,0,0
"POINT (9.785446990000025 52.372353567000062)",Unfall 1698 (2024) Kat:2, Licht: 0,1698,2,7,6,11,15,6,,0,0,0,1,0
"POINT (9.782200864000060 52.325095146000081)",Unfall 1699 (2024) Kat:3, Licht: 0,1699,3,2,5,10,13,5,,0,0,1,0,0
"POINT (9.832749605000060 52.291827058000081)",Unfall 1700 (2024) Kat:3, Licht: 2,1700,3,1,8,10,23,4,,2,0,1,0,0
"POINT (9.712648776000037 52.402122482000038)",Unfall 1701 (2024) Kat:3, Licht: 0,1701,3,3,5,10,12,4,,0,1,0,0,0
"POINT (9.738841696000065 52.368033158000060)",Unfall 1702 (2024) Kat:3, Licht: 0,1702,3,3,5,10,09,4,,0,1,1,0,0
"POINT (9.718058203000055 52.367186539000045)",Unfall 1703 (2024) Kat:3, Licht: 0,1703,3,7,7,10,15,4,,0,1,0,1,0
"POINT (9.695695212000032 52.430360491000044)",Unfall 1704 (2024) Kat:3, Licht: 2,1704,3,6,2,10,18,4,,2,0,1,0,0
"POINT (9.823958695000044 52.384148101000051)",Unfall 1705 (2024) Kat:2, Licht: 2,1705,2,2,5,10,20,4,,2,0,1,0,0