WKT,Name,OBJECTID,UKATEGORIE,UTYP1,UART,UMONAT,USTUNDE,UWOCHENTAG,STRZUSTAND,ULICHTVERH,ISTRAD,ISTPKW,ISTFUSS,ISTKRAD
"POINT (9.801036408000073 52.342393468000068)",Unfall 1706 (2024) Kat:3, Licht: 0,1706,3,6,2,10,16,4,,0,0,1,0,0
"POINT (9.767049285000041 52.510407822000047)",Unfall 1707 (2024) Kat:3, Licht: 0,1707,3,7,3,10,15,4,,0,0,1,0,0
"POINT (9.690359189000048 52.374767779000081)",Unfall 1708 (2024) Kat:3, Licht: 0,1708,3,2,5,10,14,4,,0,0,0,0,1
"POINT (9.723060834000023 52.357874202000062)",Unfall 1709 (2024) Kat:3, Licht: 0,1709,3,6,2,10,12,3,,0,0,1,0,0
"POINT (9.735540702000037 52.401611846000037)",Unfall 1710 (2024) Kat:3, Licht: 0,1710,3,7,1,10,12,3,,0,0,1,0,0
"POINT (9.553414076000024 52.203068262000045)",Unfall 1711 (2024) Kat:3, Licht: 2,1711,3,1,9,10,20,3,,2,0,1,0,0
"POINT (9.611387229000059 52.433824974000061)",Unfall 1712 (2024) Kat:3, Licht: 2,1712,3,3,5,10,17,3,,2,0,1,0,0
"POINT (9.920521396000026 52.394841666000048)",Unfall 1713 (2024) Kat:3, Licht: 0,1713,3,6,3,10,13,3,,0,0,1,0,0
"POINT (9.750173037000025 52.327240899000060)",Unfall 1714 (2024) Kat:3, Licht: 2,1714,3,1,9,10,05,3,,2,0,1,0,0
"POINT (9.697739819000049 52.377146187000051)",Unfall 1715 (2024) Kat:3, Licht: 2,1715,3,6,2,11,19,2,,2,0,1,0,0
"POINT (9.728911364000055 52.292436641000052)",Unfall 1716 (2024) Kat:3, Licht: 2,1716,3,6,2,10,18,2,,2,0,1,0,1
"POINT (10.117897328000026 52.358679622000068)",Unfall 1717 (2024) Kat:3, Licht: 0,1717,3,6,2,10,13,2,,0,0,1,0,0
"POINT (9.662526291000063 52.384955821000062)",Unfall 1718 (2024) Kat:2, Licht: 0,1718,2,2,2,10,13,2,,0,0,1,0,1
"POINT (9.565999821000048 52.394358566000051)",Unfall 1719 (2024) Kat:3, Licht: 2,1719,3,7,9,10,02,2,,2,0,1,0,0
"POINT (9.855954847000021 52.388887705000059)",Unfall 1720 (2024) Kat:3, Licht: 0,1720,3,3,5,10,16,3,,0,0,1,0,0
"POINT (9.763346272000035 52.343932785000050)",Unfall 1721 (2024) Kat:3, Licht: 0,1721,3,7,6,10,06,1,,0,0,1,0,0
"POINT (9.422373294000067 52.429372166000064)",Unfall 1722 (2024) Kat:3, Licht: 2,1722,3,6,2,11,17,3,,2,0,1,0,0
"POINT (9.738452401000075 52.368311014000028)",Unfall 1723 (2024) Kat:3, Licht: 0,1723,3,6,4,10,12,7,,0,1,0,0,0
"POINT (9.767421862000049 52.342971393000028)",Unfall 1724 (2024) Kat:3, Licht: 0,1724,3,6,2,10,16,7,,0,0,1,0,1
"POINT (9.593094980000046 52.395949578000057)",Unfall 1725 (2024) Kat:3, Licht: 0,1725,3,1,0,10,17,7,,0,1,0,0,0
"POINT (9.589672964000044 52.397059781000053)",Unfall 1726 (2024) Kat:3, Licht: 0,1726,3,6,0,10,11,7,,0,0,0,0,0
"POINT (9.768102242000055 52.290497201000051)",Unfall 1727 (2024) Kat:3, Licht: 0,1727,3,1,0,10,15,7,,0,1,0,0,0
"POINT (9.859371925000062 52.419974632000049)",Unfall 1728 (2024) Kat:3, Licht: 0,1728,3,6,2,10,15,7,,0,0,1,0,0
"POINT (9.559148694000044 52.340380025000059)",Unfall 1729 (2024) Kat:3, Licht: 1,1729,3,1,8,10,17,7,,1,0,1,0,0
"POINT (9.944162044000052 52.442418779000036)",Unfall 1730 (2024) Kat:3, Licht: 2,1730,3,1,8,10,01,7,,2,0,1,0,0
"POINT (9.804765793000058 52.309164865000071)",Unfall 1731 (2024) Kat:3, Licht: 0,1731,3,7,0,10,13,6,,0,0,1,0,0
"POINT (9.642350831000044 52.414701184000080)",Unfall 1732 (2024) Kat:3, Licht: 0,1732,3,3,5,10,07,6,,0,0,1,0,0
"POINT (9.712248357000021 52.404464949000044)",Unfall 1733 (2024) Kat:3, Licht: 0,1733,3,6,2,10,13,6,,0,0,1,0,0
"POINT (9.814400781000074 52.364455713000041)",Unfall 1734 (2024) Kat:3, Licht: 0,1734,3,3,5,10,12,6,,0,1,1,0,0
"POINT (9.763833355000031 52.343456642000035)",Unfall 1735 (2024) Kat:3, Licht: 2,1735,3,2,4,10,19,4,,2,1,1,0,0
"POINT (9.514088910000055 52.411950860000047)",Unfall 1736 (2024) Kat:3, Licht: 0,1736,3,6,2,10,16,6,,0,0,1,0,0
"POINT (9.586116148000031 52.439017893000027)",Unfall 1737 (2024) Kat:3, Licht: 0,1737,3,6,3,10,14,6,,0,1,0,0,0
"POINT (9.977433919000021 52.316381575000037)",Unfall 1738 (2024) Kat:3, Licht: 0,1738,3,7,7,10,16,6,,0,0,1,0,0
"POINT (9.698605134000047 52.442477930000052)",Unfall 1739 (2024) Kat:3, Licht: 2,1739,3,6,2,10,18,6,,2,0,1,0,0
"POINT (9.515581556000029 52.413274112000067)",Unfall 1740 (2024) Kat:3, Licht: 1,1740,3,7,2,10,18,6,,1,0,1,0,0
"POINT (9.796006745000057 52.474368484000081)",Unfall 1741 (2024) Kat:2, Licht: 0,1741,2,4,6,10,14,6,,0,0,1,1,0
"POINT (9.913184782000030 52.395610727000076)",Unfall 1742 (2024) Kat:3, Licht: 2,1742,3,6,3,10,02,6,,2,0,1,0,0
"POINT (9.747862041000076 52.252422615000057)",Unfall 1743 (2024) Kat:1, Licht: 1,1743,1,1,8,10,18,6,,1,0,1,0,0
"POINT (9.498288691000027 52.353779229000054)",Unfall 1744 (2024) Kat:3, Licht: 0,1744,3,6,8,11,14,7,,0,0,0,0,1
"POINT (9.778163613000061 52.371257028000059)",Unfall 1745 (2024) Kat:3, Licht: 0,1745,3,2,5,10,15,5,,0,0,1,0,0
"POINT (9.698159928000052 52.376968252000040)",Unfall 1746 (2024) Kat:3, Licht: 1,1746,3,6,2,10,19,5,,1,0,1,0,0
"POINT (9.918332540000051 52.445856690000028)",Unfall 1747 (2024) Kat:3, Licht: 0,1747,3,7,1,10,12,5,,0,1,1,0,0
"POINT (9.761646868000071 52.345753029000036)",Unfall 1748 (2024) Kat:3, Licht: 0,1748,3,2,2,10,12,5,,0,0,1,0,0
"POINT (9.733736500000020 52.368943296000054)",Unfall 1749 (2024) Kat:3, Licht: 0,1749,3,6,2,10,13,5,,0,0,1,0,0
"POINT (9.773950070000069 52.371003598000073)",Unfall 1750 (2024) Kat:3, Licht: 0,1750,3,3,5,10,11,5,,0,1,0,0,0
"POINT (9.812137912000026 52.409493593000036)",Unfall 1751 (2024) Kat:3, Licht: 2,1751,3,2,3,10,18,3,,2,1,1,0,0
"POINT (9.677549363000026 52.371765732000028)",Unfall 1752 (2024) Kat:3, Licht: 0,1752,3,2,0,10,14,4,,0,0,1,0,0
"POINT (9.781973554000047 52.345216905000029)",Unfall 1753 (2024) Kat:3, Licht: 0,1753,3,6,2,10,15,4,,0,0,1,0,0
"POINT (9.432277750000026 52.422332294000057)",Unfall 1754 (2024) Kat:3, Licht: 2,1754,3,3,5,10,06,4,,2,1,1,0,0
"POINT (9.502690641000072 52.335229805000040)",Unfall 1755 (2024) Kat:3, Licht: 0,1755,3,1,7,10,15,4,,0,0,1,0,0
"POINT (9.746488783000075 52.452733632000047)",Unfall 1756 (2024) Kat:3, Licht: 2,1756,3,6,2,10,19,4,,2,0,1,0,0
"POINT (9.797479996000050 52.346779074000040)",Unfall 1757 (2024) Kat:3, Licht: 0,1757,3,6,2,10,15,4,,0,0,1,0,0
"POINT (9.739405144000045 52.453264026000056)",Unfall 1758 (2024) Kat:3, Licht: 2,1758,3,3,0,11,18,7,,2,0,1,0,0
"POINT (9.690383156000053 52.374766160000036)",Unfall 1759 (2024) Kat:3, Licht: 0,1759,3,7,0,10,08,3,,0,0,0,0,1
"POINT (9.805381185000044 52.408159938000040)",Unfall 1760 (2024) Kat:3, Licht: 2,1760,3,1,0,10,22,3,,2,0,0,0,1
"POINT (9.800292414000069 52.219325011000080)",Unfall 1761 (2024) Kat:3, Licht: 0,1761,3,7,7,10,08,3,,0,0,1,0,0
"POINT (9.662869742000055 52.342224856000030)",Unfall 1762 (2024) Kat:3, Licht: 0,1762,3,4,6,10,17,3,,0,0,1,1,0
"POINT (9.477282628000069 52.387328691000050)",Unfall 1763 (2024) Kat:3, Licht: 1,1763,3,2,4,10,08,3,,1,0,1,0,0
"POINT (9.570549681000045 52.446757175000073)",Unfall 1764 (2024) Kat:3, Licht: 0,1764,3,2,5,10,17,3,,0,0,1,0,0
"POINT (9.611639515000036 52.436951033000071)",Unfall 1765 (2024) Kat:3, Licht: 0,1765,3,3,5,10,10,3,,0,0,1,0,0
"POINT (9.753727937000065 52.526190959000076)",Unfall 1766 (2024) Kat:3, Licht: 1,1766,3,2,2,10,07,3,,1,1,1,0,0
"POINT (9.963218857000072 52.365341287000035)",Unfall 1767 (2024) Kat:3, Licht: 0,1767,3,7,0,10,17,3,,0,1,0,0,0
"POINT (9.731643678000069 52.438665197000034)",Unfall 1768 (2024) Kat:3, Licht: 0,1768,3,2,5,10,14,3,,0,1,1,0,0
"POINT (9.989609352000059 52.445279674000062)",Unfall 1769 (2024) Kat:3, Licht: 0,1769,3,1,0,10,15,6,,0,0,0,0,1
"POINT (9.833359477000045 52.419242112000063)",Unfall 1770 (2024) Kat:3, Licht: 1,1770,3,2,5,10,07,3,,1,0,1,0,0
"POINT (10.022784590000072 52.381719509000050)",Unfall 1771 (2024) Kat:3, Licht: 2,1771,3,6,3,10,06,3,,2,0,1,0,0
"POINT (9.735325836000072 52.394898967000074)",Unfall 1772 (2024) Kat:3, Licht: 0,1772,3,4,6,10,16,3,,0,0,0,1,0
"POINT (9.855958579000060 52.388884812000072)",Unfall 1773 (2024) Kat:3, Licht: 2,1773,3,3,5,10,06,2,,2,1,1,0,0
"POINT (9.739601174000029 52.368205011000043)",Unfall 1774 (2024) Kat:3, Licht: 0,1774,3,6,3,10,15,2,,0,0,1,0,0
"POINT (9.801456453000071 52.430736257000035)",Unfall 1775 (2024) Kat:3, Licht: 0,1775,3,4,6,10,11,2,,0,0,1,1,0
"POINT (9.746417133000023 52.192926760000034)",Unfall 1776 (2024) Kat:3, Licht: 0,1776,3,6,2,10,07,2,,0,0,1,0,0
"POINT (9.650184405000061 52.393444671000054)",Unfall 1777 (2024) Kat:3, Licht: 0,1777,3,2,5,10,08,2,,0,1,0,0,0
"POINT (10.231320185000072 52.432923292000055)",Unfall 1778 (2024) Kat:3, Licht: 1,1778,3,1,0,10,18,2,,1,1,0,0,0
"POINT (9.888657085000034 52.493978629000026)",Unfall 1779 (2024) Kat:2, Licht: 2,1779,2,2,5,10,22,2,,2,0,1,0,1
"POINT (9.800331161000031 52.406145559000038)",Unfall 1780 (2024) Kat:3, Licht: 0,1780,3,4,6,10,07,2,,0,0,1,1,0
"POINT (9.671825878000050 52.250755207000054)",Unfall 1781 (2024) Kat:3, Licht: 0,1781,3,7,0,11,07,6,,0,0,0,0,0
"POINT (9.663407299000028 52.315867626000056)",Unfall 1782 (2024) Kat:3, Licht: 1,1782,3,3,5,10,18,1,,1,0,1,0,0
"POINT (9.740805605000048 52.299460706000048)",Unfall 1783 (2024) Kat:3, Licht: 2,1783,3,1,9,10,01,1,,2,0,0,0,1
"POINT (9.690140675000066 52.272945702000072)",Unfall 1784 (2024) Kat:3, Licht: 0,1784,3,1,8,10,09,1,,0,1,0,0,0
"POINT (9.710153743000035 52.379212900000027)",Unfall 1785 (2024) Kat:3, Licht: 2,1785,3,7,0,10,22,1,,2,0,1,0,0
"POINT (9.812425777000044 52.330896721000045)",Unfall 1786 (2024) Kat:3, Licht: 0,1786,3,6,3,10,15,1,,0,0,1,0,1
"POINT (9.698766210000031 52.347698184000080)",Unfall 1787 (2024) Kat:2, Licht: 0,1787,2,2,5,10,14,1,,0,0,1,0,1
"POINT (9.631327359000068 52.336607645000072)",Unfall 1788 (2024) Kat:3, Licht: 0,1788,3,1,8,11,11,5,,0,0,1,0,0
"POINT (9.767907397000045 52.171077681000043)",Unfall 1789 (2024) Kat:3, Licht: 2,1789,3,6,5,10,22,7,,2,0,1,0,0
"POINT (9.757117090000065 52.319608903000073)",Unfall 1790 (2024) Kat:3, Licht: 0,1790,3,3,5,10,13,7,,0,1,1,0,0
"POINT (9.801532652000049 52.341531453000073)",Unfall 1791 (2024) Kat:3, Licht: 2,1791,3,6,2,10,19,7,,2,0,1,0,0
"POINT (9.811673064000047 52.332935522000071)",Unfall 1792 (2024) Kat:3, Licht: 0,1792,3,6,2,10,14,7,,0,0,1,0,0
"POINT (9.825109694000048 52.505801997000049)",Unfall 1793 (2024) Kat:2, Licht: 2,1793,2,7,1,10,03,7,,2,0,0,0,0
"POINT (9.857920337000053 52.481564856000034)",Unfall 1794 (2024) Kat:2, Licht: 1,1794,2,2,6,10,18,4,,1,0,1,1,0
"POINT (9.884319395000034 52.398815715000069)",Unfall 1795 (2024) Kat:3, Licht: 0,1795,3,6,2,10,10,2,,0,0,1,0,0
"POINT (9.736249552000061 52.398794422000037)",Unfall 1796 (2024) Kat:3, Licht: 0,1796,3,6,3,11,16,6,,0,0,1,0,0
"POINT (9.715671663000023 52.378154265000035)",Unfall 1797 (2024) Kat:3, Licht: 0,1797,3,6,2,10,09,4,,0,0,1,0,0
"POINT (9.771458725000059 52.370873748000065)",Unfall 1798 (2024) Kat:3, Licht: 0,1798,3,3,5,10,09,6,,0,0,1,0,0
"POINT (9.764840995000043 52.342332728000031)",Unfall 1799 (2024) Kat:3, Licht: 0,1799,3,2,4,10,16,6,,0,1,1,0,0
"POINT (10.056219929000065 52.393319063000035)",Unfall 1800 (2024) Kat:3, Licht: 0,1800,3,2,2,10,10,6,,0,0,1,0,0
"POINT (9.535129181000059 52.441836463000072)",Unfall 1801 (2024) Kat:2, Licht: 0,1801,2,2,4,10,16,6,,0,0,1,0,1
"POINT (9.718791032000070 52.428360375000068)",Unfall 1802 (2024) Kat:3, Licht: 0,1802,3,7,2,10,12,6,,0,0,1,0,0
"POINT (9.713067754000065 52.400637689000064)",Unfall 1803 (2024) Kat:2, Licht: 1,1803,2,1,0,10,07,6,,1,0,0,0,1
"POINT (9.622430971000028 52.426163569000039)",Unfall 1804 (2024) Kat:3, Licht: 0,1804,3,3,5,10,08,3,,0,1,1,0,0
"POINT (9.862835193000024 52.372688729000060)",Unfall 1805 (2024) Kat:3, Licht: 0,1805,3,3,5,10,14,5,,0,0,1,0,1
"POINT (9.672437157000047 52.238725685000077)",Unfall 1806 (2024) Kat:3, Licht: 0,1806,3,2,5,10,16,5,,0,0,1,0,1
"POINT (10.013641666000069 52.419612203000042)",Unfall 1807 (2024) Kat:3, Licht: 2,1807,3,1,8,10,20,5,,2,0,1,0,0
"POINT (9.896566868000036 52.411326788000054)",Unfall 1808 (2024) Kat:3, Licht: 2,1808,3,3,5,10,19,5,,2,0,1,0,0
"POINT (9.745265744000051 52.427331964000075)",Unfall 1809 (2024) Kat:3, Licht: 0,1809,3,6,2,10,18,5,,0,0,1,0,0
"POINT (9.726782768000021 52.375721164000026)",Unfall 1810 (2024) Kat:3, Licht: 0,1810,3,2,5,10,16,5,,0,1,1,0,0
"POINT (9.726517242000057 52.375623337000036)",Unfall 1811 (2024) Kat:3, Licht: 0,1811,3,6,3,10,14,5,,0,0,1,0,0
"POINT (9.760976553000035 52.346918267000035)",Unfall 1812 (2024) Kat:1, Licht: 0,1812,1,3,5,10,16,4,,0,1,0,0,0
"POINT (9.723482445000059 52.440238077000060)",Unfall 1813 (2024) Kat:2, Licht: 0,1813,2,3,5,10,12,4,,0,0,1,0,0
"POINT (9.768214972000067 52.290639962000057)",Unfall 1814 (2024) Kat:3, Licht: 0,1814,3,1,0,10,13,7,,0,1,0,0,0
"POINT (9.415153994000036 52.452738247000070)",Unfall 1815 (2024) Kat:3, Licht: 0,1815,3,2,2,10,15,3,,0,0,1,0,0
"POINT (9.444669952000027 52.525633751000044)",Unfall 1816 (2024) Kat:3, Licht: 0,1816,3,6,2,10,11,3,,0,0,1,0,0
"POINT (9.978599594000059 52.416054120000069)",Unfall 1817 (2024) Kat:3, Licht: 0,1817,3,2,4,10,15,3,,0,0,1,0,0
"POINT (10.206379464000065 52.473572143000069)",Unfall 1818 (2024) Kat:3, Licht: 0,1818,3,2,5,10,15,3,,0,0,1,0,0
"POINT (9.662701975000061 52.316219675000070)",Unfall 1819 (2024) Kat:2, Licht: 0,1819,2,6,3,10,10,3,,0,0,1,0,1
"POINT (9.715115252000032 52.361167142000056)",Unfall 1820 (2024) Kat:3, Licht: 0,1820,3,7,0,10,10,2,,0,1,0,0,0
"POINT (9.947596217000068 52.391635922000034)",Unfall 1821 (2024) Kat:3, Licht: 0,1821,3,6,2,10,16,2,,0,0,1,0,0
"POINT (9.745786862000045 52.366375414000061)",Unfall 1822 (2024) Kat:3, Licht: 0,1822,3,6,3,10,16,2,,0,0,1,0,0
"POINT (9.827283298000054 52.356083569000077)",Unfall 1823 (2024) Kat:3, Licht: 0,1823,3,3,5,10,13,2,,0,0,1,0,1
"POINT (9.969213632000049 52.441731117000074)",Unfall 1824 (2024) Kat:3, Licht: 0,1824,3,3,5,10,18,1,,0,0,1,0,0
"POINT (9.720794086000069 52.339140687000054)",Unfall 1825 (2024) Kat:3, Licht: 2,1825,3,6,3,10,20,7,,2,0,1,0,0
"POINT (9.715606832000049 52.397864108000078)",Unfall 1826 (2024) Kat:3, Licht: 0,1826,3,6,2,10,13,7,,0,0,1,0,0
"POINT (9.695366716000024 52.374712220000049)",Unfall 1827 (2024) Kat:3, Licht: 2,1827,3,3,5,10,20,7,,2,0,1,0,0
"POINT (9.757258891000049 52.589736417000040)",Unfall 1828 (2024) Kat:3, Licht: 0,1828,3,6,2,10,11,7,,0,0,1,0,0
"POINT (9.825235127000042 52.408382031000031)",Unfall 1829 (2024) Kat:3, Licht: 0,1829,3,6,2,11,10,1,,0,0,1,0,0
"POINT (9.701850339000032 52.347333323000043)",Unfall 1830 (2024) Kat:3, Licht: 2,1830,3,1,0,10,18,3,,2,0,1,0,0
"POINT (9.722033027000066 52.354763877000039)",Unfall 1831 (2024) Kat:3, Licht: 0,1831,3,2,5,10,12,6,,0,0,1,0,0
"POINT (9.974359618000051 52.370404738000047)",Unfall 1832 (2024) Kat:3, Licht: 0,1832,3,5,1,10,07,6,,0,0,1,0,0
"POINT (10.026781300000039 52.461389512000039)",Unfall 1833 (2024) Kat:3, Licht: 0,1833,3,4,6,10,11,6,,0,0,1,1,0
"POINT (9.464491678000059 52.332359993000068)",Unfall 1834 (2024) Kat:3, Licht: 2,1834,3,2,5,10,20,6,,2,0,1,0,0
"POINT (9.726711302000069 52.375781808000056)",Unfall 1835 (2024) Kat:3, Licht: 0,1835,3,3,5,10,11,6,,0,1,1,0,0
"POINT (9.758020351000027 52.350464733000081)",Unfall 1836 (2024) Kat:3, Licht: 0,1836,3,1,0,10,09,5,,0,1,0,0,0
"POINT (10.184114956000030 52.465421624000044)",Unfall 1837 (2024) Kat:3, Licht: 0,1837,3,3,5,10,17,2,,0,0,1,0,0
"POINT (9.832156756000074 52.386044851000065)",Unfall 1838 (2024) Kat:2, Licht: 0,1838,2,7,0,10,09,5,,0,0,0,0,0
"POINT (9.824693581000076 52.339812868000081)",Unfall 1839 (2024) Kat:3, Licht: 2,1839,3,3,5,10,20,5,,2,0,1,0,0
"POINT (9.440618145000030 52.417464892000055)",Unfall 1840 (2024) Kat:3, Licht: 0,1840,3,2,2,10,13,5,,0,0,1,0,0
"POINT (9.758343602000025 52.277337136000028)",Unfall 1841 (2024) Kat:3, Licht: 0,1841,3,1,4,10,14,5,,0,0,1,0,0
"POINT (9.588443735000055 52.395137500000033)",Unfall 1842 (2024) Kat:3, Licht: 2,1842,3,7,4,10,21,5,,2,0,1,0,0
"POINT (9.641012742000044 52.242218021000042)",Unfall 1843 (2024) Kat:3, Licht: 0,1843,3,6,2,10,16,5,,0,0,1,0,0
"POINT (9.723622515000045 52.377852840000060)",Unfall 1844 (2024) Kat:3, Licht: 0,1844,3,7,4,10,13,3,,0,0,1,0,0
"POINT (9.756587266000054 52.427263298000071)",Unfall 1845 (2024) Kat:3, Licht: 0,1845,3,6,3,10,14,5,,0,0,1,0,0
"POINT (9.577610697000068 52.423123508000060)",Unfall 1846 (2024) Kat:3, Licht: 0,1846,3,6,2,10,08,5,,0,0,1,0,0
"POINT (9.913027744000033 52.273033953000038)",Unfall 1847 (2024) Kat:3, Licht: 2,1847,3,6,3,10,06,2,,2,0,0,0,0
"POINT (9.890162870000040 52.428477957000041)",Unfall 1848 (2024) Kat:3, Licht: 0,1848,3,1,8,10,17,1,,0,0,1,0,0
"POINT (9.747097664000023 52.364546578000045)",Unfall 1849 (2024) Kat:3, Licht: 2,1849,3,4,6,10,18,4,,2,0,0,1,0
"POINT (9.698606775000030 52.420983285000034)",Unfall 1850 (2024) Kat:3, Licht: 0,1850,3,3,5,10,16,4,,0,1,1,0,0
"POINT (9.853850012000066 52.557126034000078)",Unfall 1851 (2024) Kat:3, Licht: 0,1851,3,6,2,10,10,4,,0,0,1,0,0
"POINT (9.961646325000061 52.389624625000067)",Unfall 1852 (2024) Kat:3, Licht: 2,1852,3,6,2,10,20,4,,2,0,1,0,0
"POINT (9.749254271000041 52.597049197000047)",Unfall 1853 (2024) Kat:3, Licht: 2,1853,3,6,3,10,18,4,,2,0,1,0,0
"POINT (9.710282287000041 52.431634373000065)",Unfall 1854 (2024) Kat:2, Licht: 1,1854,2,6,2,10,18,4,,1,0,1,0,0
"POINT (9.767849216000059 52.303865908000034)",Unfall 1855 (2024) Kat:3, Licht: 0,1855,3,1,8,10,08,4,,0,0,1,0,0
"POINT (9.819795860000056 52.406373674000065)",Unfall 1856 (2024) Kat:3, Licht: 0,1856,3,3,0,10,09,4,,0,0,1,0,0
"POINT (9.814455356000053 52.524032641000076)",Unfall 1857 (2024) Kat:3, Licht: 2,1857,3,7,8,10,03,4,,2,0,0,0,0
"POINT (9.727387763000024 52.381250280000074)",Unfall 1858 (2024) Kat:2, Licht: 0,1858,2,4,6,10,11,4,,0,0,1,1,0
"POINT (9.551041751000071 52.340205613000080)",Unfall 1859 (2024) Kat:3, Licht: 0,1859,3,3,5,10,16,7,,0,1,1,0,0
"POINT (9.746477058000039 52.365313298000046)",Unfall 1860 (2024) Kat:3, Licht: 0,1860,3,3,5,10,14,4,,0,1,1,0,0
"POINT (9.588418252000054 52.439643219000061)",Unfall 1861 (2024) Kat:3, Licht: 0,1861,3,6,3,10,09,6,,0,0,1,0,0
"POINT (9.697808404000057 52.377081388000079)",Unfall 1862 (2024) Kat:3, Licht: 0,1862,3,6,2,10,15,4,,0,0,1,0,0
"POINT (9.719070906000070 52.332327580000026)",Unfall 1863 (2024) Kat:3, Licht: 2,1863,3,6,3,10,22,3,,2,0,1,0,0
"POINT (9.707780009000032 52.410045300000036)",Unfall 1864 (2024) Kat:3, Licht: 2,1864,3,7,0,10,21,3,,2,1,0,0,0
"POINT (9.726366238000026 52.380826722000052)",Unfall 1865 (2024) Kat:3, Licht: 2,1865,3,3,5,10,22,3,,2,0,1,0,0
"POINT (9.439941650000037 52.417824703000065)",Unfall 1866 (2024) Kat:3, Licht: 0,1866,3,3,5,10,13,3,,0,0,1,0,0
"POINT (9.971497477000071 52.369224951000035)",Unfall 1867 (2024) Kat:3, Licht: 0,1867,3,3,5,10,15,3,,0,1,1,0,0
"POINT (9.669787411000073 52.383131055000035)",Unfall 1868 (2024) Kat:3, Licht: 0,1868,3,5,6,10,13,2,,0,0,1,1,0
"POINT (9.777792592000026 52.327879673000041)",Unfall 1869 (2024) Kat:3, Licht: 0,1869,3,6,2,10,13,2,,0,0,1,0,1
"POINT (9.760023136000029 52.276622548000034)",Unfall 1870 (2024) Kat:3, Licht: 2,1870,3,6,4,10,20,2,,2,0,1,0,0
"POINT (9.438388249000070 52.527144954000050)",Unfall 1871 (2024) Kat:3, Licht: 0,1871,3,1,9,10,11,2,,0,0,1,0,0
"POINT (10.113810517000047 52.338210444000026)",Unfall 1872 (2024) Kat:3, Licht: 0,1872,3,6,2,10,12,2,,0,0,1,0,0
"POINT (9.987582667000027 52.389014429000042)",Unfall 1873 (2024) Kat:3, Licht: 0,1873,3,6,2,10,08,2,,0,0,0,0,0
"POINT (9.735579426000072 52.394595525000057)",Unfall 1874 (2024) Kat:3, Licht: 0,1874,3,2,5,10,14,1,,0,1,1,0,0
"POINT (9.778016037000043 52.374376712000071)",Unfall 1875 (2024) Kat:3, Licht: 0,1875,3,7,8,10,11,1,,0,0,1,0,0
"POINT (9.509234337000066 52.289922016000048)",Unfall 1876 (2024) Kat:3, Licht: 0,1876,3,3,5,10,15,6,,0,1,1,0,0
"POINT (9.719401153000035 52.336073404000047)",Unfall 1877 (2024) Kat:3, Licht: 0,1877,3,6,2,10,17,5,,0,0,1,0,0
"POINT (9.695239929000024 52.374586730000033)",Unfall 1878 (2024) Kat:3, Licht: 2,1878,3,7,0,10,00,7,,2,0,0,0,0
"POINT (9.594039666000072 52.320333384000037)",Unfall 1879 (2024) Kat:3, Licht: 0,1879,3,3,5,10,10,7,,0,1,1,0,0
"POINT (9.687819733000026 52.308368609000070)",Unfall 1880 (2024) Kat:3, Licht: 0,1880,3,6,1,10,13,7,,0,0,1,0,0
"POINT (9.618263240000033 52.428828085000077)",Unfall 1881 (2024) Kat:3, Licht: 2,1881,3,2,4,10,20,7,,2,0,1,0,0
"POINT (10.288957860000039 52.464942705000055)",Unfall 1882 (2024) Kat:2, Licht: 2,1882,2,1,9,10,22,7,,2,0,1,0,0
"POINT (9.795331849000036 52.550298268000063)",Unfall 1883 (2024) Kat:3, Licht: 0,1883,3,6,2,10,12,7,,0,0,1,0,0
"POINT (9.466307553000036 52.332700416000080)",Unfall 1884 (2024) Kat:3, Licht: 2,1884,3,1,8,10,18,3,,2,0,1,0,0
"POINT (9.636120133000077 52.355126893000033)",Unfall 1885 (2024) Kat:3, Licht: 2,1885,3,7,9,10,22,5,,2,0,1,0,0
"POINT (9.774859740000068 52.371271468000032)",Unfall 1886 (2024) Kat:3, Licht: 0,1886,3,2,5,10,17,5,,0,1,1,0,0
"POINT (9.619567045000053 52.211021685000048)",Unfall 1887 (2024) Kat:3, Licht: 0,1887,3,3,5,10,11,6,,0,1,1,0,0
"POINT (9.778123194000045 52.371734790000062)",Unfall 1888 (2024) Kat:3, Licht: 0,1888,3,1,8,10,09,6,,0,0,1,0,0
"POINT (9.818965673000037 52.287399646000040)",Unfall 1889 (2024) Kat:3, Licht: 0,1889,3,1,8,10,13,5,,0,0,1,0,0
"POINT (9.969529109000064 52.471671145000073)",Unfall 1890 (2024) Kat:3, Licht: 2,1890,3,1,9,10,20,5,,2,0,1,0,0
"POINT (9.768573026000070 52.581601267000053)",Unfall 1891 (2024) Kat:3, Licht: 0,1891,3,6,2,10,09,5,,0,0,1,0,0
"POINT (9.768601099000023 52.581582472000036)",Unfall 1892 (2024) Kat:3, Licht: 0,1892,3,6,2,10,09,5,,0,0,1,0,0