WKT,Name,OBJECTID,UKATEGORIE,UTYP1,UART,UMONAT,USTUNDE,UWOCHENTAG,STRZUSTAND,ULICHTVERH,ISTRAD,ISTPKW,ISTFUSS,ISTKRAD
"POINT (9.727034830000036 52.366586270000028)",Unfall 1893 (2024) Kat:3, Licht: 0,1893,3,3,5,10,18,5,,0,1,0,0,0
"POINT (9.734902509000051 52.392859512000030)",Unfall 1894 (2024) Kat:3, Licht: 0,1894,3,5,3,10,15,5,,0,0,1,0,0
"POINT (9.732312663000073 52.383386028000075)",Unfall 1895 (2024) Kat:3, Licht: 0,1895,3,2,5,10,17,4,,0,1,0,0,0
"POINT (9.635620459000052 52.244942056000070)",Unfall 1896 (2024) Kat:3, Licht: 0,1896,3,6,2,10,17,4,,0,0,1,0,0
"POINT (9.962697586000047 52.373065940000060)",Unfall 1897 (2024) Kat:3, Licht: 0,1897,3,3,5,10,18,4,,0,0,1,0,0
"POINT (10.141787106000038 52.378719770000032)",Unfall 1898 (2024) Kat:3, Licht: 2,1898,3,1,8,10,05,4,,2,0,1,0,0
"POINT (9.859956167000064 52.490532535000057)",Unfall 1899 (2024) Kat:3, Licht: 0,1899,3,3,5,10,17,4,,0,1,1,0,0
"POINT (9.898832956000035 52.488916193000080)",Unfall 1900 (2024) Kat:3, Licht: 2,1900,3,6,2,10,06,4,,2,0,1,0,0
"POINT (10.053308386000026 52.448646146000044)",Unfall 1901 (2024) Kat:3, Licht: 0,1901,3,1,8,10,09,4,,0,0,1,0,0
"POINT (9.731943928000021 52.369463248000045)",Unfall 1902 (2024) Kat:2, Licht: 0,1902,2,3,5,10,14,4,,0,0,1,0,0
"POINT (9.778217508000068 52.370197150000081)",Unfall 1903 (2024) Kat:3, Licht: 0,1903,3,1,9,10,11,4,,0,0,1,0,0
"POINT (9.675720450000028 52.347700237000026)",Unfall 1904 (2024) Kat:3, Licht: 0,1904,3,3,5,10,15,4,,0,0,1,0,0
"POINT (9.782552099000043 52.324470719000033)",Unfall 1905 (2024) Kat:3, Licht: 0,1905,3,2,0,10,17,4,,0,1,1,0,0
"POINT (9.724593004000042 52.380003417000069)",Unfall 1906 (2024) Kat:3, Licht: 0,1906,3,1,0,11,15,7,,0,1,0,0,0
"POINT (9.642043172000058 52.414570105000053)",Unfall 1907 (2024) Kat:3, Licht: 1,1907,3,6,2,10,06,2,,1,0,1,0,0
"POINT (9.813861291000023 52.365089404000059)",Unfall 1908 (2024) Kat:3, Licht: 0,1908,3,6,2,10,08,3,,0,0,1,0,0
"POINT (9.435655390000022 52.420478153000033)",Unfall 1909 (2024) Kat:3, Licht: 0,1909,3,6,2,10,13,3,,0,0,1,0,0
"POINT (9.432202231000076 52.422356070000035)",Unfall 1910 (2024) Kat:3, Licht: 0,1910,3,3,5,10,07,3,,0,1,1,0,0
"POINT (9.608422076000068 52.444739255000059)",Unfall 1911 (2024) Kat:3, Licht: 2,1911,3,5,1,10,06,3,,2,0,1,0,0
"POINT (9.590962635000039 52.399396484000079)",Unfall 1912 (2024) Kat:3, Licht: 0,1912,3,7,5,10,12,3,,0,1,0,1,0
"POINT (9.538426285000071 52.423108676000027)",Unfall 1913 (2024) Kat:3, Licht: 2,1913,3,1,9,10,22,3,,2,0,1,0,0
"POINT (9.611656708000055 52.436427691000063)",Unfall 1914 (2024) Kat:3, Licht: 0,1914,3,2,5,10,12,3,,0,1,1,0,0
"POINT (9.957395892000022 52.318634982000049)",Unfall 1915 (2024) Kat:3, Licht: 0,1915,3,7,2,10,07,3,,0,0,1,0,0
"POINT (9.827321330000075 52.356854201000033)",Unfall 1916 (2024) Kat:3, Licht: 2,1916,3,4,6,10,20,3,,2,0,1,1,0
"POINT (9.913669035000055 52.436661053000080)",Unfall 1917 (2024) Kat:3, Licht: 0,1917,3,1,9,10,17,3,,0,0,1,0,0
"POINT (9.884112420000065 52.398669265000080)",Unfall 1918 (2024) Kat:3, Licht: 0,1918,3,6,3,10,17,3,,0,0,1,0,0
"POINT (9.881365585000026 52.435655966000070)",Unfall 1919 (2024) Kat:3, Licht: 0,1919,3,6,2,10,13,3,,0,0,1,0,0
"POINT (9.545725858000026 52.311345244000051)",Unfall 1920 (2024) Kat:3, Licht: 0,1920,3,1,8,10,08,3,,0,0,1,0,0
"POINT (9.726455075000047 52.366279565000070)",Unfall 1921 (2024) Kat:3, Licht: 0,1921,3,6,2,11,14,7,,0,0,1,0,1
"POINT (9.688254204000032 52.378397990000053)",Unfall 1922 (2024) Kat:3, Licht: 0,1922,3,7,0,09,07,2,,0,1,0,0,0
"POINT (9.781496559000061 52.345034426000041)",Unfall 1923 (2024) Kat:3, Licht: 0,1923,3,6,2,09,10,2,,0,0,1,0,0
"POINT (10.012643105000052 52.447466522000070)",Unfall 1924 (2024) Kat:3, Licht: 2,1924,3,2,6,09,19,2,,2,0,1,1,0
"POINT (9.725480611000023 52.380434058000048)",Unfall 1925 (2024) Kat:2, Licht: 2,1925,2,4,6,09,21,2,,2,0,1,1,0
"POINT (9.677861326000027 52.436407427000063)",Unfall 1926 (2024) Kat:2, Licht: 2,1926,2,7,0,09,20,2,,2,1,0,0,0
"POINT (9.593813529000045 52.180118941000046)",Unfall 1927 (2024) Kat:1, Licht: 0,1927,1,1,9,09,07,2,,0,0,1,0,0
"POINT (9.816426889000070 52.301630155000055)",Unfall 1928 (2024) Kat:3, Licht: 2,1928,3,4,6,09,02,2,,2,0,1,1,0
"POINT (9.494641377000050 52.570116070000040)",Unfall 1929 (2024) Kat:2, Licht: 0,1929,2,1,9,09,14,2,,0,0,1,0,0
"POINT (9.486655205000034 52.336387409000054)",Unfall 1930 (2024) Kat:2, Licht: 0,1930,2,1,8,10,17,6,,0,0,1,0,0
"POINT (9.629673203000038 52.421060017000059)",Unfall 1931 (2024) Kat:3, Licht: 0,1931,3,6,2,09,16,1,,0,0,1,0,0
"POINT (9.456613344000061 52.493440129000078)",Unfall 1932 (2024) Kat:2, Licht: 0,1932,2,7,0,09,11,1,,0,1,0,0,0
"POINT (9.753368321000039 52.370001421000040)",Unfall 1933 (2024) Kat:3, Licht: 0,1933,3,2,5,09,09,1,,0,1,1,0,0
"POINT (9.761882697000033 52.345846454000082)",Unfall 1934 (2024) Kat:3, Licht: 2,1934,3,2,5,10,20,2,,2,0,1,0,0
"POINT (9.696968571000070 52.341090484000063)",Unfall 1935 (2024) Kat:3, Licht: 2,1935,3,1,0,09,21,7,,2,0,0,0,1
"POINT (9.733308836000049 52.418336968000062)",Unfall 1936 (2024) Kat:3, Licht: 0,1936,3,6,2,09,12,7,,0,0,1,0,0
"POINT (9.356942597000057 52.449199411000052)",Unfall 1937 (2024) Kat:3, Licht: 1,1937,3,1,0,09,19,7,,1,1,0,0,0
"POINT (9.421528904000070 52.441183827000032)",Unfall 1938 (2024) Kat:3, Licht: 0,1938,3,5,1,09,10,7,,0,0,1,0,0
"POINT (9.594906155000047 52.395270771000071)",Unfall 1939 (2024) Kat:3, Licht: 0,1939,3,7,5,09,12,7,,0,1,1,0,0
"POINT (9.545555273000048 52.310811983000065)",Unfall 1940 (2024) Kat:3, Licht: 0,1940,3,1,8,09,13,7,,0,0,1,0,0
"POINT (9.728121334000036 52.578206454000053)",Unfall 1941 (2024) Kat:3, Licht: 0,1941,3,2,4,09,10,7,,0,0,1,0,0
"POINT (9.855532989000039 52.431610669000065)",Unfall 1942 (2024) Kat:3, Licht: 0,1942,3,6,2,09,14,7,,0,0,1,0,0
"POINT (9.569651763000024 52.595210231000067)",Unfall 1943 (2024) Kat:2, Licht: 0,1943,2,7,5,09,17,7,,0,1,1,0,0
"POINT (9.942084355000077 52.392333037000071)",Unfall 1944 (2024) Kat:3, Licht: 0,1944,3,6,2,09,13,7,,0,0,1,0,0
"POINT (9.465030220000074 52.398217066000029)",Unfall 1945 (2024) Kat:2, Licht: 0,1945,2,2,5,09,15,7,,0,0,1,0,0
"POINT (9.812047750000033 52.331673411000054)",Unfall 1946 (2024) Kat:3, Licht: 2,1946,3,6,2,10,06,5,,2,0,1,0,0
"POINT (9.500198426000054 52.298791384000026)",Unfall 1947 (2024) Kat:3, Licht: 0,1947,3,5,1,10,16,5,,0,0,1,0,0
"POINT (9.656389728000022 52.406219392000082)",Unfall 1948 (2024) Kat:3, Licht: 0,1948,3,6,2,09,11,6,,0,0,1,0,0
"POINT (9.720828838000045 52.339356705000057)",Unfall 1949 (2024) Kat:3, Licht: 0,1949,3,6,3,09,09,6,,0,0,1,0,0
"POINT (9.634662824000031 52.246800477000079)",Unfall 1950 (2024) Kat:3, Licht: 2,1950,3,1,8,09,20,6,,2,0,1,0,0
"POINT (9.304317577000063 52.501724128000035)",Unfall 1951 (2024) Kat:3, Licht: 2,1951,3,7,8,09,22,6,,2,0,1,0,0
"POINT (9.463289677000034 52.513214705000053)",Unfall 1952 (2024) Kat:3, Licht: 0,1952,3,6,2,09,07,6,,0,0,1,0,1
"POINT (9.611512420000054 52.435277295000049)",Unfall 1953 (2024) Kat:3, Licht: 0,1953,3,7,6,09,14,6,,0,1,0,1,0
"POINT (9.737447394000071 52.453579498000067)",Unfall 1954 (2024) Kat:3, Licht: 0,1954,3,3,5,09,15,6,,0,0,1,0,0
"POINT (9.807317663000049 52.336036905000071)",Unfall 1955 (2024) Kat:3, Licht: 2,1955,3,6,2,09,19,6,,2,0,1,0,0
"POINT (9.696348981000028 52.379841687000066)",Unfall 1956 (2024) Kat:3, Licht: 2,1956,3,2,5,09,23,6,,2,0,1,0,0
"POINT (9.869988792000072 52.434904367000058)",Unfall 1957 (2024) Kat:3, Licht: 0,1957,3,3,5,10,10,2,,0,0,1,0,0
"POINT (9.626422183000045 52.221697613000060)",Unfall 1958 (2024) Kat:2, Licht: 2,1958,2,6,2,11,05,3,,2,0,1,0,0
"POINT (9.733406805000072 52.417603222000082)",Unfall 1959 (2024) Kat:3, Licht: 0,1959,3,6,2,09,12,5,,0,0,1,0,0
"POINT (9.401633339000057 52.454360504000078)",Unfall 1960 (2024) Kat:3, Licht: 2,1960,3,2,4,09,06,5,,2,0,1,0,0
"POINT (9.596517031000076 52.145237503000033)",Unfall 1961 (2024) Kat:3, Licht: 0,1961,3,6,4,09,16,5,,0,0,1,0,0
"POINT (9.569748072000039 52.290334448000067)",Unfall 1962 (2024) Kat:3, Licht: 0,1962,3,1,8,09,11,5,,0,0,1,0,0
"POINT (9.475155440000037 52.301370479000070)",Unfall 1963 (2024) Kat:2, Licht: 0,1963,2,1,0,09,11,5,,0,1,0,0,0
"POINT (9.716879757000072 52.436446277000073)",Unfall 1964 (2024) Kat:3, Licht: 1,1964,3,3,5,09,07,5,,1,0,1,0,0
"POINT (9.774552855000024 52.427472860000080)",Unfall 1965 (2024) Kat:3, Licht: 2,1965,3,6,2,09,06,5,,2,0,1,0,0
"POINT (9.734997094000050 52.393279426000049)",Unfall 1966 (2024) Kat:3, Licht: 2,1966,3,4,6,10,19,3,,2,0,1,1,0
"POINT (9.766375242000038 52.370778275000077)",Unfall 1967 (2024) Kat:3, Licht: 0,1967,3,6,2,09,09,4,,0,0,1,0,0
"POINT (9.748671284000068 52.369206415000065)",Unfall 1968 (2024) Kat:3, Licht: 0,1968,3,3,5,09,10,4,,0,0,1,0,0
"POINT (9.648351843000057 52.412714341000026)",Unfall 1969 (2024) Kat:3, Licht: 2,1969,3,2,5,09,22,4,,2,0,1,0,0
"POINT (9.734879605000060 52.392757828000072)",Unfall 1970 (2024) Kat:3, Licht: 0,1970,3,6,3,09,16,4,,0,0,1,0,1
"POINT (9.456643491000023 52.426451136000026)",Unfall 1971 (2024) Kat:3, Licht: 2,1971,3,1,4,09,05,4,,2,0,1,0,0
"POINT (9.971037579000040 52.309015823000038)",Unfall 1972 (2024) Kat:3, Licht: 2,1972,3,7,0,09,21,4,,2,0,0,0,0
"POINT (9.893922914000029 52.397987235000073)",Unfall 1973 (2024) Kat:3, Licht: 1,1973,3,6,2,09,07,4,,1,0,1,0,0
"POINT (9.695283768000024 52.430498801000056)",Unfall 1974 (2024) Kat:2, Licht: 2,1974,2,6,3,09,23,4,,2,0,1,0,0
"POINT (9.716089103000058 52.397487025000032)",Unfall 1975 (2024) Kat:3, Licht: 2,1975,3,3,5,09,22,4,,2,0,1,0,0
"POINT (9.607878361000076 52.446194396000067)",Unfall 1976 (2024) Kat:2, Licht: 0,1976,2,7,0,09,12,4,,0,1,0,0,0
"POINT (9.786137948000032 52.422836127000039)",Unfall 1977 (2024) Kat:3, Licht: 0,1977,3,3,5,09,07,4,,0,1,1,0,0
"POINT (9.756501289000028 52.524055768000039)",Unfall 1978 (2024) Kat:3, Licht: 0,1978,3,6,2,09,17,7,,0,0,1,0,0
"POINT (9.713723849000075 52.399473872000044)",Unfall 1979 (2024) Kat:3, Licht: 0,1979,3,3,5,11,15,2,,0,0,1,0,0
"POINT (9.797620625000036 52.413686133000056)",Unfall 1980 (2024) Kat:3, Licht: 2,1980,3,1,0,09,19,3,,2,1,0,0,0
"POINT (9.372568354000066 52.434152384000072)",Unfall 1981 (2024) Kat:3, Licht: 0,1981,3,3,5,09,13,3,,0,0,1,0,0
"POINT (9.733883736000053 52.545670947000076)",Unfall 1982 (2024) Kat:3, Licht: 0,1982,3,2,5,09,15,3,,0,1,1,0,0
"POINT (9.723241489000031 52.454154032000076)",Unfall 1983 (2024) Kat:3, Licht: 2,1983,3,2,5,09,23,3,,2,1,1,0,0
"POINT (9.769112784000072 52.426984495000056)",Unfall 1984 (2024) Kat:3, Licht: 2,1984,3,6,3,09,21,3,,2,0,1,0,0
"POINT (9.724628760000030 52.377282358000059)",Unfall 1985 (2024) Kat:3, Licht: 1,1985,3,1,0,09,19,3,,1,1,0,0,0
"POINT (9.802657028000056 52.435092166000061)",Unfall 1986 (2024) Kat:3, Licht: 0,1986,3,2,2,09,12,3,,0,0,1,0,1
"POINT (9.717215941000063 52.346363820000079)",Unfall 1987 (2024) Kat:3, Licht: 0,1987,3,3,5,09,15,2,,0,0,1,0,0
"POINT (9.827820574000043 52.361007692000044)",Unfall 1988 (2024) Kat:3, Licht: 0,1988,3,3,0,09,16,2,,0,1,0,1,0
"POINT (9.976909175000060 52.373283054000069)",Unfall 1989 (2024) Kat:3, Licht: 0,1989,3,3,5,09,07,2,,0,1,0,0,0
"POINT (9.990457793000076 52.368677787000081)",Unfall 1990 (2024) Kat:2, Licht: 0,1990,2,1,0,09,17,2,,0,0,0,0,1
"POINT (9.716905788000076 52.366979264000065)",Unfall 1991 (2024) Kat:3, Licht: 0,1991,3,7,1,09,13,2,,0,1,1,0,0
"POINT (9.411445813000057 52.333618895000029)",Unfall 1992 (2024) Kat:3, Licht: 0,1992,3,7,2,10,15,2,,0,0,1,0,0
"POINT (9.667346324000050 52.377070328000059)",Unfall 1993 (2024) Kat:3, Licht: 2,1993,3,3,5,11,06,6,,2,0,1,0,0
"POINT (9.630120708000049 52.208229854000081)",Unfall 1994 (2024) Kat:3, Licht: 0,1994,3,6,3,09,14,1,,0,1,1,0,0
"POINT (9.975023814000053 52.409175557000026)",Unfall 1995 (2024) Kat:3, Licht: 2,1995,3,1,8,09,01,1,,2,0,1,0,0
"POINT (9.714308607000021 52.362212842000076)",Unfall 1996 (2024) Kat:3, Licht: 2,1996,3,6,3,09,20,7,,2,0,1,0,1
"POINT (9.730213768000056 52.368958507000059)",Unfall 1997 (2024) Kat:3, Licht: 2,1997,3,3,5,09,21,7,,2,1,1,0,0
"POINT (9.551359492000074 52.397377973000062)",Unfall 1998 (2024) Kat:3, Licht: 0,1998,3,7,0,09,10,7,,0,1,0,0,0
"POINT (9.611639515000036 52.436951033000071)",Unfall 1999 (2024) Kat:3, Licht: 0,1999,3,3,5,09,10,7,,0,0,1,0,1
"POINT (9.769133394000050 52.581224061000057)",Unfall 2000 (2024) Kat:3, Licht: 0,2000,3,6,2,09,11,7,,0,0,1,0,0
"POINT (9.852895454000077 52.475751000000059)",Unfall 2001 (2024) Kat:3, Licht: 2,2001,3,7,2,09,03,7,,2,0,1,0,0
"POINT (9.900240369000073 52.395449838000047)",Unfall 2002 (2024) Kat:3, Licht: 0,2002,3,6,2,10,17,2,,0,0,1,0,0
"POINT (9.641053840000041 52.173523728000077)",Unfall 2003 (2024) Kat:3, Licht: 0,2003,3,6,2,09,12,6,,0,0,1,0,0
"POINT (9.582342815000061 52.390039107000064)",Unfall 2004 (2024) Kat:3, Licht: 0,2004,3,6,2,09,14,6,,0,0,1,0,0
"POINT (9.574200826000038 52.282153703000063)",Unfall 2005 (2024) Kat:3, Licht: 0,2005,3,2,2,09,16,6,,0,0,0,0,1
"POINT (9.504038692000051 52.572814846000028)",Unfall 2006 (2024) Kat:3, Licht: 1,2006,3,7,5,09,07,6,,1,1,1,0,0
"POINT (9.489525482000033 52.490534306000029)",Unfall 2007 (2024) Kat:3, Licht: 0,2007,3,2,5,09,12,6,,0,0,1,0,0
"POINT (9.930353181000044 52.440414013000066)",Unfall 2008 (2024) Kat:3, Licht: 0,2008,3,6,2,09,12,6,,0,0,1,0,0
"POINT (9.963803456000051 52.390068312000039)",Unfall 2009 (2024) Kat:3, Licht: 0,2009,3,7,2,09,12,6,,0,0,1,0,0
"POINT (9.767343011000037 52.582450346000030)",Unfall 2010 (2024) Kat:3, Licht: 0,2010,3,6,2,09,09,6,,0,0,1,0,0
"POINT (9.788190202000067 52.562595437000027)",Unfall 2011 (2024) Kat:3, Licht: 2,2011,3,6,2,09,22,6,,2,0,1,0,0
"POINT (9.858237431000020 52.570361463000040)",Unfall 2012 (2024) Kat:2, Licht: 0,2012,2,2,5,09,14,6,,0,0,1,0,0
"POINT (9.840999476000036 52.361529849000078)",Unfall 2013 (2024) Kat:3, Licht: 0,2013,3,5,1,09,17,6,,0,0,1,0,0
"POINT (9.747080274000041 52.437208194000050)",Unfall 2014 (2024) Kat:2, Licht: 2,2014,2,1,9,09,23,6,,2,1,0,0,0
"POINT (9.947102174000065 52.300300768000056)",Unfall 2015 (2024) Kat:3, Licht: 0,2015,3,1,8,09,12,1,,0,0,0,0,0
"POINT (9.632766342000025 52.419670128000064)",Unfall 2016 (2024) Kat:3, Licht: 1,2016,3,6,2,09,07,5,,1,0,1,0,0
"POINT (9.417908260000047 52.576589144000081)",Unfall 2017 (2024) Kat:3, Licht: 1,2017,3,3,5,09,06,5,,1,1,1,0,0
"POINT (10.050104524000062 52.522606205000045)",Unfall 2018 (2024) Kat:3, Licht: 2,2018,3,7,8,09,04,5,,2,0,1,0,0
"POINT (9.781279264000034 52.428338704000055)",Unfall 2019 (2024) Kat:3, Licht: 0,2019,3,6,2,09,16,5,,0,0,1,0,0
"POINT (9.781396823000023 52.363951657000030)",Unfall 2020 (2024) Kat:3, Licht: 0,2020,3,6,2,09,17,5,,0,0,1,0,0
"POINT (9.654435341000067 52.407925165000051)",Unfall 2021 (2024) Kat:3, Licht: 2,2021,3,6,2,09,05,4,,2,0,1,0,0
"POINT (9.725242018000074 52.380326683000078)",Unfall 2022 (2024) Kat:3, Licht: 0,2022,3,6,2,09,12,4,,0,0,1,0,0
"POINT (10.006400829000029 52.380675639000060)",Unfall 2023 (2024) Kat:3, Licht: 0,2023,3,2,4,10,14,4,,0,0,1,0,0
"POINT (9.732510026000057 52.383373094000035)",Unfall 2024 (2024) Kat:3, Licht: 0,2024,3,7,0,09,12,4,,0,1,0,0,0
"POINT (9.782771129000025 52.424403437000080)",Unfall 2025 (2024) Kat:3, Licht: 2,2025,3,3,5,09,21,4,,2,0,1,0,0
"POINT (9.677798452000047 52.436502921000056)",Unfall 2026 (2024) Kat:3, Licht: 2,2026,3,7,0,10,19,5,,2,1,0,0,0
"POINT (9.719550141000070 52.421480349000035)",Unfall 2027 (2024) Kat:3, Licht: 1,2027,3,6,2,09,18,4,,1,0,1,0,0
"POINT (9.800141888000041 52.406454489000055)",Unfall 2028 (2024) Kat:3, Licht: 0,2028,3,2,5,09,16,4,,0,1,0,0,0
"POINT (9.865753908000045 52.359023489000037)",Unfall 2029 (2024) Kat:3, Licht: 0,2029,3,6,2,09,16,4,,0,0,1,0,0
"POINT (9.450648093000041 52.467362995000030)",Unfall 2030 (2024) Kat:3, Licht: 0,2030,3,2,2,09,11,4,,0,1,1,0,0
"POINT (9.643853941000032 52.433708679000063)",Unfall 2031 (2024) Kat:3, Licht: 0,2031,3,3,5,09,15,2,,0,1,1,0,0
"POINT (9.439106530000061 52.526973227000042)",Unfall 2032 (2024) Kat:3, Licht: 2,2032,3,1,8,09,05,4,,2,0,1,0,0
"POINT (9.494857627000044 52.278254536000077)",Unfall 2033 (2024) Kat:3, Licht: 0,2033,3,1,9,09,17,4,,0,0,0,0,1
"POINT (10.027035574000024 52.453577756000072)",Unfall 2034 (2024) Kat:3, Licht: 0,2034,3,6,2,09,18,4,,0,0,1,0,0
"POINT (9.630623799000034 52.421124932000055)",Unfall 2035 (2024) Kat:2, Licht: 2,2035,2,7,7,09,22,4,,2,0,1,0,0
"POINT (9.497095319000039 52.274355840000055)",Unfall 2036 (2024) Kat:3, Licht: 2,2036,3,1,8,10,19,4,,2,0,0,0,1
"POINT (9.785439060000044 52.566068778000044)",Unfall 2037 (2024) Kat:3, Licht: 2,2037,3,6,2,10,05,4,,2,0,1,0,0
"POINT (9.745009768000045 52.369034827000064)",Unfall 2038 (2024) Kat:3, Licht: 1,2038,3,3,5,09,19,3,,1,1,0,0,0
"POINT (9.651476582000043 52.410550584000077)",Unfall 2039 (2024) Kat:3, Licht: 0,2039,3,6,2,09,14,3,,0,0,1,0,0
"POINT (9.727013631000034 52.366563338000049)",Unfall 2040 (2024) Kat:3, Licht: 0,2040,3,3,5,09,11,3,,0,1,0,0,0
"POINT (9.462115758000039 52.401652124000066)",Unfall 2041 (2024) Kat:3, Licht: 0,2041,3,1,0,09,13,3,,0,1,0,0,0
"POINT (9.429272303000062 52.427455050000049)",Unfall 2042 (2024) Kat:3, Licht: 0,2042,3,3,5,09,11,3,,0,1,1,0,0
"POINT (9.634720210000069 52.304496435000033)",Unfall 2043 (2024) Kat:3, Licht: 1,2043,3,6,6,09,19,3,,1,1,0,1,0
"POINT (9.996376887000054 52.509258505000048)",Unfall 2044 (2024) Kat:3, Licht: 1,2044,3,3,5,09,06,3,,1,0,1,0,0
"POINT (9.860432360000061 52.517398999000079)",Unfall 2045 (2024) Kat:3, Licht: 0,2045,3,3,5,09,11,6,,0,0,1,0,0
"POINT (9.730988028000070 52.370645973000080)",Unfall 2046 (2024) Kat:3, Licht: 0,2046,3,6,2,09,15,2,,0,0,1,0,0
"POINT (9.732565477000037 52.423804102000076)",Unfall 2047 (2024) Kat:3, Licht: 0,2047,3,6,2,09,18,2,,0,0,1,0,0
"POINT (9.802271813000061 52.437477976000082)",Unfall 2048 (2024) Kat:3, Licht: 0,2048,3,3,5,09,07,4,,0,1,1,0,0
"POINT (9.897680999000045 52.410220572000071)",Unfall 2049 (2024) Kat:3, Licht: 0,2049,3,7,6,09,17,2,,0,0,1,1,0
"POINT (10.044606299000066 52.375707607000038)",Unfall 2050 (2024) Kat:3, Licht: 0,2050,3,6,3,09,08,2,,0,0,1,0,0
"POINT (9.735154293000051 52.406277320000072)",Unfall 2051 (2024) Kat:3, Licht: 0,2051,3,3,5,09,16,2,,0,1,1,0,0
"POINT (9.589913599000056 52.438936530000035)",Unfall 2052 (2024) Kat:3, Licht: 0,2052,3,6,2,09,17,2,,0,0,1,0,0
"POINT (9.575417801000071 52.270182446000035)",Unfall 2053 (2024) Kat:3, Licht: 2,2053,3,1,0,09,19,1,,2,1,0,0,0
"POINT (9.533746765000046 52.560674303000042)",Unfall 2054 (2024) Kat:3, Licht: 1,2054,3,1,9,09,06,1,,1,0,1,0,0
"POINT (9.857368564000069 52.504906272000028)",Unfall 2055 (2024) Kat:3, Licht: 0,2055,3,6,2,09,17,1,,0,1,1,0,0
"POINT (9.792394931000047 52.556027812000082)",Unfall 2056 (2024) Kat:3, Licht: 0,2056,3,6,2,09,14,1,,0,0,1,0,0
"POINT (9.837061045000041 52.286879068000076)",Unfall 2057 (2024) Kat:3, Licht: 0,2057,3,7,8,09,17,7,,0,0,1,0,0
"POINT (9.756145622000076 52.352892324000038)",Unfall 2058 (2024) Kat:3, Licht: 0,2058,3,3,5,09,10,7,,0,1,1,0,0
"POINT (9.735486148000064 52.401935765000076)",Unfall 2059 (2024) Kat:3, Licht: 0,2059,3,4,6,09,17,7,,0,1,0,1,0
"POINT (9.722203983000043 52.378352025000027)",Unfall 2060 (2024) Kat:3, Licht: 0,2060,3,1,0,09,10,7,,0,0,0,0,1
"POINT (9.678225629000053 52.381051325000044)",Unfall 2061 (2024) Kat:3, Licht: 0,2061,3,6,4,09,18,7,,0,1,0,0,0
"POINT (9.623126681000031 52.425741963000064)",Unfall 2062 (2024) Kat:3, Licht: 0,2062,3,6,3,09,15,7,,0,0,1,0,0
"POINT (9.866052574000037 52.339510677000078)",Unfall 2063 (2024) Kat:3, Licht: 0,2063,3,7,7,09,14,7,,0,0,1,0,0
"POINT (9.872343245000025 52.359099700000058)",Unfall 2064 (2024) Kat:3, Licht: 2,2064,3,1,9,09,19,7,,2,0,1,0,0
"POINT (9.657664493000027 52.551672870000061)",Unfall 2065 (2024) Kat:3, Licht: 2,2065,3,1,8,09,03,7,,2,0,1,0,0
"POINT (9.610915880000050 52.431448062000072)",Unfall 2066 (2024) Kat:3, Licht: 0,2066,3,3,5,09,10,2,,0,0,1,0,0
"POINT (9.734918935000053 52.392932439000049)",Unfall 2067 (2024) Kat:3, Licht: 1,2067,3,6,2,09,19,6,,1,0,1,0,0
"POINT (9.691372444000024 52.376803169000027)",Unfall 2068 (2024) Kat:3, Licht: 0,2068,3,7,0,09,11,6,,0,1,0,0,0
"POINT (9.848734083000068 52.427805661000036)",Unfall 2069 (2024) Kat:3, Licht: 0,2069,3,6,2,09,14,6,,0,0,1,0,0
"POINT (9.637669430000074 52.396633783000027)",Unfall 2070 (2024) Kat:3, Licht: 1,2070,3,2,2,09,19,7,,1,0,1,0,0
"POINT (9.701189964000037 52.370311717000050)",Unfall 2071 (2024) Kat:3, Licht: 1,2071,3,6,2,09,18,5,,1,0,1,0,0
"POINT (9.697883479000041 52.377038833000029)",Unfall 2072 (2024) Kat:3, Licht: 0,2072,3,6,2,09,14,5,,0,0,1,0,0
"POINT (9.734027698000034 52.387121527000033)",Unfall 2073 (2024) Kat:3, Licht: 0,2073,3,2,5,09,17,5,,0,1,1,0,0
"POINT (9.781941966000034 52.424784546000069)",Unfall 2074 (2024) Kat:3, Licht: 0,2074,3,6,0,09,17,5,,0,0,1,0,0
"POINT (9.687045971000032 52.392278874000056)",Unfall 2075 (2024) Kat:3, Licht: 0,2075,3,6,3,10,14,3,,0,0,1,0,0
"POINT (9.647049038000034 52.423892248000072)",Unfall 2076 (2024) Kat:3, Licht: 0,2076,3,6,2,09,18,5,,0,0,1,0,0
"POINT (9.835432982000043 52.492152566000073)",Unfall 2077 (2024) Kat:3, Licht: 0,2077,3,6,2,09,16,5,,0,0,1,0,0
"POINT (9.640892636000046 52.422401230000048)",Unfall 2078 (2024) Kat:3, Licht: 0,2078,3,6,2,09,15,5,,0,0,1,0,0
"POINT (9.848514471000044 52.411738076000063)",Unfall 2079 (2024) Kat:3, Licht: 0,2079,3,7,3,09,11,5,,0,0,1,0,0