WKT,Name,OBJECTID,UKATEGORIE,UTYP1,UART,UMONAT,USTUNDE,UWOCHENTAG,STRZUSTAND,ULICHTVERH,ISTRAD,ISTPKW,ISTFUSS,ISTKRAD
"POINT (9.888465459000031 52.398185366000064)",Unfall 2080 (2024) Kat:3, Licht: 0,2080,3,7,7,09,09,5,,0,0,0,0,0
"POINT (9.514926140000057 52.412145903000066)",Unfall 2081 (2024) Kat:3, Licht: 0,2081,3,6,2,09,08,5,,0,0,1,0,0
"POINT (9.499380350000024 52.423903945000063)",Unfall 2082 (2024) Kat:2, Licht: 2,2082,2,1,8,09,04,5,,2,0,1,0,0
"POINT (9.635991216000036 52.396324008000079)",Unfall 2083 (2024) Kat:3, Licht: 2,2083,3,1,8,12,00,3,,2,0,1,0,0
"POINT (10.193834272000061 52.447129948000054)",Unfall 2084 (2024) Kat:2, Licht: 2,2084,2,7,2,12,18,3,,2,0,1,0,1
"POINT (9.654145693000032 52.408357080000030)",Unfall 2085 (2024) Kat:3, Licht: 2,2085,3,6,2,12,17,2,,2,0,1,0,0
"POINT (9.895057156000064 52.351221135000060)",Unfall 2086 (2024) Kat:3, Licht: 0,2086,3,7,8,12,08,2,,0,0,1,0,0
"POINT (9.732589424000025 52.423349572000063)",Unfall 2087 (2024) Kat:3, Licht: 2,2087,3,2,5,12,20,2,,2,0,1,0,0
"POINT (9.722898730000054 52.459053349000044)",Unfall 2088 (2024) Kat:3, Licht: 2,2088,3,6,9,12,20,2,,2,0,1,0,0
"POINT (9.713571140000056 52.361648837000075)",Unfall 2089 (2024) Kat:3, Licht: 1,2089,3,2,5,12,16,7,,1,0,1,0,0
"POINT (9.638893395000025 52.396733274000042)",Unfall 2090 (2024) Kat:3, Licht: 2,2090,3,2,6,12,19,7,,2,0,1,1,0
"POINT (9.649953331000063 52.424451513000065)",Unfall 2091 (2024) Kat:2, Licht: 2,2091,2,7,8,12,00,7,,2,0,0,0,0
"POINT (9.721130049000067 52.361464216000059)",Unfall 2092 (2024) Kat:3, Licht: 0,2092,3,4,6,12,15,7,,0,0,0,1,0
"POINT (9.641144809000025 52.173357107000072)",Unfall 2093 (2024) Kat:3, Licht: 2,2093,3,1,8,12,20,6,,2,0,1,0,0
"POINT (9.964091646000043 52.315992987000072)",Unfall 2094 (2024) Kat:3, Licht: 2,2094,3,2,2,12,16,6,,2,0,1,1,0
"POINT (9.858186549000038 52.433126794000032)",Unfall 2095 (2024) Kat:3, Licht: 2,2095,3,6,4,12,20,6,,2,0,1,0,0
"POINT (10.196584623000035 52.464203534000035)",Unfall 2096 (2024) Kat:3, Licht: 0,2096,3,3,5,12,11,6,,0,1,1,0,0
"POINT (9.515396602000067 52.411498770000037)",Unfall 2097 (2024) Kat:3, Licht: 2,2097,3,6,2,12,17,6,,2,0,1,0,0
"POINT (9.573513771000023 52.422774768000068)",Unfall 2098 (2024) Kat:2, Licht: 2,2098,2,6,3,12,19,5,,2,0,1,0,0
"POINT (9.762844254000072 52.370570826000062)",Unfall 2099 (2024) Kat:3, Licht: 2,2099,3,6,2,12,17,4,,2,0,1,0,0
"POINT (9.635244372000045 52.354829428000073)",Unfall 2100 (2024) Kat:2, Licht: 2,2100,2,7,9,12,05,4,,2,0,1,0,0
"POINT (9.604471773000057 52.600810026000033)",Unfall 2101 (2024) Kat:3, Licht: 2,2101,3,1,8,12,06,3,,2,0,1,0,0
"POINT (9.825601342000027 52.425110721000067)",Unfall 2102 (2024) Kat:3, Licht: 2,2102,3,6,3,12,17,3,,2,0,1,0,0
"POINT (10.012870015000033 52.442698118000067)",Unfall 2103 (2024) Kat:2, Licht: 1,2103,2,4,6,12,07,3,,1,0,1,1,0
"POINT (9.833257628000069 52.338263826000059)",Unfall 2104 (2024) Kat:3, Licht: 2,2104,3,2,4,12,07,2,,2,0,1,0,0
"POINT (9.570922296000049 52.457731245000048)",Unfall 2105 (2024) Kat:3, Licht: 1,2105,3,3,5,12,15,2,,1,1,1,0,0
"POINT (9.721240861000069 52.361729607000029)",Unfall 2106 (2024) Kat:3, Licht: 0,2106,3,7,0,12,10,1,,0,1,0,0,0
"POINT (9.575210378000065 52.419073374000050)",Unfall 2107 (2024) Kat:3, Licht: 2,2107,3,1,8,12,01,1,,2,0,1,0,0
"POINT (9.857879253000021 52.407537065000042)",Unfall 2108 (2024) Kat:3, Licht: 2,2108,3,1,8,12,01,1,,2,0,1,0,0
"POINT (9.719454681000059 52.346537419000072)",Unfall 2109 (2024) Kat:3, Licht: 0,2109,3,2,5,12,15,7,,0,0,1,0,0
"POINT (9.663554941000029 52.315981244000056)",Unfall 2110 (2024) Kat:3, Licht: 2,2110,3,2,6,12,05,7,,2,0,1,1,0
"POINT (9.640417455000033 52.443935126000042)",Unfall 2111 (2024) Kat:3, Licht: 2,2111,3,6,2,12,16,7,,2,0,1,0,0
"POINT (9.788156549000064 52.454932054000039)",Unfall 2112 (2024) Kat:3, Licht: 2,2112,3,2,2,12,16,7,,2,0,1,0,0
"POINT (9.744965789000048 52.369033054000056)",Unfall 2113 (2024) Kat:3, Licht: 2,2113,3,5,1,12,23,6,,2,0,1,0,0
"POINT (9.697905221000042 52.377026510000064)",Unfall 2114 (2024) Kat:3, Licht: 0,2114,3,6,2,12,10,6,,0,0,1,0,0
"POINT (9.842889896000031 52.361000826000065)",Unfall 2115 (2024) Kat:3, Licht: 2,2115,3,7,0,12,22,6,,2,1,0,0,0
"POINT (9.667910558000074 52.341989268000077)",Unfall 2116 (2024) Kat:3, Licht: 1,2116,3,3,5,12,16,6,,1,0,1,0,0
"POINT (9.501423147000025 52.289427297000032)",Unfall 2117 (2024) Kat:2, Licht: 2,2117,2,7,0,12,05,6,,2,1,0,0,0
"POINT (9.729188136000062 52.491574410000055)",Unfall 2118 (2024) Kat:3, Licht: 2,2118,3,2,4,12,19,6,,2,0,1,0,0
"POINT (9.827556742000070 52.283597642000075)",Unfall 2119 (2024) Kat:3, Licht: 0,2119,3,2,5,12,09,6,,0,0,1,0,0
"POINT (9.733428146000051 52.417434469000057)",Unfall 2120 (2024) Kat:3, Licht: 0,2120,3,4,6,12,15,5,,0,0,1,1,0
"POINT (9.762266293000039 52.336120388000040)",Unfall 2121 (2024) Kat:3, Licht: 2,2121,3,4,6,12,17,5,,2,0,1,1,0
"POINT (9.475731495000048 52.546512337000081)",Unfall 2122 (2024) Kat:2, Licht: 2,2122,2,1,4,12,17,5,,2,0,1,0,0
"POINT (9.457131262000075 52.502307727000073)",Unfall 2123 (2024) Kat:3, Licht: 0,2123,3,6,2,12,11,5,,0,0,1,0,0
"POINT (9.611261160000026 52.431334418000063)",Unfall 2124 (2024) Kat:3, Licht: 0,2124,3,6,2,12,10,5,,0,0,1,0,0
"POINT (10.105446039000071 52.389641032000043)",Unfall 2125 (2024) Kat:3, Licht: 0,2125,3,2,4,12,14,5,,0,0,1,0,0
"POINT (9.751355335000028 52.359020934000057)",Unfall 2126 (2024) Kat:2, Licht: 2,2126,2,4,6,12,16,5,,2,0,1,1,0
"POINT (9.764889430000039 52.342670292000037)",Unfall 2127 (2024) Kat:3, Licht: 2,2127,3,3,5,12,07,7,,2,1,1,0,0
"POINT (9.795112675000041 52.415141828000060)",Unfall 2128 (2024) Kat:3, Licht: 1,2128,3,3,0,12,18,4,,1,0,1,0,0
"POINT (9.746179306000045 52.184530327000061)",Unfall 2129 (2024) Kat:3, Licht: 1,2129,3,6,4,12,17,4,,1,0,0,0,0
"POINT (9.900097075000076 52.397733435000077)",Unfall 2130 (2024) Kat:3, Licht: 2,2130,3,6,2,12,17,4,,2,0,1,0,0
"POINT (9.768639648000033 52.337979643000040)",Unfall 2131 (2024) Kat:3, Licht: 2,2131,3,4,6,12,07,4,,2,0,0,1,0
"POINT (9.589596073000052 52.439060163000079)",Unfall 2132 (2024) Kat:3, Licht: 2,2132,3,3,5,12,06,1,,2,0,1,0,0
"POINT (9.677651738000066 52.358815302000039)",Unfall 2133 (2024) Kat:3, Licht: 0,2133,3,6,2,12,15,3,,0,0,1,0,0
"POINT (9.734425155000054 52.474782426000047)",Unfall 2134 (2024) Kat:3, Licht: 1,2134,3,2,4,12,07,3,,1,0,1,0,0
"POINT (10.013314771000069 52.443662756000037)",Unfall 2135 (2024) Kat:3, Licht: 0,2135,3,3,5,12,12,3,,0,1,1,0,0
"POINT (9.857092211000065 52.408114258000069)",Unfall 2136 (2024) Kat:3, Licht: 1,2136,3,6,2,12,07,3,,1,0,0,0,0
"POINT (9.853040548000024 52.409959422000043)",Unfall 2137 (2024) Kat:3, Licht: 2,2137,3,6,2,12,07,3,,2,0,1,0,0
"POINT (9.586912844000040 52.416091671000061)",Unfall 2138 (2024) Kat:3, Licht: 2,2138,3,3,5,12,21,5,,2,0,1,0,0
"POINT (9.809280839000053 52.379436530000078)",Unfall 2139 (2024) Kat:3, Licht: 1,2139,3,4,6,12,08,2,,1,0,1,1,0
"POINT (9.692537874000038 52.334449048000067)",Unfall 2140 (2024) Kat:3, Licht: 2,2140,3,6,2,12,16,2,,2,0,1,0,0
"POINT (9.699958840000022 52.416269970000030)",Unfall 2141 (2024) Kat:3, Licht: 2,2141,3,1,0,12,03,2,,2,1,0,0,0
"POINT (9.823627288000068 52.339527251000050)",Unfall 2142 (2024) Kat:3, Licht: 0,2142,3,6,2,12,12,2,,0,0,1,0,0
"POINT (9.861893130000055 52.405711920000044)",Unfall 2143 (2024) Kat:1, Licht: 2,2143,1,6,2,12,01,1,,2,0,1,0,0
"POINT (9.525222435000046 52.365701486000034)",Unfall 2144 (2024) Kat:3, Licht: 2,2144,3,7,8,12,00,2,,2,0,1,0,0
"POINT (9.961167017000037 52.389708793000068)",Unfall 2145 (2024) Kat:3, Licht: 1,2145,3,6,2,12,15,2,,1,0,1,0,0
"POINT (9.813125782000043 52.325790442000027)",Unfall 2146 (2024) Kat:3, Licht: 0,2146,3,6,2,12,12,2,,0,0,1,0,0
"POINT (9.706334616000049 52.411786711000047)",Unfall 2147 (2024) Kat:3, Licht: 0,2147,3,1,8,12,07,2,,0,0,1,0,0
"POINT (9.646874320000052 52.413562223000042)",Unfall 2148 (2024) Kat:3, Licht: 2,2148,3,7,2,12,19,1,,2,0,1,0,1
"POINT (9.464280716000076 52.316899717000069)",Unfall 2149 (2024) Kat:3, Licht: 2,2149,3,1,0,12,18,1,,2,0,1,0,0
"POINT (10.054389355000069 52.509167783000066)",Unfall 2150 (2024) Kat:3, Licht: 0,2150,3,3,5,12,12,1,,0,0,1,0,0
"POINT (9.864149722000036 52.334059490000072)",Unfall 2151 (2024) Kat:3, Licht: 2,2151,3,6,2,12,20,1,,2,0,1,0,0
"POINT (9.871777210000062 52.347630072000072)",Unfall 2152 (2024) Kat:3, Licht: 2,2152,3,6,2,12,20,1,,2,0,1,0,1
"POINT (9.778001499000027 52.427855262000037)",Unfall 2153 (2024) Kat:3, Licht: 2,2153,3,6,3,12,20,1,,2,0,1,0,0
"POINT (9.462325787000054 52.331857214000081)",Unfall 2154 (2024) Kat:3, Licht: 2,2154,3,1,8,12,04,1,,2,0,1,0,0
"POINT (9.773665133000065 52.370987450000030)",Unfall 2155 (2024) Kat:3, Licht: 2,2155,3,6,2,12,18,7,,2,0,1,0,0
"POINT (9.663341316000071 52.315816849000043)",Unfall 2156 (2024) Kat:3, Licht: 2,2156,3,2,4,12,19,7,,2,0,1,0,0
"POINT (9.614515394000023 52.430415034000077)",Unfall 2157 (2024) Kat:3, Licht: 2,2157,3,6,6,12,00,7,,2,1,0,1,0
"POINT (9.634457389000033 52.420802112000047)",Unfall 2158 (2024) Kat:3, Licht: 0,2158,3,1,9,12,15,7,,0,0,1,0,0
"POINT (9.625433049000037 52.424336228000072)",Unfall 2159 (2024) Kat:3, Licht: 2,2159,3,6,3,12,16,6,,2,0,1,0,0
"POINT (9.801058557000033 52.429348305000076)",Unfall 2160 (2024) Kat:3, Licht: 2,2160,3,2,4,12,07,6,,2,1,1,0,0
"POINT (9.664579491000040 52.239774042000079)",Unfall 2161 (2024) Kat:3, Licht: 0,2161,3,7,0,12,12,6,,0,1,0,0,0
"POINT (9.595666397000059 52.386265094000066)",Unfall 2162 (2024) Kat:3, Licht: 2,2162,3,2,6,12,07,6,,2,0,1,1,0
"POINT (9.727154966000057 52.439073445000076)",Unfall 2163 (2024) Kat:3, Licht: 0,2163,3,3,5,12,13,6,,0,1,1,0,0
"POINT (9.719158810000067 52.347340895000059)",Unfall 2164 (2024) Kat:2, Licht: 1,2164,2,4,6,12,17,6,,1,0,1,1,0
"POINT (9.493741380000074 52.400071042000036)",Unfall 2165 (2024) Kat:3, Licht: 0,2165,3,6,2,12,14,6,,0,0,1,0,0
"POINT (9.415129255000068 52.327884604000076)",Unfall 2166 (2024) Kat:3, Licht: 0,2166,3,3,5,12,11,3,,0,1,1,0,0
"POINT (9.749886093000043 52.369270923000045)",Unfall 2167 (2024) Kat:2, Licht: 2,2167,2,4,6,12,17,5,,2,1,0,1,0
"POINT (9.730895734000057 52.370735050000064)",Unfall 2168 (2024) Kat:3, Licht: 0,2168,3,7,2,12,09,5,,0,0,1,0,0
"POINT (9.794181557000059 52.394294739000031)",Unfall 2169 (2024) Kat:3, Licht: 0,2169,3,6,2,12,12,5,,0,0,1,0,0
"POINT (9.829504680000070 52.423360361000050)",Unfall 2170 (2024) Kat:3, Licht: 2,2170,3,6,2,12,17,5,,2,0,1,0,0
"POINT (9.355640585000060 52.452296528000034)",Unfall 2171 (2024) Kat:3, Licht: 2,2171,3,1,9,12,19,5,,2,0,1,0,0
"POINT (9.964489553000021 52.373209059000033)",Unfall 2172 (2024) Kat:3, Licht: 2,2172,3,2,4,12,19,5,,2,0,1,0,1
"POINT (9.990422733000059 52.412546909000071)",Unfall 2173 (2024) Kat:2, Licht: 0,2173,2,3,5,12,12,5,,0,1,1,0,0
"POINT (9.572829473000070 52.425209380000069)",Unfall 2174 (2024) Kat:3, Licht: 2,2174,3,3,5,12,21,5,,2,1,1,0,0
"POINT (9.749491542000044 52.452710818000071)",Unfall 2175 (2024) Kat:2, Licht: 1,2175,2,4,6,12,19,5,,1,0,1,1,0
"POINT (9.498246879000021 52.402844275000064)",Unfall 2176 (2024) Kat:3, Licht: 2,2176,3,6,3,12,17,5,,2,0,1,0,0
"POINT (9.533714416000066 52.419639036000035)",Unfall 2177 (2024) Kat:3, Licht: 0,2177,3,6,2,12,06,5,,0,0,1,0,0
"POINT (9.716095469000038 52.397481885000047)",Unfall 2178 (2024) Kat:3, Licht: 2,2178,3,3,5,12,20,5,,2,0,1,0,0
"POINT (9.634117517000050 52.418691006000074)",Unfall 2179 (2024) Kat:3, Licht: 2,2179,3,6,2,12,07,5,,2,0,1,0,0
"POINT (9.651847879000059 52.416141542000048)",Unfall 2180 (2024) Kat:3, Licht: 0,2180,3,6,2,12,14,4,,0,0,1,0,0
"POINT (9.754887951000057 52.370083792000059)",Unfall 2181 (2024) Kat:3, Licht: 2,2181,3,6,0,12,18,6,,2,0,1,0,1
"POINT (10.227659801000073 52.432917667000027)",Unfall 2182 (2024) Kat:3, Licht: 2,2182,3,3,0,12,18,4,,2,1,1,0,0
"POINT (10.018318911000051 52.428110552000078)",Unfall 2183 (2024) Kat:3, Licht: 1,2183,3,7,9,12,07,4,,1,0,1,0,0
"POINT (9.792358307000029 52.555719299000032)",Unfall 2184 (2024) Kat:3, Licht: 2,2184,3,6,2,12,22,4,,2,0,0,0,0
"POINT (9.455918870000062 52.448512381000057)",Unfall 2185 (2024) Kat:3, Licht: 1,2185,3,7,0,12,15,4,,1,0,1,0,0
"POINT (9.643615471000032 52.422926115000053)",Unfall 2186 (2024) Kat:3, Licht: 0,2186,3,6,2,12,08,4,,0,0,1,0,0
"POINT (9.517716942000050 52.413683826000067)",Unfall 2187 (2024) Kat:3, Licht: 2,2187,3,6,2,12,07,4,,2,0,1,0,0
"POINT (9.725987483000040 52.367010621000077)",Unfall 2188 (2024) Kat:3, Licht: 0,2188,3,7,0,12,16,6,,0,1,0,0,0
"POINT (9.465174793000074 52.413188939000065)",Unfall 2189 (2024) Kat:3, Licht: 2,2189,3,3,5,12,22,6,,2,1,1,0,0
"POINT (9.723857951000070 52.391214511000044)",Unfall 2190 (2024) Kat:3, Licht: 0,2190,3,6,2,12,10,3,,0,0,1,0,0
"POINT (9.451803589000065 52.424099117000026)",Unfall 2191 (2024) Kat:3, Licht: 0,2191,3,3,5,12,13,3,,0,0,1,0,0
"POINT (9.624564783000039 52.450442175000035)",Unfall 2192 (2024) Kat:3, Licht: 0,2192,3,2,5,12,10,3,,0,1,1,0,0
"POINT (9.751242242000046 52.359166079000033)",Unfall 2193 (2024) Kat:3, Licht: 1,2193,3,2,6,12,08,2,,1,0,1,1,0
"POINT (9.774120368000069 52.331963771000062)",Unfall 2194 (2024) Kat:3, Licht: 0,2194,3,2,6,12,10,2,,0,0,1,1,0
"POINT (9.611172088000046 52.392054479000080)",Unfall 2195 (2024) Kat:3, Licht: 0,2195,3,3,5,12,11,2,,0,0,1,0,0
"POINT (9.454186909000043 52.467320559000029)",Unfall 2196 (2024) Kat:3, Licht: 2,2196,3,1,8,12,04,2,,2,0,1,0,0
"POINT (9.477355241000055 52.387279239000065)",Unfall 2197 (2024) Kat:3, Licht: 2,2197,3,2,4,12,06,2,,2,0,1,0,0
"POINT (9.970660492000036 52.387426830000038)",Unfall 2198 (2024) Kat:3, Licht: 1,2198,3,2,5,12,07,2,,1,0,1,0,0
"POINT (9.900235742000064 52.393956266000032)",Unfall 2199 (2024) Kat:3, Licht: 0,2199,3,6,3,12,15,2,,0,0,1,0,0
"POINT (9.618379557000026 52.421254008000062)",Unfall 2200 (2024) Kat:3, Licht: 2,2200,3,6,2,12,07,2,,2,0,1,0,0
"POINT (9.740486357000066 52.368277449000061)",Unfall 2201 (2024) Kat:3, Licht: 2,2201,3,6,2,12,17,1,,2,0,1,0,0
"POINT (9.847698044000026 52.329916069000035)",Unfall 2202 (2024) Kat:3, Licht: 2,2202,3,7,0,12,06,1,,2,0,1,0,0
"POINT (9.399189966000051 52.536362187000066)",Unfall 2203 (2024) Kat:3, Licht: 0,2203,3,1,8,12,08,1,,0,0,1,0,0
"POINT (9.946142780000059 52.371365621000052)",Unfall 2204 (2024) Kat:3, Licht: 2,2204,3,1,8,12,04,1,,2,0,1,0,0
"POINT (9.505249127000070 52.406634947000043)",Unfall 2205 (2024) Kat:3, Licht: 2,2205,3,6,8,12,20,1,,2,0,1,0,0
"POINT (9.811682318000067 52.332933075000028)",Unfall 2206 (2024) Kat:3, Licht: 2,2206,3,6,2,12,18,1,,2,0,1,0,0
"POINT (9.708009339000057 52.420885807000047)",Unfall 2207 (2024) Kat:3, Licht: 2,2207,3,2,5,12,02,7,,2,0,1,0,0
"POINT (9.658005264000053 52.388253074000033)",Unfall 2208 (2024) Kat:3, Licht: 2,2208,3,6,4,12,20,7,,2,1,0,0,0
"POINT (9.730525841000031 52.371136462000038)",Unfall 2209 (2024) Kat:3, Licht: 2,2209,3,2,2,12,21,7,,2,0,1,0,0
"POINT (9.490409131000035 52.389101597000035)",Unfall 2210 (2024) Kat:3, Licht: 2,2210,3,1,9,12,22,7,,2,0,1,0,0
"POINT (9.749426259000074 52.547583340000074)",Unfall 2211 (2024) Kat:3, Licht: 0,2211,3,2,4,12,16,7,,0,0,1,0,0
"POINT (9.760735074000024 52.427168405000032)",Unfall 2212 (2024) Kat:3, Licht: 2,2212,3,7,8,12,02,7,,2,0,1,0,0
"POINT (9.698637619000067 52.347425906000069)",Unfall 2213 (2024) Kat:3, Licht: 1,2213,3,3,5,12,07,7,,1,0,1,0,0
"POINT (9.759744715000068 52.370361069000069)",Unfall 2214 (2024) Kat:3, Licht: 2,2214,3,7,8,12,03,6,,2,1,0,0,0
"POINT (9.731900809000024 52.369459140000060)",Unfall 2215 (2024) Kat:3, Licht: 2,2215,3,7,0,12,16,6,,2,1,0,0,0
"POINT (9.671057131000055 52.377153554000074)",Unfall 2216 (2024) Kat:3, Licht: 1,2216,3,6,2,12,16,6,,1,0,1,0,0
"POINT (9.431215389000045 52.423181153000030)",Unfall 2217 (2024) Kat:3, Licht: 0,2217,3,2,0,12,14,6,,0,1,1,0,0
"POINT (9.783997143000022 52.242976098000042)",Unfall 2218 (2024) Kat:3, Licht: 0,2218,3,1,8,12,09,6,,0,0,1,0,0
"POINT (9.545572001000039 52.310863983000047)",Unfall 2219 (2024) Kat:3, Licht: 2,2219,3,1,8,12,19,6,,2,0,1,0,0
"POINT (9.561905060000072 52.278278010000065)",Unfall 2220 (2024) Kat:3, Licht: 0,2220,3,3,5,12,07,6,,0,0,1,0,0
"POINT (9.459941442000058 52.307058401000063)",Unfall 2221 (2024) Kat:3, Licht: 0,2221,3,1,8,12,14,6,,0,1,0,0,0
"POINT (9.676242439000021 52.437933744000077)",Unfall 2222 (2024) Kat:3, Licht: 0,2222,3,3,0,12,15,6,,0,0,1,0,0
"POINT (10.024280822000037 52.432930194000051)",Unfall 2223 (2024) Kat:3, Licht: 0,2223,3,2,4,12,09,6,,0,0,1,0,0
"POINT (9.558878927000023 52.421714630000054)",Unfall 2224 (2024) Kat:3, Licht: 2,2224,3,6,3,12,18,6,,2,0,1,0,0
"POINT (9.710518139000044 52.429595011000060)",Unfall 2225 (2024) Kat:3, Licht: 0,2225,3,6,2,12,15,6,,0,0,1,0,0
"POINT (9.951205766000044 52.391049918000078)",Unfall 2226 (2024) Kat:3, Licht: 0,2226,3,6,2,12,14,6,,0,0,1,0,0
"POINT (9.655591329000060 52.425536458000067)",Unfall 2227 (2024) Kat:3, Licht: 0,2227,3,6,2,12,13,6,,0,0,1,0,0
"POINT (9.723442278000050 52.377713440000036)",Unfall 2228 (2024) Kat:3, Licht: 2,2228,3,2,5,12,21,6,,2,1,1,0,0
"POINT (9.774781914000073 52.371267036000063)",Unfall 2229 (2024) Kat:3, Licht: 0,2229,3,2,5,12,13,6,,0,0,1,0,0
"POINT (9.860053109000035 52.490140876000055)",Unfall 2230 (2024) Kat:3, Licht: 2,2230,3,3,5,12,07,6,,2,1,0,0,0
"POINT (9.899883717000023 52.288539141000058)",Unfall 2231 (2024) Kat:3, Licht: 2,2231,3,6,2,12,18,6,,2,0,0,0,0
"POINT (9.806816554000022 52.307828199000028)",Unfall 2232 (2024) Kat:3, Licht: 2,2232,3,2,5,12,18,5,,2,1,1,0,0
"POINT (9.694839748000049 52.419485976000033)",Unfall 2233 (2024) Kat:3, Licht: 0,2233,3,3,5,12,09,5,,0,0,1,0,0
"POINT (9.465745714000036 52.416840375000049)",Unfall 2234 (2024) Kat:3, Licht: 1,2234,3,7,0,12,16,5,,1,1,0,0,0
"POINT (9.457249878000027 52.504789416000051)",Unfall 2235 (2024) Kat:3, Licht: 2,2235,3,2,5,12,07,5,,2,1,1,0,0
"POINT (9.678946457000052 52.434165727000050)",Unfall 2236 (2024) Kat:3, Licht: 0,2236,3,7,0,12,10,5,,0,0,0,0,0
"POINT (10.189611364000029 52.464552573000049)",Unfall 2237 (2024) Kat:3, Licht: 0,2237,3,6,2,12,14,5,,0,0,1,0,0
"POINT (9.876398598000037 52.304362770000068)",Unfall 2238 (2024) Kat:3, Licht: 2,2238,3,6,2,12,21,5,,2,0,1,0,0
"POINT (9.759264960000053 52.427202224000041)",Unfall 2239 (2024) Kat:3, Licht: 2,2239,3,6,2,12,17,5,,2,0,1,0,0
"POINT (10.024067070000058 52.381565235000039)",Unfall 2240 (2024) Kat:3, Licht: 2,2240,3,6,9,12,06,5,,2,0,1,0,0
"POINT (9.563803929000073 52.364657721000071)",Unfall 2241 (2024) Kat:3, Licht: 1,2241,3,3,5,12,16,5,,1,0,1,0,0
"POINT (9.717626181000071 52.395974350000074)",Unfall 2242 (2024) Kat:3, Licht: 2,2242,3,7,0,12,23,4,,2,0,0,0,0
"POINT (9.878201357000023 52.359655365000037)",Unfall 2243 (2024) Kat:3, Licht: 2,2243,3,6,2,12,16,4,,2,0,1,0,0
"POINT (9.595538734000058 52.148900961000038)",Unfall 2244 (2024) Kat:3, Licht: 0,2244,3,1,8,12,12,4,,0,0,1,0,0
"POINT (9.573891975000038 52.282549881000079)",Unfall 2245 (2024) Kat:3, Licht: 2,2245,3,3,5,12,18,4,,2,0,1,0,0
"POINT (9.452287899000055 52.307309483000040)",Unfall 2246 (2024) Kat:3, Licht: 2,2246,3,3,5,12,19,4,,2,1,1,0,0
"POINT (9.736510467000073 52.546563542000058)",Unfall 2247 (2024) Kat:3, Licht: 0,2247,3,3,0,12,12,4,,0,1,1,0,0
"POINT (9.872543651000058 52.310680084000069)",Unfall 2248 (2024) Kat:3, Licht: 0,2248,3,2,4,12,08,4,,0,0,1,0,0
"POINT (9.724756429000024 52.454061991000060)",Unfall 2249 (2024) Kat:3, Licht: 0,2249,3,3,5,12,08,4,,0,1,0,0,1
"POINT (9.723377014000050 52.440160150000054)",Unfall 2250 (2024) Kat:3, Licht: 2,2250,3,3,5,12,05,4,,2,0,1,0,0
"POINT (10.018777335000038 52.436995080000031)",Unfall 2251 (2024) Kat:3, Licht: 0,2251,3,3,0,12,08,4,,0,1,1,0,0
"POINT (9.628079241000023 52.422557936000032)",Unfall 2252 (2024) Kat:3, Licht: 2,2252,3,6,2,12,17,3,,2,0,1,0,0
"POINT (9.555846860000031 52.204806519000044)",Unfall 2253 (2024) Kat:3, Licht: 1,2253,3,2,6,12,08,3,,1,0,1,1,0
"POINT (9.517987466000022 52.410632153000051)",Unfall 2254 (2024) Kat:3, Licht: 0,2254,3,3,5,12,12,3,,0,0,1,0,0
"POINT (9.626725002000057 52.294956867000053)",Unfall 2255 (2024) Kat:3, Licht: 0,2255,3,3,5,12,08,3,,0,0,1,0,0
"POINT (9.758475924000038 52.566976123000074)",Unfall 2256 (2024) Kat:3, Licht: 0,2256,3,6,4,12,13,3,,0,0,1,0,0
"POINT (9.729178406000074 52.491653474000032)",Unfall 2257 (2024) Kat:3, Licht: 1,2257,3,2,5,12,17,3,,1,0,1,0,0
"POINT (9.622997008000027 52.460289433000071)",Unfall 2258 (2024) Kat:2, Licht: 0,2258,2,4,6,12,15,3,,0,0,1,1,0
"POINT (9.547930654000027 52.421499952000033)",Unfall 2259 (2024) Kat:3, Licht: 0,2259,3,6,3,12,14,3,,0,0,1,0,0
"POINT (9.817793251000069 52.405269935000035)",Unfall 2260 (2024) Kat:3, Licht: 0,2260,3,1,8,12,12,3,,0,0,1,0,0
"POINT (9.483805726000071 52.503155189000040)",Unfall 2261 (2024) Kat:2, Licht: 0,2261,2,3,5,12,09,3,,0,0,1,0,1
"POINT (9.702978002000066 52.415276953000046)",Unfall 2262 (2024) Kat:3, Licht: 2,2262,3,7,8,12,07,2,,2,0,1,0,0
"POINT (9.709390824000025 52.379487479000034)",Unfall 2263 (2024) Kat:3, Licht: 2,2263,3,6,2,12,18,2,,2,0,1,0,0
"POINT (9.869499580000024 52.442791546000080)",Unfall 2264 (2024) Kat:2, Licht: 2,2264,2,6,2,12,23,2,,2,0,1,0,0
"POINT (9.631194234000077 52.421315868000079)",Unfall 2265 (2024) Kat:3, Licht: 0,2265,3,6,2,12,15,2,,0,0,1,0,0
"POINT (9.752353957000025 52.427359662000072)",Unfall 2266 (2024) Kat:3, Licht: 1,2266,3,6,2,12,07,2,,1,0,1,0,0
"POINT (9.798152875000028 52.316650594000066)",Unfall 2267 (2024) Kat:2, Licht: 0,2267,2,2,5,12,14,2,,0,1,0,0,0