WKT,Name,OBJECTID,UKATEGORIE,UTYP1,UART,UMONAT,USTUNDE,UWOCHENTAG,STRZUSTAND,ULICHTVERH,ISTRAD,ISTPKW,ISTFUSS,ISTKRAD
"POINT (9.697114010000064 52.375153928000032)",Unfall 2455 (2024) Kat:3, Licht: 0,2455,3,2,6,12,10,6,,0,0,1,1,0
"POINT (9.766592727000045 52.367176046000054)",Unfall 2456 (2024) Kat:3, Licht: 2,2456,3,3,0,01,16,4,,2,1,1,0,0
"POINT (9.564303975000030 52.203030895000040)",Unfall 2457 (2024) Kat:3, Licht: 1,2457,3,1,8,01,19,4,,1,1,0,0,0
"POINT (9.644680750000020 52.320493907000071)",Unfall 2458 (2024) Kat:3, Licht: 0,2458,3,1,0,01,15,4,,0,1,1,0,0
"POINT (9.770060020000074 52.410259289000066)",Unfall 2459 (2024) Kat:1, Licht: 0,2459,1,3,5,01,10,4,,0,1,1,0,0
"POINT (9.793226281000045 52.415277671000069)",Unfall 2460 (2024) Kat:3, Licht: 1,2460,3,6,3,01,16,3,,1,0,1,0,0
"POINT (9.730629740000040 52.378529889000049)",Unfall 2461 (2024) Kat:3, Licht: 2,2461,3,2,5,01,20,3,,2,1,1,0,0
"POINT (9.749661591000063 52.384191966000060)",Unfall 2462 (2024) Kat:3, Licht: 2,2462,3,4,6,01,03,2,,2,0,1,1,0
"POINT (9.711454664000030 52.442794947000039)",Unfall 2463 (2024) Kat:3, Licht: 2,2463,3,2,6,01,07,3,,2,0,0,1,0
"POINT (9.446356073000061 52.417203058000041)",Unfall 2464 (2024) Kat:3, Licht: 0,2464,3,5,1,02,11,2,,0,0,1,0,0
"POINT (9.568192724000028 52.211853065000071)",Unfall 2465 (2024) Kat:3, Licht: 2,2465,3,2,4,02,18,2,,2,0,1,0,0
"POINT (9.600229230000025 52.435938168000064)",Unfall 2466 (2024) Kat:3, Licht: 0,2466,3,4,6,02,10,2,,0,0,1,1,0
"POINT (9.948464628000067 52.385293735000062)",Unfall 2467 (2024) Kat:3, Licht: 0,2467,3,1,8,02,14,2,,0,0,1,0,0
"POINT (9.754838393000057 52.432293301000072)",Unfall 2468 (2024) Kat:3, Licht: 2,2468,3,1,0,02,19,2,,2,1,0,0,0
"POINT (9.762797730000045 52.410286974000030)",Unfall 2469 (2024) Kat:3, Licht: 2,2469,3,3,5,02,18,2,,2,0,1,0,0
"POINT (9.741704534000064 52.378502649000040)",Unfall 2470 (2024) Kat:3, Licht: 2,2470,3,2,6,02,18,2,,2,0,1,1,0
"POINT (9.696967206000068 52.341405198000075)",Unfall 2471 (2024) Kat:3, Licht: 0,2471,3,6,2,02,07,2,,0,0,1,0,0
"POINT (9.763641509000024 52.356101066000065)",Unfall 2472 (2024) Kat:3, Licht: 2,2472,3,5,1,02,19,1,,2,1,1,0,0
"POINT (9.696946477000040 52.341679839000051)",Unfall 2473 (2024) Kat:3, Licht: 0,2473,3,6,2,02,15,1,,0,0,1,0,0
"POINT (9.455571848000034 52.390640124000072)",Unfall 2474 (2024) Kat:2, Licht: 0,2474,2,7,0,02,10,1,,0,1,0,0,0
"POINT (9.809842198000069 52.305822955000053)",Unfall 2475 (2024) Kat:3, Licht: 0,2475,3,7,0,02,16,7,,0,1,0,0,0
"POINT (9.695592011000031 52.408839397000065)",Unfall 2476 (2024) Kat:3, Licht: 2,2476,3,2,3,02,17,7,,2,1,1,0,0
"POINT (9.631079297000042 52.393812809000053)",Unfall 2477 (2024) Kat:3, Licht: 0,2477,3,7,5,02,12,7,,0,0,1,0,0
"POINT (10.026256302000036 52.443254704000026)",Unfall 2478 (2024) Kat:3, Licht: 0,2478,3,6,2,02,12,6,,0,0,0,0,1
"POINT (9.730812757000024 52.398379001000080)",Unfall 2479 (2024) Kat:3, Licht: 0,2479,3,3,5,02,13,5,,0,0,1,0,0
"POINT (9.744233092000059 52.373327130000064)",Unfall 2480 (2024) Kat:3, Licht: 0,2480,3,7,0,02,12,5,,0,1,0,0,0
"POINT (9.744079976000023 52.372581978000028)",Unfall 2481 (2024) Kat:3, Licht: 0,2481,3,3,5,02,11,5,,0,1,1,0,0
"POINT (9.741300593000062 52.375530219000041)",Unfall 2482 (2024) Kat:3, Licht: 0,2482,3,4,6,02,12,5,,0,1,0,1,0
"POINT (9.741640117000031 52.378447426000037)",Unfall 2483 (2024) Kat:3, Licht: 0,2483,3,6,2,02,10,5,,0,1,1,0,0
"POINT (9.798320346000025 52.397979714000030)",Unfall 2484 (2024) Kat:3, Licht: 2,2484,3,6,0,02,20,5,,2,1,0,1,0
"POINT (9.471387495000045 52.427440743000034)",Unfall 2485 (2024) Kat:3, Licht: 0,2485,3,3,5,02,10,5,,0,1,1,0,0
"POINT (9.715728065000064 52.449066666000078)",Unfall 2486 (2024) Kat:3, Licht: 0,2486,3,2,2,02,13,5,,0,0,1,0,0
"POINT (9.732359933000055 52.437740063000035)",Unfall 2487 (2024) Kat:3, Licht: 0,2487,3,3,5,02,07,5,,0,1,1,0,0
"POINT (9.744228460000045 52.373300433000054)",Unfall 2488 (2024) Kat:3, Licht: 0,2488,3,1,0,02,14,4,,0,1,0,0,0
"POINT (9.737245053000038 52.370768186000078)",Unfall 2489 (2024) Kat:3, Licht: 2,2489,3,2,4,02,06,4,,2,1,1,0,0
"POINT (9.707570005000036 52.367167689000041)",Unfall 2490 (2024) Kat:3, Licht: 0,2490,3,7,0,02,13,4,,0,1,0,0,0
"POINT (9.770390787000053 52.397175611000080)",Unfall 2491 (2024) Kat:3, Licht: 2,2491,3,6,2,02,18,4,,2,0,1,0,0
"POINT (9.759037945000046 52.436178629000040)",Unfall 2492 (2024) Kat:3, Licht: 0,2492,3,3,5,02,10,4,,0,0,1,0,0
"POINT (9.653578291000031 52.411992989000055)",Unfall 2493 (2024) Kat:3, Licht: 2,2493,3,3,5,02,17,4,,2,0,1,0,0
"POINT (9.785613338000076 52.398043962000031)",Unfall 2494 (2024) Kat:3, Licht: 2,2494,3,2,6,02,18,4,,2,0,1,1,0
"POINT (9.736952898000027 52.404597510000031)",Unfall 2495 (2024) Kat:3, Licht: 0,2495,3,3,5,02,15,4,,0,0,1,0,0
"POINT (9.772569802000021 52.365423808000060)",Unfall 2496 (2024) Kat:3, Licht: 2,2496,3,2,6,02,07,4,,2,0,1,1,0
"POINT (9.808554972000024 52.379579593000074)",Unfall 2497 (2024) Kat:3, Licht: 1,2497,3,3,5,02,18,3,,1,1,1,0,0
"POINT (9.828657705000069 52.399475122000069)",Unfall 2498 (2024) Kat:3, Licht: 2,2498,3,3,5,02,17,3,,2,1,1,0,0
"POINT (9.735772903000054 52.362561148000054)",Unfall 2499 (2024) Kat:3, Licht: 0,2499,3,6,2,02,09,3,,0,0,1,0,0
"POINT (9.764287170000046 52.261590262000027)",Unfall 2500 (2024) Kat:3, Licht: 0,2500,3,2,2,02,16,3,,0,0,1,0,1
"POINT (9.622362231000068 52.432010890000072)",Unfall 2501 (2024) Kat:3, Licht: 2,2501,3,6,4,02,06,3,,2,1,0,0,0
"POINT (9.835174641000037 52.495173211000065)",Unfall 2502 (2024) Kat:3, Licht: 0,2502,3,7,4,02,16,3,,0,0,1,0,0
"POINT (9.736607308000032 52.371165145000077)",Unfall 2503 (2024) Kat:3, Licht: 0,2503,3,2,5,02,11,3,,0,1,1,0,0
"POINT (9.809857939000040 52.348826048000035)",Unfall 2504 (2024) Kat:3, Licht: 0,2504,3,7,5,02,14,2,,0,0,1,0,0
"POINT (9.765126262000024 52.347909497000046)",Unfall 2505 (2024) Kat:3, Licht: 1,2505,3,5,1,02,08,2,,1,0,1,0,0
"POINT (9.738829182000075 52.371191857000042)",Unfall 2506 (2024) Kat:3, Licht: 0,2506,3,4,6,02,09,2,,0,0,1,1,0
"POINT (9.747453916000040 52.387675155000068)",Unfall 2507 (2024) Kat:3, Licht: 0,2507,3,3,5,02,10,2,,0,0,1,0,0
"POINT (9.703984005000052 52.366901706000078)",Unfall 2508 (2024) Kat:2, Licht: 2,2508,2,2,5,02,18,1,,2,0,1,0,1
"POINT (9.750140226000042 52.375127670000040)",Unfall 2509 (2024) Kat:3, Licht: 0,2509,3,1,0,02,08,7,,0,1,0,0,0
"POINT (9.726428050000038 52.430421972000033)",Unfall 2510 (2024) Kat:3, Licht: 2,2510,3,6,4,02,17,6,,2,0,1,0,0
"POINT (9.587487830000043 52.434399170000063)",Unfall 2511 (2024) Kat:2, Licht: 2,2511,2,6,6,02,05,6,,2,1,0,1,0
"POINT (9.768502749000049 52.356854868000028)",Unfall 2512 (2024) Kat:3, Licht: 2,2512,3,4,6,02,21,6,,2,0,1,1,0
"POINT (9.767488137000043 52.358194597000079)",Unfall 2513 (2024) Kat:3, Licht: 2,2513,3,2,4,02,19,5,,2,1,1,0,0
"POINT (9.717189669000049 52.344844870000031)",Unfall 2514 (2024) Kat:3, Licht: 2,2514,3,7,1,02,08,5,,2,0,1,0,0
"POINT (9.737304483000059 52.375695996000047)",Unfall 2515 (2024) Kat:3, Licht: 0,2515,3,4,6,02,14,5,,0,1,0,1,0
"POINT (9.790353692000053 52.328978658000040)",Unfall 2516 (2024) Kat:3, Licht: 2,2516,3,5,1,02,21,5,,2,0,1,0,0
"POINT (9.750660354000047 52.375479381000048)",Unfall 2517 (2024) Kat:3, Licht: 2,2517,3,2,2,02,18,5,,2,0,1,0,0
"POINT (9.426699560000031 52.422905848000028)",Unfall 2518 (2024) Kat:3, Licht: 0,2518,3,4,6,02,15,5,,0,0,1,1,0
"POINT (10.016030623000063 52.450042487000076)",Unfall 2519 (2024) Kat:3, Licht: 0,2519,3,4,6,02,09,5,,0,1,0,1,0
"POINT (9.729243405000034 52.459904262000066)",Unfall 2520 (2024) Kat:3, Licht: 2,2520,3,5,1,02,03,5,,2,0,0,0,0
"POINT (9.732293864000042 52.379093625000053)",Unfall 2521 (2024) Kat:3, Licht: 2,2521,3,6,2,02,17,4,,2,0,1,0,0
"POINT (9.740930045000027 52.376424667000038)",Unfall 2522 (2024) Kat:3, Licht: 0,2522,3,3,6,02,15,4,,0,1,0,1,0
"POINT (9.847156074000054 52.496093478000034)",Unfall 2523 (2024) Kat:3, Licht: 0,2523,3,7,6,02,11,4,,0,0,0,1,0
"POINT (9.732675925000024 52.379362308000054)",Unfall 2524 (2024) Kat:3, Licht: 2,2524,3,3,5,02,18,4,,2,1,1,0,0
"POINT (9.733731324000075 52.379820376000055)",Unfall 2525 (2024) Kat:3, Licht: 2,2525,3,3,5,02,17,4,,2,1,1,0,0
"POINT (9.733711460000052 52.399037455000041)",Unfall 2526 (2024) Kat:3, Licht: 0,2526,3,3,5,02,13,4,,0,1,1,0,0
"POINT (10.008502484000076 52.446750449000035)",Unfall 2527 (2024) Kat:3, Licht: 0,2527,3,7,0,02,10,3,,0,1,0,0,0
"POINT (9.748255359000041 52.433344137000063)",Unfall 2528 (2024) Kat:3, Licht: 0,2528,3,5,5,02,08,3,,0,0,1,0,0
"POINT (9.737788000000023 52.374767100000042)",Unfall 2529 (2024) Kat:2, Licht: 2,2529,2,4,6,02,00,3,,2,0,0,1,0
"POINT (9.776996342000075 52.362948466000034)",Unfall 2530 (2024) Kat:3, Licht: 0,2530,3,4,6,02,08,3,,0,0,0,1,0
"POINT (9.459305332000042 52.507836844000053)",Unfall 2531 (2024) Kat:3, Licht: 1,2531,3,2,2,02,17,2,,1,0,1,0,0
"POINT (9.821505645000059 52.339935073000049)",Unfall 2532 (2024) Kat:3, Licht: 0,2532,3,1,0,02,15,2,,0,0,0,0,0
"POINT (9.746909090000031 52.385456840000074)",Unfall 2533 (2024) Kat:3, Licht: 0,2533,3,6,2,02,15,2,,0,0,1,0,0
"POINT (9.691773749000049 52.364988125000082)",Unfall 2534 (2024) Kat:3, Licht: 0,2534,3,6,3,02,12,2,,0,0,1,0,0
"POINT (9.723315707000040 52.372079565000035)",Unfall 2535 (2024) Kat:3, Licht: 2,2535,3,7,0,02,23,7,,2,0,0,0,0
"POINT (9.594696073000023 52.438767864000056)",Unfall 2536 (2024) Kat:3, Licht: 0,2536,3,7,0,02,09,7,,0,1,0,0,0
"POINT (9.606967694000048 52.413544060000049)",Unfall 2537 (2024) Kat:3, Licht: 0,2537,3,3,5,02,12,7,,0,0,1,0,0
"POINT (9.741739519000021 52.378532641000049)",Unfall 2538 (2024) Kat:3, Licht: 0,2538,3,1,0,02,14,6,,0,0,0,0,0
"POINT (9.951095848000023 52.331118865000064)",Unfall 2539 (2024) Kat:3, Licht: 0,2539,3,1,8,02,15,6,,0,0,1,0,0
"POINT (9.748338059000048 52.378370271000051)",Unfall 2540 (2024) Kat:3, Licht: 0,2540,3,1,0,02,16,6,,0,1,0,0,0
"POINT (9.751578422000023 52.371395250000035)",Unfall 2541 (2024) Kat:3, Licht: 1,2541,3,4,6,02,07,6,,1,0,1,1,0
"POINT (9.744508963000044 52.380809024000030)",Unfall 2542 (2024) Kat:3, Licht: 2,2542,3,1,0,02,05,6,,2,0,0,0,0
"POINT (9.813531502000046 52.389717724000036)",Unfall 2543 (2024) Kat:3, Licht: 0,2543,3,7,3,02,14,5,,0,0,1,0,1
"POINT (9.752556552000044 52.373862037000038)",Unfall 2544 (2024) Kat:3, Licht: 0,2544,3,5,4,02,10,5,,0,1,1,0,0
"POINT (9.723640632000070 52.319736474000081)",Unfall 2545 (2024) Kat:3, Licht: 0,2545,3,5,3,02,14,5,,0,1,1,0,0
"POINT (9.682222419000027 52.432466193000039)",Unfall 2546 (2024) Kat:3, Licht: 2,2546,3,5,1,02,17,3,,2,0,1,0,0
"POINT (9.881932957000060 52.283637452000050)",Unfall 2547 (2024) Kat:3, Licht: 0,2547,3,5,1,01,12,4,,0,1,1,0,0
"POINT (9.676853228000027 52.396337326000037)",Unfall 2548 (2024) Kat:3, Licht: 0,2548,3,6,2,01,16,4,,0,0,1,0,0
"POINT (9.714723983000056 52.366887177000081)",Unfall 2549 (2024) Kat:3, Licht: 0,2549,3,7,0,01,15,4,,0,0,0,0,0
"POINT (9.436653730000046 52.419643571000051)",Unfall 2550 (2024) Kat:3, Licht: 0,2550,3,2,2,01,15,4,,0,0,1,0,0
"POINT (9.605120683000052 52.346948252000061)",Unfall 2551 (2024) Kat:3, Licht: 0,2551,3,1,0,01,14,4,,0,1,0,0,0
"POINT (9.746317041000054 52.381125846000032)",Unfall 2552 (2024) Kat:3, Licht: 0,2552,3,5,0,01,14,4,,0,1,1,0,0
"POINT (9.771023144000026 52.418282742000031)",Unfall 2553 (2024) Kat:3, Licht: 0,2553,3,3,5,01,15,4,,0,0,1,0,0
"POINT (9.724851048000062 52.394830606000028)",Unfall 2554 (2024) Kat:3, Licht: 2,2554,3,5,1,01,17,3,,2,1,1,0,0
"POINT (9.747303105000071 52.409557121000034)",Unfall 2555 (2024) Kat:3, Licht: 2,2555,3,7,0,01,22,3,,2,1,0,0,0
"POINT (9.792508413000064 52.396831622000036)",Unfall 2556 (2024) Kat:3, Licht: 1,2556,3,6,3,01,16,3,,1,0,1,0,0
"POINT (9.596418115000063 52.312063133000038)",Unfall 2557 (2024) Kat:3, Licht: 0,2557,3,7,6,01,16,3,,0,0,1,1,0
"POINT (9.567435176000060 52.527337432000081)",Unfall 2558 (2024) Kat:3, Licht: 0,2558,3,3,5,01,14,3,,0,0,1,0,0
"POINT (9.712741776000030 52.382153775000063)",Unfall 2559 (2024) Kat:3, Licht: 0,2559,3,3,5,01,11,2,,0,1,1,0,0
"POINT (9.668041001000063 52.382406164000031)",Unfall 2560 (2024) Kat:3, Licht: 0,2560,3,5,0,01,13,2,,0,0,1,0,0
"POINT (9.811201379000067 52.364066379000064)",Unfall 2561 (2024) Kat:3, Licht: 0,2561,3,7,0,01,10,2,,0,0,0,0,0
"POINT (9.729695739000022 52.355514907000043)",Unfall 2562 (2024) Kat:2, Licht: 1,2562,2,3,5,01,16,1,,1,0,1,0,0
"POINT (9.735442903000035 52.384501348000072)",Unfall 2563 (2024) Kat:3, Licht: 2,2563,3,3,5,01,19,1,,2,1,1,0,0
"POINT (9.629402084000048 52.264730041000064)",Unfall 2564 (2024) Kat:3, Licht: 0,2564,3,6,6,01,15,7,,0,0,1,1,0
"POINT (9.968094563000022 52.314035058000059)",Unfall 2565 (2024) Kat:3, Licht: 0,2565,3,5,1,01,12,7,,0,1,1,0,0
"POINT (9.624526996000043 52.427174685000068)",Unfall 2566 (2024) Kat:2, Licht: 2,2566,2,2,6,01,19,7,,2,0,1,1,0
"POINT (9.737733553000055 52.374669553000047)",Unfall 2567 (2024) Kat:3, Licht: 2,2567,3,1,0,01,19,7,,2,1,0,0,0
"POINT (9.965745465000055 52.364516512000080)",Unfall 2568 (2024) Kat:2, Licht: 0,2568,2,1,0,02,09,3,,0,0,1,0,0
"POINT (9.844516802000044 52.387639620000073)",Unfall 2569 (2024) Kat:3, Licht: 0,2569,3,2,3,01,14,6,,0,0,1,0,0
"POINT (9.787263798000026 52.333204566000063)",Unfall 2570 (2024) Kat:3, Licht: 0,2570,3,5,1,01,13,6,,0,0,1,0,0
"POINT (9.779560926000045 52.329555119000077)",Unfall 2571 (2024) Kat:3, Licht: 2,2571,3,5,3,01,07,6,,2,0,1,0,0
"POINT (9.735338709000075 52.399322465000068)",Unfall 2572 (2024) Kat:2, Licht: 0,2572,2,4,6,01,13,6,,0,0,0,1,0
"POINT (9.814162443000043 52.331817754000042)",Unfall 2573 (2024) Kat:3, Licht: 2,2573,3,2,5,01,07,6,,2,0,1,0,0
"POINT (9.836862769000049 52.396317904000057)",Unfall 2574 (2024) Kat:3, Licht: 1,2574,3,6,6,01,08,5,,1,0,1,1,0
"POINT (9.728308412000047 52.358961929000031)",Unfall 2575 (2024) Kat:3, Licht: 2,2575,3,3,5,01,18,5,,2,1,1,0,0
"POINT (9.477611969000066 52.305688435000036)",Unfall 2576 (2024) Kat:3, Licht: 0,2576,3,7,6,01,09,4,,0,0,1,1,0
"POINT (9.753442465000035 52.439743371000077)",Unfall 2577 (2024) Kat:3, Licht: 2,2577,3,3,5,01,17,4,,2,0,1,0,0
"POINT (9.743393482000045 52.477182137000057)",Unfall 2578 (2024) Kat:3, Licht: 0,2578,3,2,2,01,14,4,,0,0,1,0,0
"POINT (9.660873131000073 52.431244839000044)",Unfall 2579 (2024) Kat:3, Licht: 2,2579,3,2,5,01,21,4,,2,0,1,0,1
"POINT (9.462678367000024 52.494675723000057)",Unfall 2580 (2024) Kat:3, Licht: 2,2580,3,3,5,01,22,3,,2,1,1,0,0
"POINT (9.729931351000062 52.434455777000039)",Unfall 2581 (2024) Kat:3, Licht: 2,2581,3,4,6,01,22,3,,2,0,1,1,0
"POINT (9.727290226000036 52.401931087000037)",Unfall 2582 (2024) Kat:3, Licht: 0,2582,3,4,6,01,16,2,,0,0,1,1,0
"POINT (9.704259802000024 52.369647195000027)",Unfall 2583 (2024) Kat:3, Licht: 0,2583,3,3,5,01,13,2,,0,1,1,0,0
"POINT (9.704009880000058 52.376192034000042)",Unfall 2584 (2024) Kat:3, Licht: 0,2584,3,3,5,01,13,2,,0,1,0,0,0
"POINT (9.708033625000041 52.367159542000081)",Unfall 2585 (2024) Kat:3, Licht: 0,2585,3,4,6,01,07,2,,0,0,1,1,0
"POINT (9.739536952000037 52.364281043000062)",Unfall 2586 (2024) Kat:3, Licht: 0,2586,3,2,2,01,14,7,,0,0,1,0,0
"POINT (9.765155065000044 52.263742453000077)",Unfall 2587 (2024) Kat:3, Licht: 2,2587,3,2,4,01,18,7,,2,0,1,0,0
"POINT (9.800434547000066 52.335065829000030)",Unfall 2588 (2024) Kat:3, Licht: 0,2588,3,2,4,01,12,7,,0,1,1,0,0
"POINT (9.784848792000048 52.372644036000054)",Unfall 2589 (2024) Kat:3, Licht: 0,2589,3,6,2,01,15,6,,0,0,1,0,0
"POINT (9.700030373000061 52.344277116000058)",Unfall 2590 (2024) Kat:3, Licht: 1,2590,3,4,6,01,08,6,,1,0,1,1,0
"POINT (9.743961590000026 52.371135756000058)",Unfall 2591 (2024) Kat:3, Licht: 0,2591,3,6,2,01,09,6,,0,0,1,0,1
"POINT (9.773353888000031 52.350852007000071)",Unfall 2592 (2024) Kat:3, Licht: 1,2592,3,3,5,01,16,3,,1,0,1,0,0
"POINT (9.693194794000021 52.367544875000078)",Unfall 2593 (2024) Kat:3, Licht: 1,2593,3,2,2,01,16,6,,1,0,1,0,0
"POINT (9.717936296000062 52.364600517000042)",Unfall 2594 (2024) Kat:3, Licht: 0,2594,3,7,0,01,14,6,,0,1,1,0,0
"POINT (9.681472287000076 52.416166146000080)",Unfall 2595 (2024) Kat:3, Licht: 2,2595,3,2,5,01,21,6,,2,0,1,0,0
"POINT (9.654737553000075 52.409887108000078)",Unfall 2596 (2024) Kat:3, Licht: 2,2596,3,4,6,01,17,5,,2,0,1,1,0
"POINT (9.729401267000071 52.361649847000081)",Unfall 2597 (2024) Kat:3, Licht: 0,2597,3,6,2,01,11,5,,0,0,1,0,0
"POINT (9.706675718000042 52.373719086000051)",Unfall 2598 (2024) Kat:3, Licht: 2,2598,3,7,0,01,20,5,,2,1,0,0,0
"POINT (9.803027622000059 52.358907227000032)",Unfall 2599 (2024) Kat:3, Licht: 1,2599,3,4,6,01,08,5,,1,0,1,1,0
"POINT (9.690408918000060 52.443439369000032)",Unfall 2600 (2024) Kat:3, Licht: 0,2600,3,3,5,01,10,5,,0,0,1,0,0
"POINT (9.570600445000025 52.397674539000036)",Unfall 2601 (2024) Kat:3, Licht: 1,2601,3,4,6,01,07,4,,1,0,1,1,0
"POINT (9.599916962000066 52.318888261000041)",Unfall 2602 (2024) Kat:3, Licht: 0,2602,3,7,0,01,10,4,,0,1,0,0,0
"POINT (9.671582575000059 52.355761388000076)",Unfall 2603 (2024) Kat:3, Licht: 2,2603,3,2,6,01,18,4,,2,0,1,1,0
"POINT (9.731236858000045 52.391438242000049)",Unfall 2604 (2024) Kat:3, Licht: 2,2604,3,3,5,01,18,3,,2,0,1,0,0
"POINT (9.709845454000060 52.367256261000080)",Unfall 2605 (2024) Kat:3, Licht: 0,2605,3,4,0,01,16,3,,0,0,0,1,0
"POINT (9.608652638000024 52.434196179000082)",Unfall 2606 (2024) Kat:3, Licht: 0,2606,3,6,6,01,16,3,,0,0,1,1,0
"POINT (9.961777385000062 52.389503674000082)",Unfall 2607 (2024) Kat:3, Licht: 2,2607,3,2,5,01,21,3,,2,0,1,0,0
"POINT (9.750036703000035 52.432042403000082)",Unfall 2608 (2024) Kat:3, Licht: 0,2608,3,3,5,01,12,3,,0,1,1,0,0
"POINT (9.798595270000021 52.412527305000026)",Unfall 2609 (2024) Kat:3, Licht: 0,2609,3,2,5,01,10,2,,0,1,0,0,0
"POINT (9.447459498000057 52.428439152000067)",Unfall 2610 (2024) Kat:3, Licht: 0,2610,3,3,5,01,13,2,,0,1,1,0,0
"POINT (9.719707765000067 52.386598188000050)",Unfall 2611 (2024) Kat:2, Licht: 1,2611,2,4,6,01,17,2,,1,0,1,1,0
"POINT (9.855343202000029 52.392353635000063)",Unfall 2612 (2024) Kat:2, Licht: 2,2612,2,2,6,01,06,2,,2,0,1,1,0
"POINT (9.596424900000045 52.312036859000045)",Unfall 2613 (2024) Kat:3, Licht: 0,2613,3,7,6,02,15,5,,0,0,1,1,0
"POINT (9.716857474000051 52.362151150000045)",Unfall 2614 (2024) Kat:3, Licht: 1,2614,3,3,5,01,17,7,,1,1,1,0,0
"POINT (9.731630075000055 52.374770138000031)",Unfall 2615 (2024) Kat:3, Licht: 2,2615,3,7,1,01,03,7,,2,0,1,1,0
"POINT (9.454019210000070 52.416468574000078)",Unfall 2616 (2024) Kat:3, Licht: 0,2616,3,3,5,01,13,7,,0,0,1,0,0
"POINT (9.641027175000033 52.398367198000074)",Unfall 2617 (2024) Kat:2, Licht: 0,2617,2,3,5,01,09,7,,0,1,1,0,0
"POINT (9.755121742000028 52.391387952000059)",Unfall 2618 (2024) Kat:3, Licht: 2,2618,3,2,6,01,17,7,,2,0,1,1,0
"POINT (9.711995175000027 52.392252333000044)",Unfall 2619 (2024) Kat:3, Licht: 0,2619,3,5,1,01,14,6,,0,0,1,0,0
"POINT (9.722309723000023 52.388829262000058)",Unfall 2620 (2024) Kat:3, Licht: 0,2620,3,7,3,01,08,6,,0,0,1,0,0
"POINT (9.741290144000061 52.438079035000044)",Unfall 2621 (2024) Kat:3, Licht: 0,2621,3,7,0,01,10,6,,0,1,0,0,0
"POINT (9.708144635000053 52.390205526000045)",Unfall 2622 (2024) Kat:2, Licht: 2,2622,2,7,0,01,07,6,,2,1,0,0,0
"POINT (9.822426771000039 52.291020736000064)",Unfall 2623 (2024) Kat:3, Licht: 1,2623,3,7,0,01,16,5,,1,1,0,0,0
"POINT (9.717110779000052 52.363817089000065)",Unfall 2624 (2024) Kat:3, Licht: 2,2624,3,7,0,01,07,5,,2,1,1,0,0
"POINT (9.802448998000045 52.361501102000034)",Unfall 2625 (2024) Kat:3, Licht: 2,2625,3,1,9,01,21,5,,2,0,1,0,0
"POINT (9.711459133000062 52.442713380000043)",Unfall 2626 (2024) Kat:3, Licht: 2,2626,3,6,3,01,17,5,,2,0,1,0,0
"POINT (10.204370654000058 52.467357014000072)",Unfall 2627 (2024) Kat:3, Licht: 0,2627,3,7,0,01,15,5,,0,1,0,0,0
"POINT (9.734949842000049 52.436609133000047)",Unfall 2628 (2024) Kat:3, Licht: 2,2628,3,1,9,01,19,5,,2,0,1,0,0
"POINT (9.749159514000041 52.350575618000050)",Unfall 2629 (2024) Kat:3, Licht: 0,2629,3,7,0,01,14,5,,0,0,1,0,0
"POINT (9.747117488000072 52.373764999000059)",Unfall 2630 (2024) Kat:3, Licht: 0,2630,3,2,5,02,12,6,,0,0,1,0,1
"POINT (9.814211785000055 52.385615379000058)",Unfall 2631 (2024) Kat:3, Licht: 2,2631,3,4,6,01,07,4,,2,0,1,1,0
"POINT (9.857452542000033 52.497908701000028)",Unfall 2632 (2024) Kat:3, Licht: 1,2632,3,3,5,01,16,4,,1,0,1,0,1
"POINT (9.803444449000040 52.306395899000051)",Unfall 2633 (2024) Kat:2, Licht: 0,2633,2,2,5,01,12,4,,0,1,0,0,0
"POINT (9.733746376000056 52.384673593000059)",Unfall 2634 (2024) Kat:3, Licht: 0,2634,3,7,0,02,14,3,,0,1,0,0,0
"POINT (9.782450529000073 52.373048227000027)",Unfall 2635 (2024) Kat:3, Licht: 0,2635,3,3,5,01,13,3,,0,1,1,0,0
"POINT (9.668174932000056 52.415387949000035)",Unfall 2636 (2024) Kat:3, Licht: 2,2636,3,4,6,01,06,3,,2,0,1,1,0
"POINT (9.725045551000051 52.342822943000044)",Unfall 2637 (2024) Kat:3, Licht: 0,2637,3,7,8,01,15,2,,0,0,1,0,0
"POINT (9.753422030000024 52.390370558000029)",Unfall 2638 (2024) Kat:3, Licht: 2,2638,3,2,5,01,17,2,,2,0,1,0,0
"POINT (9.762332653000044 52.379027957000062)",Unfall 2639 (2024) Kat:3, Licht: 0,2639,3,5,1,01,09,2,,0,0,1,0,0
"POINT (9.690314247000060 52.418442430000027)",Unfall 2640 (2024) Kat:3, Licht: 1,2640,3,6,2,01,16,2,,1,0,1,0,0
"POINT (9.469059212000047 52.429710097000054)",Unfall 2641 (2024) Kat:2, Licht: 0,2641,2,1,0,01,10,1,,0,1,0,0,0