WKT,Name,OBJECTID,UKATEGORIE,UTYP1,UART,UMONAT,USTUNDE,UWOCHENTAG,STRZUSTAND,ULICHTVERH,ISTRAD,ISTPKW,ISTFUSS,ISTKRAD
"POINT (9.738527354000041 52.379884574000073)",Unfall 3204 (2024) Kat:3, Licht: 0,3204,3,2,4,06,13,2,,0,0,1,0,0
"POINT (9.765412107000031 52.418589697000073)",Unfall 3205 (2024) Kat:3, Licht: 0,3205,3,2,6,06,10,2,,0,0,1,1,0
"POINT (9.722324462000074 52.388809449000064)",Unfall 3206 (2024) Kat:3, Licht: 0,3206,3,4,6,06,08,2,,0,1,0,1,0
"POINT (9.858366972000056 52.394482248000031)",Unfall 3207 (2024) Kat:3, Licht: 0,3207,3,5,1,06,11,1,,0,1,1,0,0
"POINT (9.841419229000053 52.389615387000049)",Unfall 3208 (2024) Kat:3, Licht: 0,3208,3,6,6,06,20,1,,0,0,0,1,0
"POINT (9.735185385000023 52.440074371000037)",Unfall 3209 (2024) Kat:3, Licht: 0,3209,3,7,7,06,17,1,,0,1,0,0,0
"POINT (9.753926737000029 52.439648941000030)",Unfall 3210 (2024) Kat:3, Licht: 0,3210,3,3,5,06,14,1,,0,1,1,0,0
"POINT (9.819094923000023 52.399996299000065)",Unfall 3211 (2024) Kat:3, Licht: 0,3211,3,6,2,06,18,7,,0,0,1,0,1
"POINT (9.736232924000035 52.369371831000080)",Unfall 3212 (2024) Kat:3, Licht: 0,3212,3,7,6,06,18,7,,0,0,1,1,0
"POINT (9.729695739000022 52.355514907000043)",Unfall 3213 (2024) Kat:3, Licht: 2,3213,3,3,5,06,23,7,,2,1,1,0,0
"POINT (9.415879598000060 52.441994491000059)",Unfall 3214 (2024) Kat:3, Licht: 0,3214,3,1,8,06,11,7,,0,0,1,0,0
"POINT (9.756732112000066 52.420362325000042)",Unfall 3215 (2024) Kat:2, Licht: 0,3215,2,3,5,06,09,7,,0,1,1,0,0
"POINT (9.771597022000037 52.417434405000051)",Unfall 3216 (2024) Kat:3, Licht: 0,3216,3,6,2,05,17,6,,0,0,1,0,0
"POINT (9.541137800000058 52.203970976000051)",Unfall 3217 (2024) Kat:2, Licht: 0,3217,2,1,8,05,08,6,,0,0,1,0,0
"POINT (9.682039596000038 52.415185763000068)",Unfall 3218 (2024) Kat:3, Licht: 0,3218,3,3,5,05,13,5,,0,0,1,0,0
"POINT (9.702077960000054 52.329173234000052)",Unfall 3219 (2024) Kat:3, Licht: 0,3219,3,7,0,05,08,5,,0,0,0,1,0
"POINT (9.719210013000065 52.365858751000076)",Unfall 3220 (2024) Kat:3, Licht: 0,3220,3,5,0,05,14,5,,0,0,1,0,0
"POINT (9.671606089000022 52.355702097000062)",Unfall 3221 (2024) Kat:3, Licht: 0,3221,3,7,0,05,11,5,,0,1,0,0,0
"POINT (9.749656680000044 52.376605886000050)",Unfall 3222 (2024) Kat:3, Licht: 0,3222,3,6,2,05,18,5,,0,0,1,0,0
"POINT (9.721736026000031 52.315648236000072)",Unfall 3223 (2024) Kat:2, Licht: 0,3223,2,3,5,05,11,5,,0,1,1,0,0
"POINT (9.533317914000065 52.202000754000039)",Unfall 3224 (2024) Kat:2, Licht: 0,3224,2,1,8,05,06,5,,0,0,1,0,0
"POINT (9.750310612000021 52.372823720000042)",Unfall 3225 (2024) Kat:2, Licht: 0,3225,2,5,1,05,11,5,,0,1,1,0,0
"POINT (9.728291869000032 52.377860663000035)",Unfall 3226 (2024) Kat:3, Licht: 0,3226,3,1,0,05,09,5,,0,1,0,0,0
"POINT (9.675936861000025 52.396674158000053)",Unfall 3227 (2024) Kat:3, Licht: 0,3227,3,7,0,05,08,5,,0,1,0,0,0
"POINT (9.829824211000073 52.337285507000047)",Unfall 3228 (2024) Kat:3, Licht: 0,3228,3,3,5,05,06,5,,0,0,1,0,0
"POINT (9.741158273000053 52.375375367000061)",Unfall 3229 (2024) Kat:3, Licht: 0,3229,3,4,6,05,16,5,,0,1,0,1,0
"POINT (9.756241406000072 52.362249481000049)",Unfall 3230 (2024) Kat:3, Licht: 0,3230,3,7,4,05,09,4,,0,1,0,0,0
"POINT (9.616368081000076 52.419132843000057)",Unfall 3231 (2024) Kat:3, Licht: 0,3231,3,6,2,05,11,4,,0,0,0,0,0
"POINT (9.738150590000032 52.374600533000034)",Unfall 3232 (2024) Kat:3, Licht: 0,3232,3,6,6,05,13,4,,0,0,0,1,0
"POINT (9.827532697000038 52.399608114000046)",Unfall 3233 (2024) Kat:3, Licht: 0,3233,3,3,5,05,15,4,,0,1,1,0,0
"POINT (9.695799873000055 52.365594974000032)",Unfall 3234 (2024) Kat:3, Licht: 0,3234,3,7,0,05,14,4,,0,1,0,0,0
"POINT (9.450941771000032 52.418518586000062)",Unfall 3235 (2024) Kat:3, Licht: 0,3235,3,7,0,05,14,4,,0,0,0,0,0
"POINT (9.569878308000057 52.450493456000061)",Unfall 3236 (2024) Kat:3, Licht: 0,3236,3,2,4,05,13,4,,0,0,1,0,0
"POINT (9.742550421000033 52.439197102000037)",Unfall 3237 (2024) Kat:3, Licht: 0,3237,3,4,6,05,19,4,,0,0,1,1,0
"POINT (9.621775595000031 52.430198178000069)",Unfall 3238 (2024) Kat:2, Licht: 0,3238,2,1,0,05,17,4,,0,1,0,0,0
"POINT (9.731061724000028 52.444187683000052)",Unfall 3239 (2024) Kat:3, Licht: 0,3239,3,7,0,05,11,4,,0,1,0,0,0
"POINT (9.763161052000044 52.356689668000058)",Unfall 3240 (2024) Kat:3, Licht: 0,3240,3,2,2,05,07,3,,0,1,0,0,0
"POINT (9.766607444000044 52.266898328000082)",Unfall 3241 (2024) Kat:3, Licht: 0,3241,3,5,1,05,15,3,,0,1,1,0,0
"POINT (9.993761500000062 52.448015759000043)",Unfall 3242 (2024) Kat:3, Licht: 0,3242,3,5,1,05,18,3,,0,1,1,0,0
"POINT (9.727079121000031 52.373869295000077)",Unfall 3243 (2024) Kat:3, Licht: 0,3243,3,5,0,05,14,2,,0,1,1,0,0
"POINT (9.706675586000074 52.370091352000031)",Unfall 3244 (2024) Kat:3, Licht: 0,3244,3,7,0,05,13,2,,0,1,0,0,0
"POINT (9.790650723000056 52.328759728000080)",Unfall 3245 (2024) Kat:3, Licht: 1,3245,3,3,5,05,19,2,,1,0,1,0,0
"POINT (9.734325866000063 52.384436077000032)",Unfall 3246 (2024) Kat:3, Licht: 0,3246,3,6,2,05,16,2,,0,0,1,0,0
"POINT (9.593926234000037 52.319742292000058)",Unfall 3247 (2024) Kat:3, Licht: 0,3247,3,1,0,05,08,2,,0,1,0,0,0
"POINT (9.599145265000061 52.415322885000080)",Unfall 3248 (2024) Kat:3, Licht: 0,3248,3,7,2,05,15,2,,0,1,1,0,0
"POINT (9.689780260000020 52.350185397000075)",Unfall 3249 (2024) Kat:3, Licht: 0,3249,3,3,5,05,17,2,,0,1,1,0,0
"POINT (9.719845255000052 52.375107046000039)",Unfall 3250 (2024) Kat:3, Licht: 0,3250,3,7,5,05,09,2,,0,1,1,0,0
"POINT (9.820303720000027 52.358706484000038)",Unfall 3251 (2024) Kat:3, Licht: 0,3251,3,6,4,05,15,1,,0,1,0,0,0
"POINT (9.804751176000025 52.348763847000043)",Unfall 3252 (2024) Kat:3, Licht: 0,3252,3,6,3,05,10,1,,0,1,0,0,0
"POINT (9.473177150000026 52.315042471000027)",Unfall 3253 (2024) Kat:3, Licht: 0,3253,3,1,0,05,20,1,,0,0,0,0,0
"POINT (9.912349308000046 52.369531152000036)",Unfall 3254 (2024) Kat:3, Licht: 0,3254,3,5,1,05,19,1,,0,0,1,0,0
"POINT (9.987351892000049 52.383299511000075)",Unfall 3255 (2024) Kat:3, Licht: 0,3255,3,7,0,05,17,1,,0,1,0,0,0
"POINT (9.765919635000046 52.382482986000070)",Unfall 3256 (2024) Kat:3, Licht: 0,3256,3,1,0,05,15,1,,0,1,0,0,0
"POINT (9.686986587000035 52.413433238000039)",Unfall 3257 (2024) Kat:3, Licht: 0,3257,3,6,6,05,08,7,,0,0,1,1,0
"POINT (9.667923332000044 52.387130821000028)",Unfall 3258 (2024) Kat:3, Licht: 0,3258,3,7,9,05,12,7,,0,0,1,0,0
"POINT (9.781950539000036 52.328929398000071)",Unfall 3259 (2024) Kat:3, Licht: 0,3259,3,6,2,05,11,7,,0,0,1,0,0
"POINT (9.671170478000022 52.335839703000033)",Unfall 3260 (2024) Kat:3, Licht: 0,3260,3,3,5,05,11,7,,0,0,1,0,0
"POINT (9.970480903000066 52.377946858000030)",Unfall 3261 (2024) Kat:3, Licht: 2,3261,3,7,0,05,03,7,,2,1,0,0,0
"POINT (9.731551774000025 52.378109364000068)",Unfall 3262 (2024) Kat:3, Licht: 0,3262,3,1,8,05,18,7,,0,0,1,0,1
"POINT (9.749788225000032 52.362163987000031)",Unfall 3263 (2024) Kat:3, Licht: 0,3263,3,5,1,05,14,6,,0,0,1,0,0
"POINT (9.717125186000032 52.341770978000056)",Unfall 3264 (2024) Kat:3, Licht: 0,3264,3,3,5,05,09,6,,0,0,1,0,0
"POINT (9.707728908000036 52.374215182000057)",Unfall 3265 (2024) Kat:3, Licht: 2,3265,3,3,5,05,21,6,,2,0,1,0,1
"POINT (9.894886113000041 52.447471811000071)",Unfall 3266 (2024) Kat:3, Licht: 0,3266,3,7,0,05,09,6,,0,0,0,0,1
"POINT (9.733707974000026 52.399049432000027)",Unfall 3267 (2024) Kat:2, Licht: 0,3267,2,3,0,05,19,6,,0,0,1,0,1
"POINT (9.805403504000026 52.407988309000075)",Unfall 3268 (2024) Kat:3, Licht: 0,3268,3,2,3,05,11,6,,0,0,1,0,1
"POINT (9.723449612000024 52.387254553000048)",Unfall 3269 (2024) Kat:3, Licht: 0,3269,3,2,5,05,20,6,,0,0,1,0,0
"POINT (9.735415951000050 52.384475799000029)",Unfall 3270 (2024) Kat:3, Licht: 0,3270,3,3,5,05,13,6,,0,1,1,0,0
"POINT (9.806544928000051 52.389004580000062)",Unfall 3271 (2024) Kat:3, Licht: 0,3271,3,6,2,06,13,6,,0,0,1,0,1
"POINT (9.716997692000064 52.341671817000076)",Unfall 3272 (2024) Kat:3, Licht: 0,3272,3,2,4,05,07,5,,0,1,1,0,0
"POINT (9.708514871000034 52.376974103000066)",Unfall 3273 (2024) Kat:3, Licht: 0,3273,3,7,0,05,17,5,,0,1,0,0,0
"POINT (9.590001127000050 52.430512836000048)",Unfall 3274 (2024) Kat:3, Licht: 0,3274,3,4,6,05,14,5,,0,1,0,1,0
"POINT (9.496436734000042 52.484249727000076)",Unfall 3275 (2024) Kat:2, Licht: 0,3275,2,7,0,05,21,5,,0,0,0,0,1
"POINT (9.739228453000067 52.370584605000033)",Unfall 3276 (2024) Kat:2, Licht: 0,3276,2,3,5,05,19,5,,0,0,1,0,1
"POINT (9.728587229000027 52.309347522000053)",Unfall 3277 (2024) Kat:2, Licht: 0,3277,2,2,2,05,16,5,,0,0,1,0,0
"POINT (9.724320099000067 52.387429117000067)",Unfall 3278 (2024) Kat:3, Licht: 0,3278,3,7,6,05,12,4,,0,0,1,1,0
"POINT (9.712467270000047 52.392367520000050)",Unfall 3279 (2024) Kat:3, Licht: 1,3279,3,1,0,05,05,4,,1,0,0,0,1
"POINT (9.737644898000042 52.399112692000074)",Unfall 3280 (2024) Kat:3, Licht: 0,3280,3,6,2,05,15,4,,0,0,1,0,0
"POINT (9.567270865000069 52.215472161000037)",Unfall 3281 (2024) Kat:2, Licht: 0,3281,2,6,2,05,14,4,,0,0,1,0,0
"POINT (9.937828305000039 52.343441500000040)",Unfall 3282 (2024) Kat:3, Licht: 0,3282,3,3,5,05,15,4,,0,0,1,0,0
"POINT (9.738318117000063 52.482157511000082)",Unfall 3283 (2024) Kat:3, Licht: 0,3283,3,3,5,05,17,4,,0,0,1,0,0
"POINT (9.738605876000065 52.445891967000080)",Unfall 3284 (2024) Kat:3, Licht: 0,3284,3,1,0,05,07,4,,0,0,0,0,0
"POINT (10.018893192000064 52.450358118000054)",Unfall 3285 (2024) Kat:3, Licht: 0,3285,3,2,5,05,08,4,,0,1,1,0,0
"POINT (9.798201197000026 52.405559641000082)",Unfall 3286 (2024) Kat:3, Licht: 0,3286,3,1,8,05,17,4,,0,0,0,0,0
"POINT (9.775870256000076 52.398786013000063)",Unfall 3287 (2024) Kat:3, Licht: 0,3287,3,6,2,05,08,4,,0,0,1,0,0
"POINT (9.744035581000048 52.379014222000080)",Unfall 3288 (2024) Kat:3, Licht: 0,3288,3,3,5,05,18,3,,0,1,0,0,0
"POINT (9.651944725000021 52.447069307000049)",Unfall 3289 (2024) Kat:3, Licht: 0,3289,3,6,2,05,15,3,,0,0,1,0,0
"POINT (9.715117907000035 52.448807410000029)",Unfall 3290 (2024) Kat:3, Licht: 0,3290,3,6,2,05,06,3,,0,0,1,0,0
"POINT (9.764156152000055 52.339539654000077)",Unfall 3291 (2024) Kat:3, Licht: 0,3291,3,7,6,05,15,3,,0,0,1,1,0
"POINT (9.762916038000071 52.269337480000047)",Unfall 3292 (2024) Kat:2, Licht: 0,3292,2,4,6,05,12,3,,0,0,1,1,0
"POINT (9.791447975000040 52.396865632000072)",Unfall 3293 (2024) Kat:3, Licht: 0,3293,3,2,3,06,09,3,,0,0,1,0,0
"POINT (9.663815642000031 52.377199359000031)",Unfall 3294 (2024) Kat:3, Licht: 0,3294,3,6,2,05,16,2,,0,0,1,0,0
"POINT (9.712301702000047 52.413785389000054)",Unfall 3295 (2024) Kat:3, Licht: 0,3295,3,1,0,05,18,2,,0,0,0,0,0
"POINT (9.790501651000056 52.331807582000067)",Unfall 3296 (2024) Kat:3, Licht: 0,3296,3,3,5,05,13,2,,0,0,1,1,0
"POINT (9.467421391000073 52.307312101000036)",Unfall 3297 (2024) Kat:2, Licht: 0,3297,2,4,6,05,15,2,,0,0,1,1,0
"POINT (9.783793293000031 52.375271913000063)",Unfall 3298 (2024) Kat:3, Licht: 0,3298,3,6,3,05,13,2,,0,1,0,0,0
"POINT (10.188052309000057 52.459203627000079)",Unfall 3299 (2024) Kat:3, Licht: 0,3299,3,3,5,05,17,2,,0,0,1,0,0
"POINT (9.733280319000073 52.362169820000076)",Unfall 3300 (2024) Kat:3, Licht: 0,3300,3,7,6,05,15,1,,0,1,0,1,0
"POINT (9.731504691000055 52.378152672000056)",Unfall 3301 (2024) Kat:3, Licht: 0,3301,3,3,4,05,15,1,,0,0,1,0,0
"POINT (9.590061588000026 52.387892199000078)",Unfall 3302 (2024) Kat:3, Licht: 0,3302,3,7,4,05,18,1,,0,1,0,0,0
"POINT (9.621358269000041 52.431722021000041)",Unfall 3303 (2024) Kat:3, Licht: 0,3303,3,1,0,05,18,1,,0,1,0,0,0
"POINT (10.008134938000069 52.488421034000055)",Unfall 3304 (2024) Kat:3, Licht: 0,3304,3,7,8,05,15,1,,0,1,0,0,0
"POINT (9.856149342000037 52.397147237000070)",Unfall 3305 (2024) Kat:3, Licht: 0,3305,3,3,5,05,19,1,,0,0,1,0,0
"POINT (9.720451723000053 52.391388161000066)",Unfall 3306 (2024) Kat:3, Licht: 0,3306,3,1,0,05,12,1,,0,1,0,0,0
"POINT (9.732848552000064 52.359104835000039)",Unfall 3307 (2024) Kat:3, Licht: 0,3307,3,4,6,05,13,1,,0,1,0,1,0
"POINT (9.809563163000064 52.354816255000060)",Unfall 3308 (2024) Kat:3, Licht: 2,3308,3,7,0,06,22,5,,2,0,1,0,1
"POINT (9.692261732000077 52.408493187000033)",Unfall 3309 (2024) Kat:3, Licht: 0,3309,3,3,5,05,17,7,,0,1,0,0,0
"POINT (9.744232796000063 52.373325424000029)",Unfall 3310 (2024) Kat:3, Licht: 0,3310,3,7,0,05,17,7,,0,0,0,0,0
"POINT (9.772017557000026 52.347747335000065)",Unfall 3311 (2024) Kat:3, Licht: 0,3311,3,1,0,05,12,7,,0,1,0,0,0
"POINT (9.474168292000058 52.428254404000029)",Unfall 3312 (2024) Kat:3, Licht: 0,3312,3,5,0,05,18,1,,0,1,1,0,0
"POINT (9.423044037000068 52.432736960000057)",Unfall 3313 (2024) Kat:3, Licht: 0,3313,3,3,5,05,10,7,,0,1,1,0,0
"POINT (9.511279270000045 52.281074110000077)",Unfall 3314 (2024) Kat:3, Licht: 0,3314,3,4,0,05,18,7,,0,0,0,1,1
"POINT (9.603095338000060 52.409558148000031)",Unfall 3315 (2024) Kat:3, Licht: 0,3315,3,4,6,05,13,7,,0,0,1,1,0
"POINT (9.618161177000047 52.429022556000064)",Unfall 3316 (2024) Kat:3, Licht: 0,3316,3,6,2,05,16,7,,0,0,1,0,0
"POINT (9.758192918000077 52.391562156000077)",Unfall 3317 (2024) Kat:3, Licht: 0,3317,3,1,0,05,09,7,,0,0,0,0,1
"POINT (9.808696803000032 52.309044816000039)",Unfall 3318 (2024) Kat:3, Licht: 0,3318,3,3,5,06,11,3,,0,1,1,0,0
"POINT (9.724031496000066 52.342526618000079)",Unfall 3319 (2024) Kat:3, Licht: 1,3319,3,7,2,05,20,6,,1,0,1,0,0
"POINT (9.703924558000040 52.367029095000078)",Unfall 3320 (2024) Kat:3, Licht: 0,3320,3,6,2,05,16,6,,0,0,1,0,0
"POINT (9.857925201000057 52.411125861000073)",Unfall 3321 (2024) Kat:3, Licht: 0,3321,3,7,0,05,16,6,,0,0,1,0,0
"POINT (9.762757029000056 52.344424865000065)",Unfall 3322 (2024) Kat:3, Licht: 0,3322,3,3,5,05,13,6,,0,1,1,0,0
"POINT (9.749271683000075 52.390229002000069)",Unfall 3323 (2024) Kat:3, Licht: 2,3323,3,7,6,05,23,6,,2,1,0,1,0
"POINT (10.068000919000042 52.483456485000033)",Unfall 3324 (2024) Kat:2, Licht: 0,3324,2,3,0,05,13,6,,0,1,0,0,0
"POINT (9.693782806000058 52.361967223000079)",Unfall 3325 (2024) Kat:3, Licht: 0,3325,3,3,5,05,17,6,,0,1,1,0,0
"POINT (9.799589306000030 52.376584890000061)",Unfall 3326 (2024) Kat:3, Licht: 0,3326,3,3,5,05,17,5,,0,1,1,0,0
"POINT (9.747434946000055 52.373804722000045)",Unfall 3327 (2024) Kat:3, Licht: 0,3327,3,6,2,05,14,5,,0,0,1,0,1
"POINT (9.704408983000064 52.374495716000069)",Unfall 3328 (2024) Kat:3, Licht: 0,3328,3,7,0,05,19,5,,0,1,0,0,0
"POINT (9.714060324000059 52.371204843000044)",Unfall 3329 (2024) Kat:3, Licht: 0,3329,3,2,0,05,19,5,,0,1,1,0,0
"POINT (9.737506381000060 52.394526253000038)",Unfall 3330 (2024) Kat:3, Licht: 0,3330,3,5,1,05,07,5,,0,1,1,0,0
"POINT (9.503192679000051 52.289268885000070)",Unfall 3331 (2024) Kat:3, Licht: 0,3331,3,7,0,05,11,5,,0,1,0,0,0
"POINT (9.592583316000059 52.431640899000058)",Unfall 3332 (2024) Kat:3, Licht: 0,3332,3,3,5,05,09,5,,0,1,1,0,0
"POINT (9.719793220000042 52.455073814000059)",Unfall 3333 (2024) Kat:3, Licht: 0,3333,3,2,5,05,16,5,,0,0,1,0,1
"POINT (9.722239499000068 52.434313920000079)",Unfall 3334 (2024) Kat:3, Licht: 0,3334,3,3,5,05,17,5,,0,0,0,0,1
"POINT (9.737799017000043 52.381866767000076)",Unfall 3335 (2024) Kat:3, Licht: 0,3335,3,1,0,05,14,5,,0,0,0,0,0
"POINT (9.813805847000026 52.398980666000057)",Unfall 3336 (2024) Kat:3, Licht: 2,3336,3,3,5,05,01,1,,2,0,1,0,0
"POINT (9.736137124000038 52.364712782000026)",Unfall 3337 (2024) Kat:3, Licht: 0,3337,3,6,3,05,07,4,,0,1,0,0,0
"POINT (9.459074728000076 52.385606228000029)",Unfall 3338 (2024) Kat:2, Licht: 0,3338,2,1,0,05,16,4,,0,0,0,0,0
"POINT (9.665708594000023 52.334042141000054)",Unfall 3339 (2024) Kat:3, Licht: 0,3339,3,6,2,05,15,4,,0,1,1,0,0
"POINT (9.662446252000052 52.345449023000072)",Unfall 3340 (2024) Kat:3, Licht: 0,3340,3,3,5,05,11,4,,0,0,1,0,1
"POINT (9.746350658000040 52.354367889000059)",Unfall 3341 (2024) Kat:2, Licht: 0,3341,2,2,4,05,10,4,,0,1,1,0,0
"POINT (9.772398069000076 52.338025691000041)",Unfall 3342 (2024) Kat:3, Licht: 0,3342,3,1,0,05,18,4,,0,1,0,0,0
"POINT (9.735982507000074 52.416044199000055)",Unfall 3343 (2024) Kat:3, Licht: 0,3343,3,3,5,05,16,4,,0,0,1,0,1
"POINT (9.793218028000069 52.397026504000053)",Unfall 3344 (2024) Kat:3, Licht: 0,3344,3,3,5,05,07,4,,0,0,1,0,0
"POINT (9.675453084000026 52.397043440000061)",Unfall 3345 (2024) Kat:2, Licht: 0,3345,2,4,6,05,14,7,,0,0,1,1,0
"POINT (10.202962265000053 52.464353649000032)",Unfall 3346 (2024) Kat:3, Licht: 0,3346,3,1,0,07,11,4,,0,0,0,0,1
"POINT (9.843694349000032 52.270871452000051)",Unfall 3347 (2024) Kat:3, Licht: 0,3347,3,5,0,07,10,3,,0,1,1,0,0
"POINT (9.802265933000058 52.404630412000074)",Unfall 3348 (2024) Kat:3, Licht: 0,3348,3,2,1,07,16,3,,0,0,1,0,0
"POINT (9.788404051000043 52.331220011000028)",Unfall 3349 (2024) Kat:3, Licht: 0,3349,3,2,2,07,08,3,,0,0,1,0,0
"POINT (9.789728086000025 52.402385810000055)",Unfall 3350 (2024) Kat:2, Licht: 0,3350,2,7,0,07,10,3,,0,0,0,1,0
"POINT (9.702560344000062 52.374982051000075)",Unfall 3351 (2024) Kat:3, Licht: 0,3351,3,6,6,07,13,2,,0,0,0,1,0
"POINT (9.598186623000061 52.417386994000026)",Unfall 3352 (2024) Kat:3, Licht: 0,3352,3,6,2,07,15,2,,0,0,1,0,0
"POINT (9.599233684000069 52.426414639000029)",Unfall 3353 (2024) Kat:3, Licht: 0,3353,3,3,5,07,15,2,,0,1,1,0,0
"POINT (10.000279763000037 52.454684654000062)",Unfall 3354 (2024) Kat:3, Licht: 0,3354,3,3,5,07,12,2,,0,1,0,0,0
"POINT (9.721930728000075 52.386988634000033)",Unfall 3355 (2024) Kat:2, Licht: 0,3355,2,3,5,07,14,2,,0,1,0,0,0
"POINT (9.747323790000053 52.391738316000044)",Unfall 3356 (2024) Kat:3, Licht: 0,3356,3,2,5,07,16,2,,0,1,1,0,0
"POINT (9.761471742000026 52.379753293000078)",Unfall 3357 (2024) Kat:3, Licht: 0,3357,3,3,5,07,11,2,,0,0,1,0,0
"POINT (9.731203158000028 52.378712932000042)",Unfall 3358 (2024) Kat:3, Licht: 0,3358,3,2,2,07,18,1,,0,0,1,0,1
"POINT (9.748640230000035 52.351260286000070)",Unfall 3359 (2024) Kat:3, Licht: 0,3359,3,7,0,07,09,1,,0,1,0,0,0
"POINT (9.708342067000046 52.365084886000034)",Unfall 3360 (2024) Kat:2, Licht: 2,3360,2,7,0,07,02,1,,2,1,0,0,0
"POINT (9.467810650000047 52.504477931000054)",Unfall 3361 (2024) Kat:3, Licht: 0,3361,3,7,0,07,12,1,,0,1,0,0,0
"POINT (9.755100521000031 52.436473713000055)",Unfall 3362 (2024) Kat:3, Licht: 0,3362,3,2,0,07,18,1,,0,0,1,0,0
"POINT (9.718422154000052 52.331587903000070)",Unfall 3363 (2024) Kat:3, Licht: 1,3363,3,7,0,07,21,1,,1,0,1,0,0
"POINT (9.691050041000040 52.374095975000046)",Unfall 3364 (2024) Kat:3, Licht: 0,3364,3,5,1,07,07,1,,0,1,1,0,0
"POINT (9.716005814000027 52.356272690000026)",Unfall 3365 (2024) Kat:3, Licht: 0,3365,3,3,5,07,10,7,,0,1,1,0,0
"POINT (9.757055437000076 52.370397082000068)",Unfall 3366 (2024) Kat:3, Licht: 0,3366,3,7,0,07,15,6,,0,1,0,0,0
"POINT (9.712347350000073 52.366950783000050)",Unfall 3367 (2024) Kat:3, Licht: 0,3367,3,7,0,07,19,6,,0,1,0,0,0
"POINT (9.747179131000053 52.385468485000047)",Unfall 3368 (2024) Kat:3, Licht: 2,3368,3,7,0,07,01,6,,2,0,0,0,0
"POINT (9.470206532000077 52.426527730000032)",Unfall 3369 (2024) Kat:3, Licht: 0,3369,3,3,5,07,18,6,,0,1,0,0,1
"POINT (9.448788893000028 52.493583185000034)",Unfall 3370 (2024) Kat:3, Licht: 0,3370,3,3,5,07,19,6,,0,1,1,0,0
"POINT (9.563764125000034 52.400725324000064)",Unfall 3371 (2024) Kat:2, Licht: 0,3371,2,1,0,07,18,6,,0,0,0,0,0
"POINT (9.615721262000022 52.418833104000043)",Unfall 3372 (2024) Kat:3, Licht: 0,3372,3,2,2,07,15,6,,0,0,1,0,0
"POINT (9.767469007000045 52.358033837000050)",Unfall 3373 (2024) Kat:3, Licht: 0,3373,3,2,5,07,14,5,,0,1,0,0,0
"POINT (9.683196778000024 52.413559909000071)",Unfall 3374 (2024) Kat:3, Licht: 0,3374,3,3,5,07,17,5,,0,1,1,0,0
"POINT (9.961803931000077 52.389544531000070)",Unfall 3375 (2024) Kat:2, Licht: 0,3375,2,3,5,07,15,5,,0,0,1,0,1
"POINT (9.751372488000072 52.374407356000063)",Unfall 3376 (2024) Kat:2, Licht: 0,3376,2,3,5,07,13,5,,0,0,1,0,0
"POINT (9.777032256000041 52.415020655000035)",Unfall 3377 (2024) Kat:3, Licht: 0,3377,3,7,6,07,16,5,,0,0,1,1,0
"POINT (9.758802179000043 52.372361419000072)",Unfall 3378 (2024) Kat:3, Licht: 0,3378,3,5,1,07,14,5,,0,1,1,0,0
"POINT (9.705358980000028 52.367053266000028)",Unfall 3379 (2024) Kat:3, Licht: 0,3379,3,2,5,07,11,5,,0,1,1,0,0
"POINT (9.549550852000039 52.208153313000082)",Unfall 3380 (2024) Kat:3, Licht: 2,3380,3,1,0,07,22,4,,2,0,0,0,0
"POINT (9.677334928000050 52.236757219000026)",Unfall 3381 (2024) Kat:3, Licht: 0,3381,3,7,0,07,17,4,,0,1,0,0,0
"POINT (9.601035423000042 52.439422297000078)",Unfall 3382 (2024) Kat:3, Licht: 0,3382,3,3,5,07,08,4,,0,0,1,0,0
"POINT (9.742744001000062 52.371265133000065)",Unfall 3383 (2024) Kat:3, Licht: 0,3383,3,5,1,07,13,4,,0,0,1,0,1
"POINT (9.716482527000039 52.353765637000038)",Unfall 3384 (2024) Kat:3, Licht: 2,3384,3,1,0,07,22,2,,2,1,0,0,0
"POINT (9.727247341000066 52.398015916000077)",Unfall 3385 (2024) Kat:3, Licht: 0,3385,3,7,0,07,13,3,,0,1,0,0,0
"POINT (9.722012855000060 52.378742902000056)",Unfall 3386 (2024) Kat:3, Licht: 0,3386,3,6,3,07,10,3,,0,0,1,0,0
"POINT (9.744015683000043 52.372008613000048)",Unfall 3387 (2024) Kat:3, Licht: 0,3387,3,7,0,07,17,3,,0,1,0,0,0
"POINT (9.752249837000022 52.421051493000050)",Unfall 3388 (2024) Kat:3, Licht: 0,3388,3,3,5,07,08,3,,0,1,1,0,0
"POINT (9.825955617000034 52.359047621000059)",Unfall 3389 (2024) Kat:3, Licht: 0,3389,3,1,9,07,10,3,,0,1,0,0,0
"POINT (9.619876147000070 52.441050883000059)",Unfall 3390 (2024) Kat:3, Licht: 0,3390,3,2,2,07,14,3,,0,0,1,0,0