WKT,Name,OBJECTID,UKATEGORIE,UTYP1,UART,UMONAT,USTUNDE,UWOCHENTAG,STRZUSTAND,ULICHTVERH,ISTRAD,ISTPKW,ISTFUSS,ISTKRAD
"POINT (9.739634030000047 52.391818742000055)",Unfall 3578 (2024) Kat:3, Licht: 0,3578,3,3,5,06,05,4,,0,0,1,0,0
"POINT (9.787943915000028 52.374793446000069)",Unfall 3579 (2024) Kat:3, Licht: 0,3579,3,7,0,06,06,3,,0,0,0,0,0
"POINT (9.714255717000071 52.371617382000068)",Unfall 3580 (2024) Kat:3, Licht: 0,3580,3,7,0,06,20,3,,0,0,0,0,0
"POINT (9.663733492000063 52.383357558000057)",Unfall 3581 (2024) Kat:3, Licht: 0,3581,3,7,3,06,17,3,,0,0,1,0,0
"POINT (9.732028768000021 52.364901544000077)",Unfall 3582 (2024) Kat:2, Licht: 0,3582,2,3,5,06,08,3,,0,1,1,0,0
"POINT (9.591637970000022 52.420642768000050)",Unfall 3583 (2024) Kat:2, Licht: 0,3583,2,3,5,06,15,3,,0,1,1,0,0
"POINT (9.656165141000031 52.421193375000030)",Unfall 3584 (2024) Kat:3, Licht: 1,3584,3,1,8,06,17,3,,1,0,0,0,0
"POINT (9.670531739000069 52.340722055000072)",Unfall 3585 (2024) Kat:3, Licht: 0,3585,3,1,7,08,15,1,,0,0,0,0,0
"POINT (9.751350951000063 52.374942611000051)",Unfall 3586 (2024) Kat:3, Licht: 2,3586,3,6,3,08,20,1,,2,1,0,0,0
"POINT (9.756712729000071 52.420366679000040)",Unfall 3587 (2024) Kat:3, Licht: 0,3587,3,3,5,08,13,7,,0,1,1,0,0
"POINT (9.760804946000064 52.327965020000079)",Unfall 3588 (2024) Kat:3, Licht: 0,3588,3,6,2,08,14,7,,0,1,0,0,0
"POINT (9.790447372000074 52.403557420000027)",Unfall 3589 (2024) Kat:3, Licht: 0,3589,3,7,0,08,12,7,,0,1,0,0,0
"POINT (9.450274778000050 52.501145207000036)",Unfall 3590 (2024) Kat:3, Licht: 0,3590,3,7,7,08,09,7,,0,0,0,0,0
"POINT (9.933142944000053 52.349789086000044)",Unfall 3591 (2024) Kat:3, Licht: 0,3591,3,7,0,08,11,7,,0,1,0,0,0
"POINT (9.979544812000029 52.466607140000065)",Unfall 3592 (2024) Kat:3, Licht: 0,3592,3,7,9,08,10,7,,0,1,0,0,0
"POINT (9.722280069000021 52.435978342000055)",Unfall 3593 (2024) Kat:2, Licht: 0,3593,2,1,0,08,13,7,,0,1,0,0,0
"POINT (9.660990459000061 52.431273650000037)",Unfall 3594 (2024) Kat:3, Licht: 0,3594,3,3,0,08,13,6,,0,1,1,0,0
"POINT (9.704518202000031 52.375116454000079)",Unfall 3595 (2024) Kat:3, Licht: 0,3595,3,3,5,08,15,6,,0,1,1,0,0
"POINT (9.818167951000021 52.355639851000035)",Unfall 3596 (2024) Kat:3, Licht: 2,3596,3,7,1,08,23,6,,2,1,1,0,0
"POINT (9.597706757000026 52.397017246000075)",Unfall 3597 (2024) Kat:3, Licht: 0,3597,3,5,3,08,07,6,,0,0,1,0,0
"POINT (9.488063156000067 52.304054173000054)",Unfall 3598 (2024) Kat:3, Licht: 0,3598,3,3,5,08,15,6,,0,0,1,0,0
"POINT (9.562521041000025 52.421397388000059)",Unfall 3599 (2024) Kat:3, Licht: 0,3599,3,1,0,08,14,6,,0,1,0,0,0
"POINT (9.833754985000041 52.354463324000051)",Unfall 3600 (2024) Kat:3, Licht: 0,3600,3,7,0,08,13,5,,0,1,0,0,0
"POINT (9.774872378000055 52.396390928000073)",Unfall 3601 (2024) Kat:3, Licht: 0,3601,3,6,2,08,18,5,,0,0,1,0,0
"POINT (9.991664109000055 52.458996402000082)",Unfall 3602 (2024) Kat:3, Licht: 0,3602,3,2,3,08,16,5,,0,1,1,0,0
"POINT (9.678111163000040 52.409972754000080)",Unfall 3603 (2024) Kat:2, Licht: 2,3603,2,3,5,08,22,5,,2,1,0,0,0
"POINT (9.714483042000040 52.369131060000029)",Unfall 3604 (2024) Kat:3, Licht: 0,3604,3,3,5,08,16,5,,0,1,1,0,0
"POINT (9.695288417000029 52.374595283000076)",Unfall 3605 (2024) Kat:3, Licht: 0,3605,3,3,5,08,07,5,,0,0,1,0,0
"POINT (9.681222517000037 52.409430282000073)",Unfall 3606 (2024) Kat:3, Licht: 0,3606,3,2,2,08,07,4,,0,0,1,0,0
"POINT (9.708238187000063 52.367139718000033)",Unfall 3607 (2024) Kat:3, Licht: 0,3607,3,7,0,08,19,4,,0,1,0,0,0
"POINT (9.715093789000036 52.364883250000048)",Unfall 3608 (2024) Kat:3, Licht: 0,3608,3,2,4,08,15,4,,0,1,0,0,0
"POINT (9.785834359000035 52.398103034000030)",Unfall 3609 (2024) Kat:3, Licht: 1,3609,3,6,2,08,06,4,,1,0,1,0,0
"POINT (9.852481983000075 52.494287453000027)",Unfall 3610 (2024) Kat:3, Licht: 0,3610,3,2,6,08,10,4,,0,0,0,1,0
"POINT (9.844305367000061 52.436922915000082)",Unfall 3611 (2024) Kat:3, Licht: 0,3611,3,3,5,08,08,4,,0,1,1,0,0
"POINT (9.717453422000062 52.341787422000039)",Unfall 3612 (2024) Kat:3, Licht: 0,3612,3,2,3,08,09,3,,0,1,1,0,0
"POINT (9.731453711000029 52.364847747000056)",Unfall 3613 (2024) Kat:3, Licht: 0,3613,3,5,3,08,14,3,,0,0,1,0,0
"POINT (9.804619600000024 52.466841149000061)",Unfall 3614 (2024) Kat:3, Licht: 2,3614,3,7,0,08,20,3,,2,1,0,0,0
"POINT (9.743958785000075 52.452109077000046)",Unfall 3615 (2024) Kat:3, Licht: 0,3615,3,2,5,08,17,3,,0,1,1,0,0
"POINT (9.709075184000028 52.334810053000069)",Unfall 3616 (2024) Kat:3, Licht: 0,3616,3,7,7,08,08,2,,0,1,0,0,0
"POINT (9.573867514000028 52.276000283000030)",Unfall 3617 (2024) Kat:3, Licht: 0,3617,3,3,5,08,16,2,,0,1,1,0,0
"POINT (9.858030856000028 52.473607939000033)",Unfall 3618 (2024) Kat:3, Licht: 0,3618,3,3,5,08,06,2,,0,1,1,0,0
"POINT (9.465504418000023 52.303328896000039)",Unfall 3619 (2024) Kat:2, Licht: 0,3619,2,7,0,08,16,2,,0,0,0,0,0
"POINT (9.667200357000070 52.409613356000079)",Unfall 3620 (2024) Kat:3, Licht: 0,3620,3,3,5,08,15,2,,0,1,1,0,0
"POINT (9.675467874000049 52.386960614000031)",Unfall 3621 (2024) Kat:2, Licht: 0,3621,2,6,4,08,07,2,,0,1,0,0,0
"POINT (9.774610585000062 52.372213506000037)",Unfall 3622 (2024) Kat:3, Licht: 0,3622,3,6,2,08,15,1,,0,0,1,0,0
"POINT (9.741625354000064 52.371149873000036)",Unfall 3623 (2024) Kat:3, Licht: 2,3623,3,7,0,08,23,1,,2,0,0,0,0
"POINT (9.738407093000035 52.377059174000067)",Unfall 3624 (2024) Kat:3, Licht: 0,3624,3,7,0,08,19,1,,0,0,0,0,0
"POINT (9.734587410000074 52.380033520000040)",Unfall 3625 (2024) Kat:3, Licht: 0,3625,3,6,2,08,11,1,,0,0,1,0,0
"POINT (9.695619049000072 52.392159993000064)",Unfall 3626 (2024) Kat:3, Licht: 0,3626,3,7,0,08,17,7,,0,0,0,0,0
"POINT (9.722953039000060 52.383575812000061)",Unfall 3627 (2024) Kat:3, Licht: 0,3627,3,5,1,08,18,7,,0,1,1,0,0
"POINT (9.741808310000067 52.375645185000053)",Unfall 3628 (2024) Kat:3, Licht: 0,3628,3,7,0,08,13,7,,0,1,0,0,0
"POINT (9.748388912000053 52.390853145000051)",Unfall 3629 (2024) Kat:3, Licht: 0,3629,3,1,0,08,16,7,,0,0,0,0,1
"POINT (9.723426391000032 52.428533891000029)",Unfall 3630 (2024) Kat:3, Licht: 0,3630,3,1,0,08,14,7,,0,1,0,0,0
"POINT (9.614414923000027 52.417778190000035)",Unfall 3631 (2024) Kat:2, Licht: 0,3631,2,3,5,08,13,7,,0,1,1,0,0
"POINT (9.741763114000037 52.398579087000030)",Unfall 3632 (2024) Kat:3, Licht: 0,3632,3,1,0,08,12,7,,0,0,0,0,1
"POINT (9.761538793000057 52.372058529000071)",Unfall 3633 (2024) Kat:3, Licht: 0,3633,3,1,0,08,13,6,,0,1,0,0,0
"POINT (9.805125272000055 52.408856115000049)",Unfall 3634 (2024) Kat:3, Licht: 0,3634,3,3,5,08,11,6,,0,1,1,0,0
"POINT (9.752253160000066 52.370719123000072)",Unfall 3635 (2024) Kat:3, Licht: 0,3635,3,6,2,08,11,6,,0,0,1,0,0
"POINT (9.700411103000022 52.329953253000042)",Unfall 3636 (2024) Kat:3, Licht: 0,3636,3,6,6,08,11,5,,0,0,1,1,0
"POINT (9.730018747000031 52.361759270000050)",Unfall 3637 (2024) Kat:3, Licht: 0,3637,3,7,0,08,14,5,,0,1,0,0,0
"POINT (9.539922746000059 52.210960066000041)",Unfall 3638 (2024) Kat:3, Licht: 0,3638,3,1,0,08,13,5,,0,1,0,0,0
"POINT (9.856030388000022 52.495986873000049)",Unfall 3639 (2024) Kat:2, Licht: 0,3639,2,7,0,08,19,5,,0,1,0,0,0
"POINT (9.821209794000026 52.345472571000073)",Unfall 3640 (2024) Kat:3, Licht: 0,3640,3,3,5,08,13,5,,0,0,1,0,0
"POINT (9.743183212000076 52.451128434000054)",Unfall 3641 (2024) Kat:3, Licht: 0,3641,3,3,5,08,16,7,,0,1,1,0,0
"POINT (9.720726840000054 52.342518854000048)",Unfall 3642 (2024) Kat:3, Licht: 0,3642,3,6,2,08,08,4,,0,0,1,0,0
"POINT (9.744549150000068 52.380358192000074)",Unfall 3643 (2024) Kat:3, Licht: 0,3643,3,7,0,08,13,4,,0,0,0,0,0
"POINT (9.747261628000047 52.389866935000043)",Unfall 3644 (2024) Kat:3, Licht: 0,3644,3,5,1,08,08,4,,0,1,0,0,0
"POINT (9.573924853000051 52.436757991000036)",Unfall 3645 (2024) Kat:3, Licht: 0,3645,3,3,5,08,18,4,,0,1,0,0,0
"POINT (9.707255221000025 52.433511278000026)",Unfall 3646 (2024) Kat:3, Licht: 0,3646,3,3,5,08,08,4,,0,1,1,0,0
"POINT (9.751866652000047 52.372060068000053)",Unfall 3647 (2024) Kat:3, Licht: 0,3647,3,6,2,08,17,3,,0,0,1,0,0
"POINT (9.737485583000023 52.381691088000082)",Unfall 3648 (2024) Kat:3, Licht: 0,3648,3,7,0,08,17,3,,0,1,0,0,0
"POINT (9.718807381000033 52.373746122000057)",Unfall 3649 (2024) Kat:3, Licht: 0,3649,3,2,3,08,21,3,,0,1,1,0,0
"POINT (9.774363691000076 52.349080661000073)",Unfall 3650 (2024) Kat:3, Licht: 0,3650,3,7,0,08,13,3,,0,1,0,0,0
"POINT (9.760211615000060 52.332647623000071)",Unfall 3651 (2024) Kat:3, Licht: 0,3651,3,5,1,08,16,3,,0,1,1,0,0
"POINT (9.756472271000064 52.340813782000055)",Unfall 3652 (2024) Kat:3, Licht: 0,3652,3,7,0,08,06,3,,0,0,0,0,0
"POINT (9.606839989000036 52.433146815000043)",Unfall 3653 (2024) Kat:3, Licht: 0,3653,3,7,0,08,12,3,,0,1,0,0,0
"POINT (9.728223994000075 52.430854269000065)",Unfall 3654 (2024) Kat:3, Licht: 0,3654,3,3,5,08,10,3,,0,0,1,0,0
"POINT (9.716845459000069 52.341762012000061)",Unfall 3655 (2024) Kat:3, Licht: 0,3655,3,4,0,08,15,3,,0,0,0,1,0
"POINT (9.665421077000076 52.240171279000037)",Unfall 3656 (2024) Kat:2, Licht: 0,3656,2,7,0,08,11,3,,0,1,0,0,0
"POINT (9.791373984000074 52.404139903000043)",Unfall 3657 (2024) Kat:3, Licht: 0,3657,3,4,6,08,14,3,,0,1,0,1,0
"POINT (9.743907874000058 52.411301024000068)",Unfall 3658 (2024) Kat:2, Licht: 0,3658,2,4,6,08,10,3,,0,0,1,1,0
"POINT (9.787112837000052 52.410192438000081)",Unfall 3659 (2024) Kat:3, Licht: 0,3659,3,2,2,08,18,2,,0,0,1,0,0
"POINT (9.792979885000022 52.333628709000038)",Unfall 3660 (2024) Kat:3, Licht: 0,3660,3,3,5,08,07,2,,0,0,1,0,0
"POINT (9.772965326000076 52.398009890000026)",Unfall 3661 (2024) Kat:3, Licht: 0,3661,3,4,6,08,14,2,,0,1,0,1,0
"POINT (9.724325928000042 52.322168100000056)",Unfall 3662 (2024) Kat:3, Licht: 0,3662,3,2,5,08,11,2,,0,0,1,0,0
"POINT (9.738272524000024 52.301803127000028)",Unfall 3663 (2024) Kat:3, Licht: 0,3663,3,7,6,08,14,2,,0,1,0,1,0
"POINT (9.476087890000031 52.306076768000082)",Unfall 3664 (2024) Kat:3, Licht: 0,3664,3,6,2,08,13,2,,0,0,1,0,0
"POINT (10.003962552000075 52.445815959000072)",Unfall 3665 (2024) Kat:3, Licht: 0,3665,3,4,6,08,14,2,,0,0,1,1,0
"POINT (9.560052446000043 52.452794814000072)",Unfall 3666 (2024) Kat:2, Licht: 0,3666,2,3,5,08,18,2,,0,0,0,0,1
"POINT (9.728600587000074 52.394607074000078)",Unfall 3667 (2024) Kat:3, Licht: 0,3667,3,3,0,08,11,2,,0,0,0,0,0
"POINT (9.703821492000031 52.372013906000063)",Unfall 3668 (2024) Kat:3, Licht: 0,3668,3,6,3,08,07,2,,0,1,0,0,0
"POINT (9.882971187000066 52.282190474000060)",Unfall 3669 (2024) Kat:3, Licht: 0,3669,3,5,1,08,11,1,,0,1,1,0,0
"POINT (9.695510669000043 52.408113709000077)",Unfall 3670 (2024) Kat:3, Licht: 0,3670,3,2,5,08,19,1,,0,0,1,0,0
"POINT (9.799630851000074 52.405871097000045)",Unfall 3671 (2024) Kat:3, Licht: 2,3671,3,7,0,08,21,1,,2,1,0,0,0
"POINT (9.788531622000050 52.331058042000052)",Unfall 3672 (2024) Kat:3, Licht: 0,3672,3,2,5,08,15,1,,0,1,1,0,0
"POINT (9.749140348000026 52.398164235000081)",Unfall 3673 (2024) Kat:3, Licht: 0,3673,3,2,3,08,14,1,,0,1,1,0,0
"POINT (9.417878131000066 52.427228356000057)",Unfall 3674 (2024) Kat:3, Licht: 2,3674,3,7,0,08,00,1,,2,1,0,0,0
"POINT (9.466727368000022 52.504334504000042)",Unfall 3675 (2024) Kat:3, Licht: 0,3675,3,6,2,08,16,1,,0,0,1,0,0
"POINT (9.805278854000051 52.337566700000082)",Unfall 3676 (2024) Kat:3, Licht: 0,3676,3,7,8,08,19,1,,0,0,1,0,0
"POINT (9.795128732000023 52.359517141000026)",Unfall 3677 (2024) Kat:3, Licht: 0,3677,3,1,8,08,20,1,,0,0,0,0,1
"POINT (9.806100360000073 52.310653563000074)",Unfall 3678 (2024) Kat:3, Licht: 0,3678,3,7,0,08,13,7,,0,0,0,0,0
"POINT (9.748254049000025 52.365410714000063)",Unfall 3679 (2024) Kat:3, Licht: 0,3679,3,5,1,08,18,7,,0,1,1,0,0
"POINT (9.706687915000032 52.337636926000073)",Unfall 3680 (2024) Kat:3, Licht: 2,3680,3,5,1,08,22,7,,2,1,1,0,0
"POINT (9.719459052000047 52.362003754000057)",Unfall 3681 (2024) Kat:3, Licht: 0,3681,3,4,6,08,09,7,,0,0,0,1,0
"POINT (9.727308392000054 52.358904274000054)",Unfall 3682 (2024) Kat:3, Licht: 2,3682,3,7,0,08,03,7,,2,0,0,0,0
"POINT (9.689910310000073 52.377037481000059)",Unfall 3683 (2024) Kat:3, Licht: 0,3683,3,7,0,08,16,7,,0,1,0,0,0
"POINT (9.677601307000032 52.377364859000068)",Unfall 3684 (2024) Kat:3, Licht: 0,3684,3,7,0,08,15,7,,0,1,0,0,0
"POINT (9.738333066000052 52.381669810000062)",Unfall 3685 (2024) Kat:3, Licht: 1,3685,3,6,3,08,20,7,,1,0,1,0,0
"POINT (9.748755247000076 52.392518030000076)",Unfall 3686 (2024) Kat:3, Licht: 0,3686,3,7,1,08,12,7,,0,1,1,0,0
"POINT (9.780784924000045 52.404390817000035)",Unfall 3687 (2024) Kat:2, Licht: 0,3687,2,7,6,08,16,7,,0,0,1,1,0
"POINT (9.775248698000041 52.363516127000082)",Unfall 3688 (2024) Kat:3, Licht: 0,3688,3,7,0,08,17,6,,0,0,0,0,0
"POINT (9.725507208000067 52.377022839000063)",Unfall 3689 (2024) Kat:3, Licht: 0,3689,3,6,2,08,16,6,,0,0,1,0,0
"POINT (9.716509795000036 52.377655052000080)",Unfall 3690 (2024) Kat:3, Licht: 0,3690,3,6,4,08,18,6,,0,1,0,0,0
"POINT (9.519671207000044 52.344644555000059)",Unfall 3691 (2024) Kat:3, Licht: 0,3691,3,1,0,08,19,6,,0,1,0,0,0
"POINT (9.729904416000068 52.434969005000028)",Unfall 3692 (2024) Kat:3, Licht: 0,3692,3,3,0,08,08,6,,0,1,0,0,0
"POINT (9.653080044000035 52.412926926000068)",Unfall 3693 (2024) Kat:3, Licht: 0,3693,3,2,5,08,09,3,,0,1,0,0,0
"POINT (9.741015175000030 52.398757562000071)",Unfall 3694 (2024) Kat:3, Licht: 0,3694,3,2,5,08,17,2,,0,1,1,0,0
"POINT (9.731936946000076 52.374392546000081)",Unfall 3695 (2024) Kat:3, Licht: 1,3695,3,4,6,08,20,5,,1,0,1,1,0
"POINT (9.764282685000069 52.362196672000039)",Unfall 3696 (2024) Kat:3, Licht: 0,3696,3,3,5,08,13,5,,0,1,1,0,0
"POINT (9.743726313000025 52.364042274000042)",Unfall 3697 (2024) Kat:3, Licht: 0,3697,3,4,6,08,11,5,,0,0,1,1,0
"POINT (9.659410787000070 52.408990268000082)",Unfall 3698 (2024) Kat:3, Licht: 0,3698,3,3,5,08,16,5,,0,0,1,0,0
"POINT (9.677196765000076 52.395915476000027)",Unfall 3699 (2024) Kat:3, Licht: 0,3699,3,3,0,08,14,5,,0,1,1,0,0
"POINT (9.710263851000036 52.372581032000028)",Unfall 3700 (2024) Kat:3, Licht: 0,3700,3,4,0,08,16,5,,0,1,0,1,0
"POINT (9.436563580000040 52.419514954000078)",Unfall 3701 (2024) Kat:3, Licht: 0,3701,3,1,0,08,07,5,,0,1,0,0,0
"POINT (9.600514634000035 52.315127038000071)",Unfall 3702 (2024) Kat:3, Licht: 0,3702,3,2,3,08,16,5,,0,1,1,0,0
"POINT (9.445078111000043 52.478955181000060)",Unfall 3703 (2024) Kat:3, Licht: 0,3703,3,7,7,08,08,5,,0,0,1,0,0
"POINT (9.595359926000071 52.426228588000072)",Unfall 3704 (2024) Kat:3, Licht: 0,3704,3,1,0,08,13,5,,0,1,0,0,0
"POINT (9.730713810000054 52.391265732000079)",Unfall 3705 (2024) Kat:3, Licht: 0,3705,3,2,4,08,07,5,,0,0,1,0,1
"POINT (9.819371505000049 52.342631938000068)",Unfall 3706 (2024) Kat:3, Licht: 1,3706,3,3,5,08,21,5,,1,1,0,0,1
"POINT (9.669804724000073 52.363210889000072)",Unfall 3707 (2024) Kat:3, Licht: 0,3707,3,3,5,08,16,5,,0,1,1,0,0
"POINT (9.715036844000053 52.371032722000052)",Unfall 3708 (2024) Kat:3, Licht: 0,3708,3,2,0,08,15,5,,0,0,1,0,0
"POINT (9.732605408000040 52.379210750000027)",Unfall 3709 (2024) Kat:3, Licht: 2,3709,3,6,4,08,00,5,,2,1,0,0,0
"POINT (9.760633613000039 52.394970706000038)",Unfall 3710 (2024) Kat:3, Licht: 0,3710,3,7,0,08,11,4,,0,1,0,0,0
"POINT (9.743622522000067 52.357189248000054)",Unfall 3711 (2024) Kat:3, Licht: 0,3711,3,7,0,08,20,4,,0,0,0,0,0
"POINT (9.733735709000030 52.398969194000074)",Unfall 3712 (2024) Kat:2, Licht: 0,3712,2,3,0,08,14,4,,0,0,1,0,0
"POINT (9.723150536000048 52.368622227000060)",Unfall 3713 (2024) Kat:3, Licht: 1,3713,3,7,0,08,20,4,,1,1,0,0,0
"POINT (9.667473252000036 52.386311422000063)",Unfall 3714 (2024) Kat:3, Licht: 0,3714,3,3,0,08,16,4,,0,0,1,0,1
"POINT (9.661407449000023 52.376079500000060)",Unfall 3715 (2024) Kat:3, Licht: 0,3715,3,7,6,08,12,4,,0,0,1,1,0
"POINT (10.097491282000021 52.387486279000029)",Unfall 3716 (2024) Kat:3, Licht: 0,3716,3,1,0,08,16,4,,0,1,0,0,0
"POINT (9.737639270000045 52.433319065000035)",Unfall 3717 (2024) Kat:3, Licht: 0,3717,3,3,5,08,18,4,,0,1,1,0,0
"POINT (9.747231659000022 52.385470750000081)",Unfall 3718 (2024) Kat:2, Licht: 0,3718,2,3,0,08,17,4,,0,1,0,0,0
"POINT (9.725403793000055 52.383065168000030)",Unfall 3719 (2024) Kat:3, Licht: 0,3719,3,5,0,08,13,4,,0,0,1,0,0
"POINT (9.654980177000027 52.409627601000068)",Unfall 3720 (2024) Kat:3, Licht: 2,3720,3,5,1,08,20,3,,2,0,1,0,1
"POINT (9.797825997000075 52.405202638000048)",Unfall 3721 (2024) Kat:3, Licht: 0,3721,3,2,5,08,08,3,,0,1,1,0,0
"POINT (9.781692808000059 52.400382265000076)",Unfall 3722 (2024) Kat:3, Licht: 0,3722,3,6,0,08,07,3,,0,0,1,0,1
"POINT (9.636461713000074 52.214735163000057)",Unfall 3723 (2024) Kat:3, Licht: 0,3723,3,1,0,08,15,3,,0,0,0,0,1
"POINT (9.720146446000058 52.329908318000037)",Unfall 3724 (2024) Kat:3, Licht: 0,3724,3,7,9,08,17,3,,0,1,0,0,0
"POINT (9.635487302000058 52.299567810000042)",Unfall 3725 (2024) Kat:1, Licht: 0,3725,1,7,9,08,19,3,,0,0,0,0,0
"POINT (9.978415765000022 52.372519008000040)",Unfall 3726 (2024) Kat:3, Licht: 0,3726,3,7,1,08,08,3,,0,0,1,0,0
"POINT (10.003729461000034 52.447522029000027)",Unfall 3727 (2024) Kat:2, Licht: 0,3727,2,5,1,08,08,3,,0,1,1,0,0
"POINT (9.715557412000067 52.368305626000051)",Unfall 3728 (2024) Kat:3, Licht: 0,3728,3,4,6,08,16,3,,0,0,1,1,0
"POINT (9.726014309000050 52.397491800000068)",Unfall 3729 (2024) Kat:3, Licht: 0,3729,3,1,8,08,07,6,,0,0,1,0,1
"POINT (9.796579299000030 52.373674597000047)",Unfall 3730 (2024) Kat:3, Licht: 0,3730,3,7,0,08,14,2,,0,1,0,0,0
"POINT (9.709097163000024 52.359966652000026)",Unfall 3731 (2024) Kat:3, Licht: 0,3731,3,6,2,08,11,2,,0,0,1,0,0
"POINT (9.723582729000043 52.387281249000068)",Unfall 3732 (2024) Kat:3, Licht: 1,3732,3,6,0,08,05,2,,1,0,0,1,0
"POINT (9.743640050000067 52.377096104000032)",Unfall 3733 (2024) Kat:3, Licht: 0,3733,3,7,0,08,18,2,,0,1,0,0,0
"POINT (9.682547849000059 52.379253217000041)",Unfall 3734 (2024) Kat:3, Licht: 1,3734,3,7,7,08,05,2,,1,0,0,0,1
"POINT (9.668987514000037 52.343783726000026)",Unfall 3735 (2024) Kat:3, Licht: 0,3735,3,7,0,08,20,2,,0,1,0,0,0
"POINT (9.447622016000025 52.497857778000082)",Unfall 3736 (2024) Kat:3, Licht: 0,3736,3,6,3,08,17,2,,0,1,0,0,0
"POINT (9.805047897000065 52.381040202000065)",Unfall 3737 (2024) Kat:3, Licht: 0,3737,3,5,1,08,16,2,,0,1,1,0,0
"POINT (9.757340816000067 52.365139151000051)",Unfall 3738 (2024) Kat:3, Licht: 0,3738,3,2,0,08,19,1,,0,1,0,0,1
"POINT (9.712775332000035 52.373877281000034)",Unfall 3739 (2024) Kat:3, Licht: 0,3739,3,6,4,08,18,1,,0,1,1,0,0
"POINT (9.740003841000032 52.367156114000068)",Unfall 3740 (2024) Kat:3, Licht: 1,3740,3,6,4,08,20,1,,1,1,0,0,0
"POINT (9.942459381000049 52.442178987000034)",Unfall 3741 (2024) Kat:3, Licht: 0,3741,3,3,5,08,17,1,,0,1,1,0,0
"POINT (9.732922814000062 52.374545097000066)",Unfall 3742 (2024) Kat:3, Licht: 0,3742,3,4,6,08,06,1,,0,0,1,1,0
"POINT (9.738157271000034 52.381788896000046)",Unfall 3743 (2024) Kat:3, Licht: 0,3743,3,2,5,08,17,7,,0,0,1,0,0
"POINT (9.422660830000041 52.434899659000052)",Unfall 3744 (2024) Kat:2, Licht: 0,3744,2,1,0,08,15,7,,0,1,0,0,0
"POINT (9.607346774000064 52.424628628000050)",Unfall 3745 (2024) Kat:2, Licht: 0,3745,2,1,0,08,17,7,,0,1,0,0,0
"POINT (9.602934450000021 52.421202702000073)",Unfall 3746 (2024) Kat:3, Licht: 0,3746,3,1,0,08,10,7,,0,1,0,0,0
"POINT (9.722003158000064 52.424422937000031)",Unfall 3747 (2024) Kat:3, Licht: 1,3747,3,6,2,08,21,7,,1,0,1,0,0
"POINT (10.188930993000042 52.459949755000082)",Unfall 3748 (2024) Kat:3, Licht: 0,3748,3,3,5,08,10,7,,0,0,1,0,0
"POINT (10.007480773000054 52.449684833000049)",Unfall 3749 (2024) Kat:3, Licht: 2,3749,3,1,0,08,22,7,,2,0,0,0,0
"POINT (10.007129903000020 52.447030305000055)",Unfall 3750 (2024) Kat:3, Licht: 0,3750,3,1,0,08,12,7,,0,1,0,0,0
"POINT (9.754751436000049 52.345006126000044)",Unfall 3751 (2024) Kat:3, Licht: 0,3751,3,6,3,08,13,6,,0,1,0,0,0
"POINT (9.738027163000027 52.382146703000046)",Unfall 3752 (2024) Kat:3, Licht: 0,3752,3,2,3,08,12,6,,0,1,1,0,0
"POINT (9.453852755000071 52.423279779000040)",Unfall 3753 (2024) Kat:3, Licht: 0,3753,3,3,5,08,13,6,,0,0,1,0,0
"POINT (9.450993725000046 52.500771897000050)",Unfall 3754 (2024) Kat:3, Licht: 0,3754,3,3,5,08,17,6,,0,1,1,0,0
"POINT (10.007715969000060 52.449695332000033)",Unfall 3755 (2024) Kat:3, Licht: 0,3755,3,4,6,08,09,6,,0,0,1,1,0
"POINT (9.762788494000063 52.413669660000039)",Unfall 3756 (2024) Kat:3, Licht: 2,3756,3,7,2,08,04,6,,2,0,1,0,0
"POINT (9.812882178000052 52.311213812000062)",Unfall 3757 (2024) Kat:3, Licht: 0,3757,3,5,2,08,13,5,,0,1,1,0,0
"POINT (9.689708789000065 52.349588165000057)",Unfall 3758 (2024) Kat:3, Licht: 0,3758,3,6,0,08,16,5,,0,0,1,0,1
"POINT (9.724891060000061 52.384560412000042)",Unfall 3759 (2024) Kat:3, Licht: 0,3759,3,6,3,08,13,3,,0,0,1,0,0
"POINT (9.729618705000064 52.346068112000069)",Unfall 3760 (2024) Kat:3, Licht: 2,3760,3,5,1,08,01,5,,2,1,1,0,0
"POINT (9.721905079000067 52.378812127000060)",Unfall 3761 (2024) Kat:3, Licht: 0,3761,3,6,2,08,10,5,,0,0,1,0,0
"POINT (9.721667061000062 52.376517381000042)",Unfall 3762 (2024) Kat:3, Licht: 0,3762,3,7,0,08,17,5,,0,1,0,0,0
"POINT (9.704430978000062 52.374489927000070)",Unfall 3763 (2024) Kat:3, Licht: 0,3763,3,7,0,08,18,5,,0,1,0,0,0
"POINT (9.479648365000060 52.429150280000044)",Unfall 3764 (2024) Kat:3, Licht: 2,3764,3,5,1,08,21,5,,2,0,1,0,0
"POINT (9.597606954000071 52.417857840000067)",Unfall 3765 (2024) Kat:3, Licht: 0,3765,3,3,5,08,14,5,,0,1,0,0,0