WKT,Name,OBJECTID,UKATEGORIE,UTYP1,UART,UMONAT,USTUNDE,UWOCHENTAG,STRZUSTAND,ULICHTVERH,ISTRAD,ISTPKW,ISTFUSS,ISTKRAD
"POINT (9.837821943000051 52.495372406000058)",Unfall 3766 (2024) Kat:3, Licht: 0,3766,3,1,4,08,19,5,,0,0,1,0,1
"POINT (9.680496444000028 52.384902723000039)",Unfall 3767 (2024) Kat:2, Licht: 0,3767,2,1,0,08,08,5,,0,1,0,0,0
"POINT (9.705835097000033 52.390740614000038)",Unfall 3768 (2024) Kat:3, Licht: 0,3768,3,2,5,08,17,5,,0,1,1,0,0
"POINT (9.730676006000067 52.313561684000035)",Unfall 3769 (2024) Kat:3, Licht: 2,3769,3,6,4,08,22,2,,2,1,0,0,0
"POINT (9.726102767000043 52.384399326000050)",Unfall 3770 (2024) Kat:3, Licht: 0,3770,3,7,0,07,20,4,,0,1,0,0,0
"POINT (9.743440834000069 52.357421472000055)",Unfall 3771 (2024) Kat:3, Licht: 1,3771,3,6,4,07,19,4,,1,1,0,0,0
"POINT (9.795228958000052 52.325455913000042)",Unfall 3772 (2024) Kat:3, Licht: 2,3772,3,7,1,07,23,4,,2,0,1,0,0
"POINT (9.756517377000023 52.392057967000028)",Unfall 3773 (2024) Kat:3, Licht: 0,3773,3,6,2,07,08,4,,0,0,1,0,0
"POINT (9.462496544000032 52.308979205000071)",Unfall 3774 (2024) Kat:3, Licht: 0,3774,3,7,0,07,14,4,,0,1,1,0,0
"POINT (9.737810606000039 52.375792388000036)",Unfall 3775 (2024) Kat:3, Licht: 0,3775,3,5,5,07,10,4,,0,0,1,0,0
"POINT (9.762767658000030 52.412032884000041)",Unfall 3776 (2024) Kat:3, Licht: 0,3776,3,6,3,07,09,4,,0,1,0,1,0
"POINT (9.696442600000069 52.365692970000055)",Unfall 3777 (2024) Kat:3, Licht: 0,3777,3,2,5,08,10,4,,0,0,1,0,0
"POINT (9.761797855000054 52.410290774000032)",Unfall 3778 (2024) Kat:3, Licht: 0,3778,3,6,2,08,12,3,,0,0,1,0,0
"POINT (9.854378857000029 52.363161336000076)",Unfall 3779 (2024) Kat:3, Licht: 0,3779,3,7,0,07,14,3,,0,1,0,0,0
"POINT (9.781591974000037 52.417619186000081)",Unfall 3780 (2024) Kat:3, Licht: 0,3780,3,2,3,07,15,3,,0,0,1,0,1
"POINT (9.723069940000073 52.377696317000073)",Unfall 3781 (2024) Kat:3, Licht: 2,3781,3,6,3,08,21,6,,2,0,1,0,0
"POINT (9.695871025000031 52.409298101000047)",Unfall 3782 (2024) Kat:3, Licht: 0,3782,3,3,5,07,17,2,,0,1,1,0,0
"POINT (9.671740722000038 52.415605130000074)",Unfall 3783 (2024) Kat:3, Licht: 0,3783,3,3,0,07,19,2,,0,1,1,0,0
"POINT (9.695483182000032 52.417168520000075)",Unfall 3784 (2024) Kat:3, Licht: 0,3784,3,3,5,07,19,2,,0,1,0,0,0
"POINT (9.708718321000049 52.369185792000053)",Unfall 3785 (2024) Kat:3, Licht: 0,3785,3,4,0,07,15,2,,0,0,1,1,0
"POINT (9.662931109000056 52.388649010000051)",Unfall 3786 (2024) Kat:3, Licht: 0,3786,3,2,5,07,12,2,,0,1,0,0,0
"POINT (9.753690586000062 52.390436257000033)",Unfall 3787 (2024) Kat:3, Licht: 0,3787,3,6,2,07,14,2,,0,0,1,0,0
"POINT (9.361266746000069 52.451791686000035)",Unfall 3788 (2024) Kat:3, Licht: 0,3788,3,7,0,07,19,2,,0,1,0,0,0
"POINT (9.778428564000023 52.264456302000042)",Unfall 3789 (2024) Kat:3, Licht: 0,3789,3,6,3,07,18,2,,0,1,0,0,0
"POINT (9.753484986000046 52.441531680000026)",Unfall 3790 (2024) Kat:3, Licht: 0,3790,3,3,5,07,07,2,,0,1,0,0,0
"POINT (9.739434417000041 52.376778443000035)",Unfall 3791 (2024) Kat:3, Licht: 0,3791,3,7,0,07,18,4,,0,1,0,0,0
"POINT (9.581519206000053 52.276480414000048)",Unfall 3792 (2024) Kat:3, Licht: 0,3792,3,3,5,08,18,6,,0,1,1,0,0
"POINT (9.705292958000030 52.326979034000033)",Unfall 3793 (2024) Kat:3, Licht: 0,3793,3,3,5,07,19,1,,0,1,0,0,0
"POINT (9.740474417000030 52.374148299000069)",Unfall 3794 (2024) Kat:3, Licht: 0,3794,3,3,5,07,17,1,,0,1,1,0,0
"POINT (9.855346743000041 52.392355899000052)",Unfall 3795 (2024) Kat:3, Licht: 0,3795,3,7,0,07,18,1,,0,1,0,0,0
"POINT (9.747387101000072 52.391760567000063)",Unfall 3796 (2024) Kat:3, Licht: 0,3796,3,2,5,07,20,1,,0,1,1,0,0
"POINT (9.687662887000045 52.334515543000066)",Unfall 3797 (2024) Kat:3, Licht: 0,3797,3,5,1,07,12,7,,0,0,1,0,0
"POINT (9.709490483000025 52.387574764000078)",Unfall 3798 (2024) Kat:3, Licht: 2,3798,3,4,6,07,22,7,,2,0,1,1,0
"POINT (9.681756352000036 52.377585984000063)",Unfall 3799 (2024) Kat:3, Licht: 0,3799,3,6,0,07,17,7,,0,1,1,0,0
"POINT (9.610105572000066 52.410285653000074)",Unfall 3800 (2024) Kat:3, Licht: 2,3800,3,7,0,07,03,7,,2,1,0,0,0
"POINT (9.969185741000047 52.381798816000071)",Unfall 3801 (2024) Kat:3, Licht: 2,3801,3,1,0,07,21,7,,2,1,0,0,0
"POINT (9.971990979000054 52.385503575000030)",Unfall 3802 (2024) Kat:3, Licht: 2,3802,3,5,1,07,21,7,,2,1,1,0,0
"POINT (10.053905405000023 52.483531710000079)",Unfall 3803 (2024) Kat:3, Licht: 0,3803,3,6,2,07,19,7,,0,0,1,0,0
"POINT (9.742362159000038 52.390222455000071)",Unfall 3804 (2024) Kat:2, Licht: 0,3804,2,1,0,07,20,7,,0,0,0,0,1
"POINT (9.750931864000052 52.387849001000063)",Unfall 3805 (2024) Kat:3, Licht: 0,3805,3,7,0,07,15,7,,0,0,0,0,0
"POINT (9.708146154000076 52.367283947000033)",Unfall 3806 (2024) Kat:3, Licht: 0,3806,3,4,6,08,13,6,,0,0,0,1,0
"POINT (9.752992795000068 52.370000005000065)",Unfall 3807 (2024) Kat:3, Licht: 0,3807,3,2,5,07,18,6,,0,1,1,0,0
"POINT (9.731515130000048 52.364851786000031)",Unfall 3808 (2024) Kat:3, Licht: 0,3808,3,7,0,07,10,6,,0,1,0,0,0
"POINT (9.750090781000040 52.432092463000060)",Unfall 3809 (2024) Kat:3, Licht: 0,3809,3,6,4,07,13,6,,0,0,1,0,1
"POINT (9.739792430000023 52.484005442000068)",Unfall 3810 (2024) Kat:3, Licht: 0,3810,3,5,1,08,14,5,,0,0,1,0,0
"POINT (9.736145057000044 52.378875209000057)",Unfall 3811 (2024) Kat:3, Licht: 0,3811,3,2,6,07,12,5,,0,0,1,1,0
"POINT (9.766849395000065 52.372639790000051)",Unfall 3812 (2024) Kat:2, Licht: 0,3812,2,7,5,07,21,5,,0,1,0,1,0
"POINT (9.377067231000069 52.461578036000049)",Unfall 3813 (2024) Kat:3, Licht: 0,3813,3,5,1,07,11,5,,0,1,1,0,0
"POINT (9.462057407000032 52.503631969000082)",Unfall 3814 (2024) Kat:3, Licht: 0,3814,3,1,0,07,17,5,,0,1,0,0,0
"POINT (9.609536128000059 52.409165492000056)",Unfall 3815 (2024) Kat:3, Licht: 0,3815,3,7,1,07,11,5,,0,1,1,0,0
"POINT (9.703709096000068 52.438731459000053)",Unfall 3816 (2024) Kat:3, Licht: 0,3816,3,5,1,07,12,5,,0,1,1,0,0
"POINT (9.813741439000069 52.454522572000030)",Unfall 3817 (2024) Kat:3, Licht: 0,3817,3,7,0,07,16,5,,0,1,0,0,0
"POINT (9.762937806000025 52.419765983000048)",Unfall 3818 (2024) Kat:3, Licht: 0,3818,3,3,5,07,13,4,,0,1,1,0,0
"POINT (9.817971965000027 52.287090289000048)",Unfall 3819 (2024) Kat:3, Licht: 0,3819,3,6,4,07,19,4,,0,1,1,0,0
"POINT (9.754236555000034 52.408337986000049)",Unfall 3820 (2024) Kat:3, Licht: 0,3820,3,7,0,07,18,4,,0,1,0,0,0
"POINT (9.743722947000037 52.367113043000074)",Unfall 3821 (2024) Kat:3, Licht: 1,3821,3,6,2,09,19,6,,1,0,1,0,0
"POINT (9.759380757000031 52.361458269000082)",Unfall 3822 (2024) Kat:3, Licht: 0,3822,3,7,0,09,10,6,,0,1,0,0,0
"POINT (9.602698111000052 52.570955026000036)",Unfall 3823 (2024) Kat:3, Licht: 2,3823,3,7,9,09,20,6,,2,0,0,0,0
"POINT (9.631849869000064 52.411325173000080)",Unfall 3824 (2024) Kat:3, Licht: 2,3824,3,6,2,09,05,5,,2,0,1,0,0
"POINT (9.720349921000036 52.390546235000045)",Unfall 3825 (2024) Kat:3, Licht: 2,3825,3,5,1,09,19,5,,2,1,1,0,0
"POINT (9.869217259000038 52.367817215000059)",Unfall 3826 (2024) Kat:3, Licht: 0,3826,3,6,4,09,15,5,,0,0,1,0,0
"POINT (9.801125949000038 52.411504421000075)",Unfall 3827 (2024) Kat:3, Licht: 0,3827,3,7,0,09,14,5,,0,1,0,0,0
"POINT (9.785834359000035 52.398103034000030)",Unfall 3828 (2024) Kat:3, Licht: 1,3828,3,3,5,09,07,5,,1,1,1,0,0
"POINT (9.791562247000059 52.403337538000073)",Unfall 3829 (2024) Kat:3, Licht: 0,3829,3,6,3,09,14,5,,0,0,1,0,0
"POINT (9.756182373000058 52.390540931000032)",Unfall 3830 (2024) Kat:3, Licht: 0,3830,3,3,5,09,12,5,,0,0,1,0,0
"POINT (9.750992638000071 52.387718523000046)",Unfall 3831 (2024) Kat:3, Licht: 0,3831,3,7,0,09,11,5,,0,0,0,0,0
"POINT (9.424783753000042 52.424586844000032)",Unfall 3832 (2024) Kat:2, Licht: 0,3832,2,7,0,09,08,5,,0,1,0,0,0
"POINT (9.524306039000066 52.467840160000037)",Unfall 3833 (2024) Kat:3, Licht: 0,3833,3,7,0,09,17,5,,0,1,0,0,0
"POINT (10.016625764000025 52.442476045000035)",Unfall 3834 (2024) Kat:3, Licht: 0,3834,3,6,3,09,16,5,,0,0,0,1,1
"POINT (9.738779018000059 52.420982445000050)",Unfall 3835 (2024) Kat:3, Licht: 0,3835,3,1,4,09,07,5,,0,0,1,0,0
"POINT (9.733604895000042 52.393337894000069)",Unfall 3836 (2024) Kat:3, Licht: 0,3836,3,3,5,09,10,4,,0,0,1,0,0
"POINT (9.739237233000040 52.370586319000040)",Unfall 3837 (2024) Kat:3, Licht: 0,3837,3,2,5,09,08,4,,0,1,1,0,0
"POINT (9.771671865000030 52.375383426000042)",Unfall 3838 (2024) Kat:3, Licht: 0,3838,3,6,2,09,17,4,,0,0,1,0,0
"POINT (9.737268794000045 52.305347539000081)",Unfall 3839 (2024) Kat:3, Licht: 0,3839,3,3,5,09,11,4,,0,1,1,0,0
"POINT (9.740314488000024 52.440515009000080)",Unfall 3840 (2024) Kat:3, Licht: 0,3840,3,3,5,09,15,4,,0,1,1,0,0
"POINT (9.610194043000035 52.416283040000053)",Unfall 3841 (2024) Kat:2, Licht: 2,3841,2,4,6,09,21,4,,2,0,1,1,0
"POINT (9.728933535000067 52.347631943000067)",Unfall 3842 (2024) Kat:3, Licht: 0,3842,3,3,5,09,08,3,,0,1,1,0,0
"POINT (9.729790375000050 52.398316077000061)",Unfall 3843 (2024) Kat:3, Licht: 0,3843,3,3,5,09,11,3,,0,1,0,0,1
"POINT (9.699986317000025 52.367041655000037)",Unfall 3844 (2024) Kat:3, Licht: 1,3844,3,1,0,09,19,3,,1,1,0,0,0
"POINT (9.740107159000047 52.399637679000080)",Unfall 3845 (2024) Kat:3, Licht: 0,3845,3,7,0,09,16,3,,0,0,0,0,1
"POINT (9.733360282000035 52.392296562000070)",Unfall 3846 (2024) Kat:3, Licht: 0,3846,3,3,5,09,14,3,,0,0,0,0,0
"POINT (9.747684156000048 52.358235778000051)",Unfall 3847 (2024) Kat:3, Licht: 0,3847,3,5,5,09,13,2,,0,0,1,0,0
"POINT (9.701689074000058 52.332030833000033)",Unfall 3848 (2024) Kat:3, Licht: 0,3848,3,7,0,09,13,2,,0,0,0,0,0
"POINT (9.741798984000070 52.398558945000048)",Unfall 3849 (2024) Kat:3, Licht: 0,3849,3,6,4,09,18,2,,0,0,1,0,0
"POINT (9.766685521000056 52.394978414000036)",Unfall 3850 (2024) Kat:3, Licht: 0,3850,3,3,5,09,08,2,,0,0,1,0,0
"POINT (9.560437182000044 52.212434730000041)",Unfall 3851 (2024) Kat:3, Licht: 0,3851,3,7,1,09,15,2,,0,0,1,0,0
"POINT (9.856160820000071 52.488549361000082)",Unfall 3852 (2024) Kat:3, Licht: 0,3852,3,1,0,09,07,2,,0,1,0,0,0
"POINT (10.020072093000067 52.454606346000048)",Unfall 3853 (2024) Kat:3, Licht: 0,3853,3,2,5,09,08,2,,0,1,1,0,0
"POINT (9.740995624000050 52.398852148000060)",Unfall 3854 (2024) Kat:3, Licht: 0,3854,3,3,5,09,08,2,,0,1,1,0,0
"POINT (9.823150617000067 52.303007281000077)",Unfall 3855 (2024) Kat:3, Licht: 0,3855,3,1,1,09,09,1,,0,0,1,0,0
"POINT (9.773268629000029 52.350962479000032)",Unfall 3856 (2024) Kat:3, Licht: 0,3856,3,6,4,09,08,1,,0,1,0,0,0
"POINT (9.769560910000052 52.397081803000049)",Unfall 3857 (2024) Kat:3, Licht: 2,3857,3,6,3,09,01,1,,2,1,1,0,0
"POINT (9.462062115000037 52.504039771000066)",Unfall 3858 (2024) Kat:3, Licht: 0,3858,3,6,2,09,15,1,,0,0,1,0,0
"POINT (9.714252989000045 52.371622504000072)",Unfall 3859 (2024) Kat:3, Licht: 0,3859,3,3,5,09,17,1,,0,1,1,0,0
"POINT (9.764047903000062 52.364921075000041)",Unfall 3860 (2024) Kat:3, Licht: 1,3860,3,4,6,09,19,7,,1,0,1,1,0
"POINT (9.735595097000044 52.399331175000043)",Unfall 3861 (2024) Kat:3, Licht: 0,3861,3,6,2,09,15,7,,0,0,1,0,0
"POINT (9.762365702000068 52.341087877000064)",Unfall 3862 (2024) Kat:3, Licht: 0,3862,3,3,5,09,14,7,,0,1,1,0,0
"POINT (9.607165744000042 52.434396273000061)",Unfall 3863 (2024) Kat:3, Licht: 0,3863,3,6,2,09,09,7,,0,1,1,0,0
"POINT (9.714329158000055 52.393026938000048)",Unfall 3864 (2024) Kat:3, Licht: 0,3864,3,7,6,09,13,6,,0,0,1,1,0
"POINT (9.737796102000061 52.381865421000043)",Unfall 3865 (2024) Kat:3, Licht: 1,3865,3,6,2,09,18,6,,1,0,1,0,0
"POINT (9.798292330000038 52.334475678000047)",Unfall 3866 (2024) Kat:3, Licht: 2,3866,3,7,0,09,23,6,,2,1,0,0,0
"POINT (9.750675339000054 52.388366622000035)",Unfall 3867 (2024) Kat:3, Licht: 0,3867,3,5,1,09,11,6,,0,0,1,0,0
"POINT (9.444652128000030 52.423974396000062)",Unfall 3868 (2024) Kat:3, Licht: 0,3868,3,6,3,09,15,6,,0,0,1,1,0
"POINT (9.474214096000026 52.306276489000027)",Unfall 3869 (2024) Kat:3, Licht: 0,3869,3,3,5,09,08,6,,0,0,1,0,0
"POINT (9.720565503000046 52.432576784000048)",Unfall 3870 (2024) Kat:3, Licht: 2,3870,3,2,5,09,22,6,,2,0,1,0,0
"POINT (9.692848202000050 52.586435677000054)",Unfall 3871 (2024) Kat:2, Licht: 0,3871,2,3,5,09,16,6,,0,1,0,0,0
"POINT (9.748191204000022 52.391063389000067)",Unfall 3872 (2024) Kat:3, Licht: 0,3872,3,4,6,09,13,6,,0,0,0,1,0
"POINT (9.798080647000063 52.392266171000074)",Unfall 3873 (2024) Kat:3, Licht: 0,3873,3,2,5,09,07,6,,0,1,1,0,0
"POINT (9.754976710000051 52.355526045000033)",Unfall 3874 (2024) Kat:3, Licht: 0,3874,3,7,2,09,15,5,,0,0,1,0,1
"POINT (9.690836979000039 52.376905704000080)",Unfall 3875 (2024) Kat:3, Licht: 0,3875,3,2,3,09,17,5,,0,0,1,0,0
"POINT (9.766221317000031 52.381927817000076)",Unfall 3876 (2024) Kat:3, Licht: 0,3876,3,2,2,09,18,5,,0,0,1,0,0
"POINT (10.016590233000045 52.444275951000066)",Unfall 3877 (2024) Kat:3, Licht: 0,3877,3,2,5,09,14,5,,0,0,1,0,0
"POINT (9.767885996000075 52.265053434000038)",Unfall 3878 (2024) Kat:2, Licht: 0,3878,2,3,5,09,16,5,,0,0,1,0,1
"POINT (9.787165880000032 52.316454144000033)",Unfall 3879 (2024) Kat:3, Licht: 2,3879,3,5,1,09,21,4,,2,1,0,0,0
"POINT (9.595707462000064 52.430536465000046)",Unfall 3880 (2024) Kat:3, Licht: 0,3880,3,2,5,09,13,4,,0,1,0,0,0
"POINT (9.751300304000040 52.439932331000080)",Unfall 3881 (2024) Kat:3, Licht: 0,3881,3,2,5,09,16,4,,0,1,1,0,0
"POINT (9.729857485000025 52.440825029000052)",Unfall 3882 (2024) Kat:3, Licht: 0,3882,3,1,1,09,13,4,,0,1,1,0,0
"POINT (9.739391444000034 52.394396737000079)",Unfall 3883 (2024) Kat:3, Licht: 2,3883,3,4,6,09,21,4,,2,0,1,1,0
"POINT (9.769100480000077 52.358425298000043)",Unfall 3884 (2024) Kat:3, Licht: 0,3884,3,6,2,09,07,4,,0,0,1,0,0
"POINT (9.743606400000033 52.377064117000032)",Unfall 3885 (2024) Kat:3, Licht: 0,3885,3,4,6,09,09,3,,0,0,0,1,0
"POINT (9.742887499000062 52.450794301000030)",Unfall 3886 (2024) Kat:3, Licht: 0,3886,3,2,5,09,17,3,,0,1,1,0,0
"POINT (9.738332635000063 52.382132433000038)",Unfall 3887 (2024) Kat:3, Licht: 2,3887,3,6,2,09,22,3,,2,0,1,0,0
"POINT (9.690295146000039 52.346834589000082)",Unfall 3888 (2024) Kat:3, Licht: 0,3888,3,6,2,09,08,2,,0,0,1,0,0
"POINT (9.716994122000074 52.389798115000076)",Unfall 3889 (2024) Kat:3, Licht: 0,3889,3,7,5,09,16,2,,0,1,0,0,0
"POINT (9.750908264000032 52.375523423000061)",Unfall 3890 (2024) Kat:3, Licht: 0,3890,3,2,4,09,11,2,,0,1,1,0,0
"POINT (10.009069751000027 52.445146377000071)",Unfall 3891 (2024) Kat:3, Licht: 0,3891,3,7,0,09,10,2,,0,1,0,0,0
"POINT (9.730776324000033 52.391185571000051)",Unfall 3892 (2024) Kat:3, Licht: 0,3892,3,2,4,09,15,1,,0,1,1,0,0
"POINT (9.787211119000062 52.413088203000029)",Unfall 3893 (2024) Kat:3, Licht: 0,3893,3,3,5,09,16,1,,0,1,1,0,0
"POINT (9.733426222000048 52.442742966000026)",Unfall 3894 (2024) Kat:3, Licht: 0,3894,3,3,5,09,14,1,,0,1,1,0,0
"POINT (9.660032972000067 52.406615972000054)",Unfall 3895 (2024) Kat:3, Licht: 1,3895,3,3,5,09,18,1,,1,0,1,0,0
"POINT (9.762442695000061 52.360381111000038)",Unfall 3896 (2024) Kat:3, Licht: 0,3896,3,7,0,09,11,7,,0,1,0,0,0
"POINT (9.663160177000066 52.409822981000048)",Unfall 3897 (2024) Kat:3, Licht: 1,3897,3,7,6,09,18,7,,1,0,1,1,0
"POINT (9.726812225000060 52.373667750000038)",Unfall 3898 (2024) Kat:3, Licht: 0,3898,3,6,2,09,18,7,,0,0,1,0,0
"POINT (9.698972415000071 52.439152962000037)",Unfall 3899 (2024) Kat:3, Licht: 0,3899,3,7,0,09,14,7,,0,1,0,0,0
"POINT (9.754114754000057 52.445286203000080)",Unfall 3900 (2024) Kat:3, Licht: 0,3900,3,6,3,09,13,7,,0,1,0,0,0
"POINT (9.692547219000062 52.396622964000073)",Unfall 3901 (2024) Kat:3, Licht: 0,3901,3,3,0,09,15,7,,0,0,1,0,1
"POINT (9.715844253000057 52.362910156000055)",Unfall 3902 (2024) Kat:3, Licht: 0,3902,3,3,5,09,15,5,,0,1,1,0,0
"POINT (9.714278525000054 52.408712399000080)",Unfall 3903 (2024) Kat:3, Licht: 0,3903,3,1,0,09,18,6,,0,0,0,0,1
"POINT (9.567431108000051 52.215440290000060)",Unfall 3904 (2024) Kat:3, Licht: 0,3904,3,1,8,09,14,6,,0,0,1,0,0
"POINT (9.447790797000039 52.513574204000065)",Unfall 3905 (2024) Kat:3, Licht: 0,3905,3,3,5,09,18,6,,0,0,1,0,0
"POINT (9.716955446000043 52.337269790000050)",Unfall 3906 (2024) Kat:3, Licht: 0,3906,3,2,5,09,16,4,,0,0,1,0,0
"POINT (9.594576186000040 52.421004983000046)",Unfall 3907 (2024) Kat:3, Licht: 0,3907,3,2,5,09,14,6,,0,0,1,0,0
"POINT (9.964149551000048 52.368292717000031)",Unfall 3908 (2024) Kat:3, Licht: 0,3908,3,3,5,09,08,6,,0,1,1,0,0
"POINT (9.759689389000073 52.452936092000073)",Unfall 3909 (2024) Kat:3, Licht: 0,3909,3,2,4,09,08,6,,0,0,1,0,1
"POINT (9.692693069000029 52.396664756000064)",Unfall 3910 (2024) Kat:3, Licht: 2,3910,3,2,5,09,22,6,,2,1,1,0,0
"POINT (9.803751081000030 52.303082317000076)",Unfall 3911 (2024) Kat:3, Licht: 2,3911,3,4,6,09,19,6,,2,0,0,1,0
"POINT (9.735460824000029 52.372208107000063)",Unfall 3912 (2024) Kat:3, Licht: 2,3912,3,3,5,09,02,6,,2,0,1,0,0
"POINT (9.724970228000075 52.358550802000082)",Unfall 3913 (2024) Kat:3, Licht: 0,3913,3,7,0,09,16,5,,0,1,0,0,0
"POINT (9.732002439000041 52.375868760000060)",Unfall 3914 (2024) Kat:3, Licht: 0,3914,3,6,0,09,12,5,,0,1,0,1,0
"POINT (9.709857566000039 52.367257442000039)",Unfall 3915 (2024) Kat:3, Licht: 0,3915,3,7,0,09,08,5,,0,1,0,0,0
"POINT (9.606358231000058 52.307956794000063)",Unfall 3916 (2024) Kat:3, Licht: 0,3916,3,7,0,09,10,5,,0,1,0,0,0
"POINT (9.766384913000024 52.359131432000027)",Unfall 3917 (2024) Kat:2, Licht: 0,3917,2,4,6,09,17,5,,0,0,1,1,0
"POINT (9.781489155000031 52.400325583000040)",Unfall 3918 (2024) Kat:2, Licht: 0,3918,2,4,6,09,13,5,,0,0,1,1,0
"POINT (9.725411283000028 52.382988341000043)",Unfall 3919 (2024) Kat:3, Licht: 0,3919,3,5,0,09,16,3,,0,1,1,0,0
"POINT (9.849882238000021 52.395702241000038)",Unfall 3920 (2024) Kat:3, Licht: 0,3920,3,5,3,09,17,4,,0,1,1,0,0
"POINT (9.549465749000035 52.214158505000057)",Unfall 3921 (2024) Kat:3, Licht: 0,3921,3,3,5,09,12,4,,0,1,1,0,0
"POINT (9.762921011000060 52.269587609000041)",Unfall 3922 (2024) Kat:3, Licht: 0,3922,3,2,5,09,15,5,,0,1,1,0,0
"POINT (9.763271445000044 52.402122373000054)",Unfall 3923 (2024) Kat:3, Licht: 2,3923,3,1,5,09,05,4,,2,0,1,0,0
"POINT (9.729422404000047 52.343324262000067)",Unfall 3924 (2024) Kat:3, Licht: 0,3924,3,3,5,09,17,3,,0,1,0,0,0
"POINT (9.431276106000041 52.414812911000070)",Unfall 3925 (2024) Kat:3, Licht: 0,3925,3,3,5,09,13,3,,0,1,1,0,0
"POINT (9.551018386000067 52.217199265000033)",Unfall 3926 (2024) Kat:3, Licht: 0,3926,3,3,5,09,16,3,,0,0,1,0,1
"POINT (9.597677259000022 52.420788076000065)",Unfall 3927 (2024) Kat:3, Licht: 0,3927,3,6,2,09,17,3,,0,0,1,0,1
"POINT (9.765915562000032 52.382490455000038)",Unfall 3928 (2024) Kat:2, Licht: 0,3928,2,4,6,09,16,3,,0,0,1,1,0
"POINT (9.860388882000052 52.368308990000060)",Unfall 3929 (2024) Kat:3, Licht: 0,3929,3,6,4,09,17,1,,0,1,1,0,0
"POINT (9.754657777000034 52.360730313000033)",Unfall 3930 (2024) Kat:3, Licht: 0,3930,3,7,0,09,17,2,,0,1,0,1,0
"POINT (9.714131815000030 52.337102901000037)",Unfall 3931 (2024) Kat:3, Licht: 0,3931,3,6,6,09,15,2,,0,0,1,1,0
"POINT (9.734972251000045 52.380358785000055)",Unfall 3932 (2024) Kat:3, Licht: 2,3932,3,1,9,09,01,2,,2,0,1,0,0
"POINT (9.825411519000056 52.364087201000075)",Unfall 3933 (2024) Kat:3, Licht: 0,3933,3,3,5,09,16,2,,0,1,1,0,0
"POINT (9.703788481000061 52.328876812000033)",Unfall 3934 (2024) Kat:3, Licht: 1,3934,3,3,5,09,18,4,,1,1,1,0,0
"POINT (9.751127061000034 52.387429914000052)",Unfall 3935 (2024) Kat:3, Licht: 0,3935,3,4,6,09,16,2,,0,1,0,1,0
"POINT (9.747128263000036 52.392696075000060)",Unfall 3936 (2024) Kat:3, Licht: 0,3936,3,6,6,09,11,2,,0,0,1,1,0
"POINT (9.974142204000032 52.443981402000077)",Unfall 3937 (2024) Kat:3, Licht: 0,3937,3,7,0,09,18,2,,0,1,0,0,0
"POINT (9.733848620000060 52.403458893000050)",Unfall 3938 (2024) Kat:3, Licht: 0,3938,3,7,0,09,14,5,,0,1,0,0,0
"POINT (9.807448349000026 52.309528951000061)",Unfall 3939 (2024) Kat:3, Licht: 1,3939,3,2,2,09,19,1,,1,0,1,0,0
"POINT (9.757368904000032 52.370737965000046)",Unfall 3940 (2024) Kat:3, Licht: 0,3940,3,3,0,09,14,1,,0,1,1,0,0
"POINT (9.692646011000022 52.398560472000042)",Unfall 3941 (2024) Kat:3, Licht: 1,3941,3,1,0,09,19,1,,1,1,0,0,0
"POINT (9.669885229000045 52.370411308000030)",Unfall 3942 (2024) Kat:3, Licht: 2,3942,3,3,5,09,21,1,,2,1,1,0,0
"POINT (9.799629297000024 52.347810121000066)",Unfall 3943 (2024) Kat:3, Licht: 0,3943,3,7,0,09,08,1,,0,1,0,0,0
"POINT (9.738150144000031 52.381794276000051)",Unfall 3944 (2024) Kat:3, Licht: 0,3944,3,2,5,09,18,1,,0,0,1,0,0
"POINT (9.759218228000066 52.257698752000067)",Unfall 3945 (2024) Kat:3, Licht: 0,3945,3,1,0,09,08,1,,0,1,0,0,0
"POINT (9.715186850000066 52.448835525000050)",Unfall 3946 (2024) Kat:3, Licht: 0,3946,3,7,0,09,10,1,,0,1,0,0,0
"POINT (9.694376698000042 52.404042053000069)",Unfall 3947 (2024) Kat:2, Licht: 1,3947,2,1,0,09,20,1,,1,1,0,0,0
"POINT (9.763630181000053 52.399557081000069)",Unfall 3948 (2024) Kat:3, Licht: 2,3948,3,3,5,09,19,1,,2,1,1,0,0
"POINT (9.762362348000067 52.396867909000036)",Unfall 3949 (2024) Kat:3, Licht: 0,3949,3,3,5,09,16,1,,0,1,1,0,0
"POINT (9.731563604000030 52.375282582000068)",Unfall 3950 (2024) Kat:3, Licht: 2,3950,3,4,6,09,00,1,,2,0,1,1,0
"POINT (9.687947550000047 52.341632340000046)",Unfall 3951 (2024) Kat:3, Licht: 0,3951,3,3,5,09,19,7,,0,0,1,0,1
"POINT (9.332985892000067 52.534800268000026)",Unfall 3952 (2024) Kat:3, Licht: 0,3952,3,3,5,09,12,7,,0,1,0,0,1