WKT,Name,OBJECTID,UKATEGORIE,UTYP1,UART,UMONAT,USTUNDE,UWOCHENTAG,STRZUSTAND,ULICHTVERH,ISTRAD,ISTPKW,ISTFUSS,ISTKRAD
"POINT (9.754920771000059 52.367416675000072)",Unfall 4328 (2024) Kat:3, Licht: 0,4328,3,3,5,11,10,4,,0,0,1,0,0
"POINT (9.791904299000066 52.402737622000075)",Unfall 4329 (2024) Kat:3, Licht: 2,4329,3,2,5,11,16,4,,2,1,1,0,0
"POINT (9.747385753000060 52.387605114000053)",Unfall 4330 (2024) Kat:3, Licht: 2,4330,3,3,5,11,16,4,,2,1,1,0,0
"POINT (9.816538842000057 52.410556956000050)",Unfall 4331 (2024) Kat:3, Licht: 0,4331,3,4,6,11,13,4,,0,0,1,1,0
"POINT (9.804750477000027 52.392276726000034)",Unfall 4332 (2024) Kat:3, Licht: 1,4332,3,3,5,11,08,4,,1,1,1,0,0
"POINT (9.763044908000040 52.405978333000064)",Unfall 4333 (2024) Kat:3, Licht: 1,4333,3,7,0,11,06,3,,1,1,0,0,0
"POINT (9.800105186000053 52.406056997000064)",Unfall 4334 (2024) Kat:3, Licht: 2,4334,3,4,6,11,19,3,,2,0,1,1,0
"POINT (9.451410069000076 52.422821569000064)",Unfall 4335 (2024) Kat:3, Licht: 2,4335,3,4,6,11,07,3,,2,0,1,1,0
"POINT (9.654212245000053 52.171144248000076)",Unfall 4336 (2024) Kat:3, Licht: 2,4336,3,5,1,11,16,3,,2,0,1,0,1
"POINT (9.458746507000058 52.502776783000058)",Unfall 4337 (2024) Kat:3, Licht: 0,4337,3,3,5,11,13,3,,0,1,1,0,0
"POINT (9.618061394000051 52.428532147000055)",Unfall 4338 (2024) Kat:3, Licht: 2,4338,3,6,2,11,18,3,,2,0,1,0,0
"POINT (9.723370600000067 52.327285579000034)",Unfall 4339 (2024) Kat:2, Licht: 0,4339,2,7,6,11,12,3,,0,0,0,1,0
"POINT (9.734615748000067 52.380179120000037)",Unfall 4340 (2024) Kat:3, Licht: 2,4340,3,2,6,11,19,2,,2,0,1,1,0
"POINT (9.431482554000070 52.422428992000050)",Unfall 4341 (2024) Kat:3, Licht: 1,4341,3,7,1,11,07,2,,1,0,1,0,0
"POINT (9.448272359000043 52.420693587000073)",Unfall 4342 (2024) Kat:3, Licht: 1,4342,3,3,5,11,08,2,,1,1,1,0,0
"POINT (9.429617795000070 52.420842068000070)",Unfall 4343 (2024) Kat:3, Licht: 1,4343,3,3,5,11,07,2,,1,1,1,0,0
"POINT (9.555415123000046 52.207918672000062)",Unfall 4344 (2024) Kat:3, Licht: 0,4344,3,3,5,11,07,2,,0,1,0,0,0
"POINT (9.652501401000052 52.314443622000056)",Unfall 4345 (2024) Kat:3, Licht: 0,4345,3,4,6,11,14,2,,0,1,0,1,0
"POINT (9.611058900000046 52.420089191000045)",Unfall 4346 (2024) Kat:3, Licht: 2,4346,3,3,5,11,20,2,,2,0,1,0,0
"POINT (9.853039602000024 52.489453247000029)",Unfall 4347 (2024) Kat:3, Licht: 0,4347,3,1,1,11,13,2,,0,0,1,0,1
"POINT (9.861964769000053 52.480763971000044)",Unfall 4348 (2024) Kat:3, Licht: 0,4348,3,1,8,11,11,2,,0,0,1,0,0
"POINT (9.725325831000021 52.383530692000079)",Unfall 4349 (2024) Kat:3, Licht: 2,4349,3,7,0,11,17,1,,2,0,0,0,0
"POINT (9.801916065000057 52.432009679000032)",Unfall 4350 (2024) Kat:2, Licht: 2,4350,2,3,5,11,17,1,,2,1,1,0,0
"POINT (9.703487641000038 52.382380543000068)",Unfall 4351 (2024) Kat:3, Licht: 2,4351,3,1,3,11,00,1,,2,1,0,0,0
"POINT (9.980172430000039 52.370717628000079)",Unfall 4352 (2024) Kat:3, Licht: 0,4352,3,7,0,11,09,7,,0,1,0,0,0
"POINT (9.907690947000049 52.369756589000076)",Unfall 4353 (2024) Kat:3, Licht: 0,4353,3,3,5,11,07,7,,0,1,1,0,0
"POINT (9.805995693000057 52.306740897000054)",Unfall 4354 (2024) Kat:2, Licht: 0,4354,2,1,0,11,08,7,,0,1,0,0,0
"POINT (9.703261390000023 52.368390688000034)",Unfall 4355 (2024) Kat:3, Licht: 0,4355,3,1,0,11,08,7,,0,1,0,0,0
"POINT (9.747291080000025 52.365219292000063)",Unfall 4356 (2024) Kat:3, Licht: 0,4356,3,5,3,11,13,6,,0,1,1,0,0
"POINT (9.674084287000028 52.397597920000067)",Unfall 4357 (2024) Kat:3, Licht: 1,4357,3,4,6,11,07,6,,1,0,1,1,0
"POINT (9.711137481000037 52.360502160000067)",Unfall 4358 (2024) Kat:3, Licht: 0,4358,3,6,3,11,13,6,,0,0,1,0,0
"POINT (9.763459242000067 52.400681289000033)",Unfall 4359 (2024) Kat:3, Licht: 2,4359,3,3,5,11,17,6,,2,1,0,0,1
"POINT (9.610155468000073 52.416250832000060)",Unfall 4360 (2024) Kat:3, Licht: 2,4360,3,2,5,11,16,6,,2,0,1,0,0
"POINT (9.812295170000027 52.387068524000028)",Unfall 4361 (2024) Kat:3, Licht: 0,4361,3,3,5,11,12,5,,0,0,1,0,0
"POINT (9.616870573000028 52.417932579000080)",Unfall 4362 (2024) Kat:3, Licht: 0,4362,3,2,2,11,14,5,,0,0,1,0,0
"POINT (9.735794464000037 52.381204700000069)",Unfall 4363 (2024) Kat:3, Licht: 0,4363,3,3,5,11,08,5,,0,1,1,0,0
"POINT (9.741836536000051 52.369036843000060)",Unfall 4364 (2024) Kat:3, Licht: 0,4364,3,5,5,11,08,5,,0,1,1,0,0
"POINT (9.792492938000066 52.414564623000047)",Unfall 4365 (2024) Kat:3, Licht: 0,4365,3,7,0,11,14,5,,0,0,1,1,0
"POINT (9.749266016000036 52.376177297000027)",Unfall 4366 (2024) Kat:3, Licht: 0,4366,3,7,0,11,12,5,,0,0,0,0,0
"POINT (9.626964002000022 52.266256289000069)",Unfall 4367 (2024) Kat:3, Licht: 2,4367,3,1,0,11,19,6,,2,1,0,0,0
"POINT (9.767320580000046 52.357990084000051)",Unfall 4368 (2024) Kat:3, Licht: 0,4368,3,6,2,11,14,4,,0,0,1,0,0
"POINT (9.730109041000048 52.369045481000057)",Unfall 4369 (2024) Kat:3, Licht: 2,4369,3,3,5,11,05,4,,2,1,1,0,0
"POINT (9.711560935000023 52.370766417000027)",Unfall 4370 (2024) Kat:3, Licht: 2,4370,3,2,5,11,17,4,,2,1,1,0,0
"POINT (9.714036896000039 52.371195081000053)",Unfall 4371 (2024) Kat:3, Licht: 0,4371,3,6,4,11,14,4,,0,1,0,0,0
"POINT (9.805070256000022 52.409146420000070)",Unfall 4372 (2024) Kat:3, Licht: 0,4372,3,6,2,11,10,4,,0,0,1,0,0
"POINT (9.790242636000073 52.408531099000072)",Unfall 4373 (2024) Kat:3, Licht: 0,4373,3,1,0,11,10,4,,0,0,0,0,1
"POINT (9.806417963000058 52.417236173000049)",Unfall 4374 (2024) Kat:3, Licht: 1,4374,3,3,5,12,15,6,,1,1,1,0,0
"POINT (9.823383372000023 52.384332399000073)",Unfall 4375 (2024) Kat:3, Licht: 0,4375,3,2,6,11,07,3,,0,0,1,1,0
"POINT (9.757466024000053 52.374332314000071)",Unfall 4376 (2024) Kat:3, Licht: 0,4376,3,5,1,11,12,3,,0,0,1,0,0
"POINT (9.753666008000039 52.439750946000061)",Unfall 4377 (2024) Kat:3, Licht: 0,4377,3,3,5,11,14,3,,0,1,1,0,0
"POINT (9.754913304000070 52.367388277000032)",Unfall 4378 (2024) Kat:3, Licht: 2,4378,3,3,5,11,05,2,,2,0,1,0,0
"POINT (9.695560719000071 52.408846118000042)",Unfall 4379 (2024) Kat:3, Licht: 0,4379,3,1,0,11,14,2,,0,0,0,0,0
"POINT (9.737409715000069 52.380766357000027)",Unfall 4380 (2024) Kat:3, Licht: 1,4380,3,4,6,11,17,2,,1,1,0,1,0
"POINT (9.439648397000042 52.424051088000056)",Unfall 4381 (2024) Kat:3, Licht: 0,4381,3,3,0,11,12,2,,0,1,1,0,0
"POINT (10.111420037000073 52.346447118000071)",Unfall 4382 (2024) Kat:3, Licht: 2,4382,3,5,1,11,23,2,,2,0,0,0,1
"POINT (9.736101442000063 52.437065765000057)",Unfall 4383 (2024) Kat:3, Licht: 0,4383,3,3,5,11,13,2,,0,1,1,0,0
"POINT (10.007086113000071 52.446967006000079)",Unfall 4384 (2024) Kat:3, Licht: 0,4384,3,2,6,11,13,2,,0,0,1,1,0
"POINT (9.729878221000035 52.548975678000033)",Unfall 4385 (2024) Kat:2, Licht: 0,4385,2,3,5,11,13,2,,0,1,1,0,0
"POINT (9.731167837000044 52.373815084000057)",Unfall 4386 (2024) Kat:3, Licht: 2,4386,3,5,1,11,18,1,,2,1,1,0,0
"POINT (9.725462688000050 52.387583344000063)",Unfall 4387 (2024) Kat:3, Licht: 2,4387,3,7,0,11,20,7,,2,1,0,0,0
"POINT (9.717095501000074 52.338102096000057)",Unfall 4388 (2024) Kat:2, Licht: 0,4388,2,1,0,11,15,7,,0,1,0,0,0
"POINT (9.769469367000056 52.336224283000035)",Unfall 4389 (2024) Kat:3, Licht: 0,4389,3,7,0,11,13,7,,0,0,1,0,0
"POINT (9.717998064000028 52.362147063000066)",Unfall 4390 (2024) Kat:3, Licht: 1,4390,3,3,5,11,16,6,,1,1,1,0,0
"POINT (9.716426512000055 52.388607175000061)",Unfall 4391 (2024) Kat:3, Licht: 0,4391,3,3,5,11,14,6,,0,0,1,0,0
"POINT (9.702980100000048 52.374871789000053)",Unfall 4392 (2024) Kat:3, Licht: 1,4392,3,5,0,11,17,6,,1,1,1,0,0
"POINT (9.703355847000068 52.374772897000071)",Unfall 4393 (2024) Kat:3, Licht: 0,4393,3,5,1,11,12,6,,0,1,1,0,0
"POINT (9.563760474000048 52.211942673000067)",Unfall 4394 (2024) Kat:3, Licht: 2,4394,3,7,1,11,22,6,,2,1,1,0,0
"POINT (9.903644754000027 52.376231687000029)",Unfall 4395 (2024) Kat:2, Licht: 0,4395,2,5,3,11,08,6,,0,1,1,0,0
"POINT (10.089457389000074 52.476158743000042)",Unfall 4396 (2024) Kat:3, Licht: 0,4396,3,6,6,11,16,6,,0,0,1,1,0
"POINT (9.726066869000022 52.381754003000026)",Unfall 4397 (2024) Kat:3, Licht: 0,4397,3,3,5,11,15,6,,0,1,1,0,0
"POINT (9.795574862000024 52.321504948000040)",Unfall 4398 (2024) Kat:3, Licht: 0,4398,3,2,5,11,11,6,,0,1,1,0,0
"POINT (9.790523459000042 52.411021394000045)",Unfall 4399 (2024) Kat:3, Licht: 0,4399,3,7,4,11,07,6,,0,0,1,0,0
"POINT (9.665672119000021 52.421467246000077)",Unfall 4400 (2024) Kat:3, Licht: 0,4400,3,2,3,11,12,6,,0,0,1,0,0
"POINT (9.797561229000053 52.318381202000069)",Unfall 4401 (2024) Kat:3, Licht: 2,4401,3,6,2,11,18,5,,2,0,1,0,0
"POINT (9.805985198000030 52.413721787000043)",Unfall 4402 (2024) Kat:3, Licht: 0,4402,3,7,0,11,08,5,,0,0,0,0,0
"POINT (9.790889565000043 52.328366402000029)",Unfall 4403 (2024) Kat:3, Licht: 0,4403,3,6,2,11,15,5,,0,0,1,0,0
"POINT (9.751657779000027 52.385914740000032)",Unfall 4404 (2024) Kat:3, Licht: 2,4404,3,2,6,11,17,5,,2,0,1,1,0
"POINT (9.751782566000031 52.386152988000049)",Unfall 4405 (2024) Kat:3, Licht: 0,4405,3,5,1,11,12,5,,0,0,1,0,0
"POINT (9.931047814000067 52.339509408000026)",Unfall 4406 (2024) Kat:3, Licht: 1,4406,3,2,6,11,17,5,,1,0,1,1,0
"POINT (9.791905470000074 52.403208676000077)",Unfall 4407 (2024) Kat:3, Licht: 2,4407,3,6,2,11,19,5,,2,0,1,0,0
"POINT (9.750742682000066 52.394947146000050)",Unfall 4408 (2024) Kat:2, Licht: 0,4408,2,3,5,11,15,5,,0,1,1,0,0
"POINT (9.741177647000029 52.378063706000034)",Unfall 4409 (2024) Kat:3, Licht: 0,4409,3,1,0,11,10,5,,0,1,0,0,0
"POINT (9.698735777000024 52.328863426000055)",Unfall 4410 (2024) Kat:2, Licht: 1,4410,2,2,6,12,08,2,,1,0,1,1,0
"POINT (9.757165548000046 52.388823302000048)",Unfall 4411 (2024) Kat:3, Licht: 0,4411,3,3,5,11,12,4,,0,1,1,0,0
"POINT (9.732679769000072 52.379351522000036)",Unfall 4412 (2024) Kat:3, Licht: 0,4412,3,2,0,11,12,4,,0,1,1,0,0
"POINT (9.465832889000069 52.504211484000052)",Unfall 4413 (2024) Kat:3, Licht: 1,4413,3,6,4,11,07,4,,1,1,0,0,0
"POINT (9.608411333000049 52.449372884000070)",Unfall 4414 (2024) Kat:3, Licht: 0,4414,3,3,5,11,13,4,,0,0,1,0,0
"POINT (9.746926318000021 52.530460993000077)",Unfall 4415 (2024) Kat:3, Licht: 2,4415,3,3,5,11,21,4,,2,1,1,0,0
"POINT (9.973703447000048 52.375914345000069)",Unfall 4416 (2024) Kat:3, Licht: 2,4416,3,5,1,11,19,4,,2,1,1,0,0
"POINT (9.693004365000036 52.348980613000037)",Unfall 4417 (2024) Kat:3, Licht: 2,4417,3,2,2,11,22,4,,2,1,1,0,0
"POINT (9.731371161000027 52.398026988000026)",Unfall 4418 (2024) Kat:3, Licht: 2,4418,3,4,6,11,17,4,,2,0,1,1,0
"POINT (9.788530063000053 52.402059079000026)",Unfall 4419 (2024) Kat:3, Licht: 2,4419,3,2,6,11,17,4,,2,0,1,1,0
"POINT (9.744183321000037 52.373040280000055)",Unfall 4420 (2024) Kat:3, Licht: 0,4420,3,6,0,11,10,4,,0,1,0,0,0
"POINT (9.732949877000067 52.379343909000056)",Unfall 4421 (2024) Kat:3, Licht: 2,4421,3,6,2,11,17,3,,2,0,1,0,0
"POINT (9.711323826000068 52.370844461000047)",Unfall 4422 (2024) Kat:3, Licht: 0,4422,3,2,4,11,08,3,,0,0,1,0,0
"POINT (9.700045563000060 52.334159372000045)",Unfall 4423 (2024) Kat:3, Licht: 0,4423,3,2,5,11,15,2,,0,1,0,0,0
"POINT (9.752840993000063 52.370111610000038)",Unfall 4424 (2024) Kat:3, Licht: 0,4424,3,6,3,12,08,6,,0,0,1,0,0
"POINT (9.690429913000060 52.374247840000066)",Unfall 4425 (2024) Kat:3, Licht: 2,4425,3,3,5,11,16,2,,2,1,1,0,0
"POINT (9.781293560000051 52.326072434000082)",Unfall 4426 (2024) Kat:3, Licht: 2,4426,3,7,6,11,18,2,,2,0,1,1,0
"POINT (9.601128942000059 52.315171641000063)",Unfall 4427 (2024) Kat:3, Licht: 0,4427,3,5,1,11,12,2,,0,0,1,0,1
"POINT (9.456687189000036 52.504853783000044)",Unfall 4428 (2024) Kat:3, Licht: 0,4428,3,6,4,11,13,2,,0,1,0,0,0
"POINT (9.729720833000044 52.440837030000068)",Unfall 4429 (2024) Kat:3, Licht: 0,4429,3,5,0,11,16,2,,0,1,1,0,0
"POINT (10.210117745000048 52.464740121000034)",Unfall 4430 (2024) Kat:3, Licht: 0,4430,3,3,5,11,10,2,,0,0,1,0,0
"POINT (10.007467679000058 52.446559926000077)",Unfall 4431 (2024) Kat:2, Licht: 0,4431,2,4,6,11,12,2,,0,0,1,1,0
"POINT (9.810770737000041 52.309981985000036)",Unfall 4432 (2024) Kat:3, Licht: 2,4432,3,1,0,11,06,1,,2,0,0,0,0
"POINT (9.733525901000064 52.382093639000061)",Unfall 4433 (2024) Kat:3, Licht: 0,4433,3,1,1,11,12,1,,0,0,1,0,0
"POINT (9.706358110000053 52.371061168000040)",Unfall 4434 (2024) Kat:3, Licht: 2,4434,3,7,0,11,18,1,,2,1,0,0,0
"POINT (9.830376190000038 52.346183475000032)",Unfall 4435 (2024) Kat:3, Licht: 2,4435,3,1,0,11,20,7,,2,0,0,0,0
"POINT (10.003649906000021 52.377565564000065)",Unfall 4436 (2024) Kat:3, Licht: 0,4436,3,3,5,11,13,2,,0,0,1,0,0
"POINT (9.809554943000023 52.307358583000052)",Unfall 4437 (2024) Kat:3, Licht: 2,4437,3,7,0,11,19,6,,2,0,0,0,0
"POINT (9.791273788000069 52.374331814000072)",Unfall 4438 (2024) Kat:3, Licht: 0,4438,3,3,5,11,09,6,,0,0,1,0,0
"POINT (9.747136709000074 52.387363449000077)",Unfall 4439 (2024) Kat:3, Licht: 0,4439,3,5,3,11,13,6,,0,1,1,0,0
"POINT (9.735039066000070 52.442395805000046)",Unfall 4440 (2024) Kat:3, Licht: 0,4440,3,3,5,11,09,6,,0,0,1,0,0
"POINT (9.695780034000052 52.372375562000059)",Unfall 4441 (2024) Kat:3, Licht: 2,4441,3,2,6,11,17,6,,2,0,1,1,0
"POINT (9.869025822000026 52.368088789000069)",Unfall 4442 (2024) Kat:3, Licht: 0,4442,3,6,2,11,07,5,,0,0,1,0,0
"POINT (9.711899560000063 52.370210432000079)",Unfall 4443 (2024) Kat:3, Licht: 2,4443,3,1,0,11,16,5,,2,1,0,0,0
"POINT (9.761767797000061 52.334513925000067)",Unfall 4444 (2024) Kat:3, Licht: 2,4444,3,4,6,11,17,5,,2,1,0,1,0
"POINT (9.782417685000041 52.400369469000054)",Unfall 4445 (2024) Kat:3, Licht: 2,4445,3,4,6,11,19,5,,2,0,1,1,0
"POINT (9.764207717000033 52.417379175000065)",Unfall 4446 (2024) Kat:3, Licht: 0,4446,3,3,5,11,13,5,,0,0,1,0,0
"POINT (9.753910369000039 52.386240033000036)",Unfall 4447 (2024) Kat:3, Licht: 0,4447,3,2,5,11,11,5,,0,1,1,0,0
"POINT (9.712923985000032 52.384723744000041)",Unfall 4448 (2024) Kat:3, Licht: 2,4448,3,3,0,11,19,5,,2,1,0,0,0
"POINT (9.791299340000023 52.404156827000065)",Unfall 4449 (2024) Kat:3, Licht: 0,4449,3,3,5,11,10,4,,0,0,1,0,0
"POINT (9.702869776000057 52.369203050000067)",Unfall 4450 (2024) Kat:2, Licht: 0,4450,2,2,6,11,14,4,,0,0,1,1,0
"POINT (9.692581235000034 52.398579705000031)",Unfall 4451 (2024) Kat:3, Licht: 0,4451,3,2,5,11,07,4,,0,0,1,0,0
"POINT (9.654931878000070 52.409679261000065)",Unfall 4452 (2024) Kat:3, Licht: 0,4452,3,5,0,11,15,3,,0,0,1,0,0
"POINT (9.775551402000076 52.399223268000071)",Unfall 4453 (2024) Kat:3, Licht: 0,4453,3,1,0,11,12,3,,0,0,0,0,0
"POINT (9.756175529000075 52.448895147000030)",Unfall 4454 (2024) Kat:2, Licht: 0,4454,2,1,9,11,11,3,,0,0,1,0,1
"POINT (9.759602279000035 52.335221861000036)",Unfall 4455 (2024) Kat:3, Licht: 0,4455,3,7,3,11,16,3,,0,0,1,0,0
"POINT (9.801432140000031 52.377088625000056)",Unfall 4456 (2024) Kat:2, Licht: 0,4456,2,5,1,11,14,3,,0,1,1,0,0
"POINT (9.816334642000072 52.386903723000046)",Unfall 4457 (2024) Kat:3, Licht: 0,4457,3,2,4,11,07,2,,0,1,1,0,0
"POINT (9.625096379000070 52.503723693000040)",Unfall 4458 (2024) Kat:3, Licht: 0,4458,3,3,5,11,11,2,,0,0,1,0,0
"POINT (10.000493612000071 52.451293344000078)",Unfall 4459 (2024) Kat:3, Licht: 0,4459,3,1,0,11,16,2,,0,0,0,0,0
"POINT (9.675225319000049 52.365442689000076)",Unfall 4460 (2024) Kat:3, Licht: 1,4460,3,6,2,11,14,3,,1,0,1,0,0
"POINT (9.765452112000048 52.418582149000031)",Unfall 4461 (2024) Kat:2, Licht: 0,4461,2,1,0,11,13,1,,0,1,0,0,0
"POINT (9.770089214000052 52.358792896000068)",Unfall 4462 (2024) Kat:2, Licht: 1,4462,2,7,0,11,20,7,,1,1,0,0,0
"POINT (9.723028313000043 52.349620482000034)",Unfall 4463 (2024) Kat:3, Licht: 1,4463,3,2,4,11,19,7,,1,0,1,0,0
"POINT (9.756441843000061 52.394477914000049)",Unfall 4464 (2024) Kat:3, Licht: 2,4464,3,3,5,11,00,7,,2,0,1,0,0
"POINT (9.735977723000076 52.380768539000030)",Unfall 4465 (2024) Kat:3, Licht: 0,4465,3,2,5,11,16,7,,0,1,0,0,0
"POINT (9.683247894000033 52.326450209000029)",Unfall 4466 (2024) Kat:3, Licht: 2,4466,3,3,5,11,06,6,,2,0,1,0,0
"POINT (9.462078494000025 52.504590311000072)",Unfall 4467 (2024) Kat:3, Licht: 0,4467,3,4,6,11,12,6,,0,0,1,1,0
"POINT (9.796021699000050 52.375467037000078)",Unfall 4468 (2024) Kat:3, Licht: 2,4468,3,2,0,12,20,3,,2,1,1,0,0
"POINT (9.662932371000068 52.409774848000040)",Unfall 4469 (2024) Kat:3, Licht: 2,4469,3,2,6,12,20,3,,2,0,1,1,0
"POINT (9.764379544000064 52.342861379000055)",Unfall 4470 (2024) Kat:3, Licht: 2,4470,3,3,5,12,18,3,,2,0,1,0,0
"POINT (9.735324269000046 52.387078139000039)",Unfall 4471 (2024) Kat:3, Licht: 0,4471,3,5,1,12,13,3,,0,1,0,0,0
"POINT (9.620940818000065 52.433616388000075)",Unfall 4472 (2024) Kat:3, Licht: 2,4472,3,1,8,12,01,2,,2,0,1,0,0
"POINT (9.732605408000040 52.379210750000027)",Unfall 4473 (2024) Kat:3, Licht: 0,4473,3,3,5,12,10,7,,0,1,1,0,0
"POINT (9.741450479000036 52.371156927000072)",Unfall 4474 (2024) Kat:3, Licht: 0,4474,3,2,4,12,09,6,,0,1,1,0,0
"POINT (9.747769388000052 52.395363118000034)",Unfall 4475 (2024) Kat:3, Licht: 2,4475,3,3,5,12,04,4,,2,1,1,0,0
"POINT (9.707756701000051 52.436092239000061)",Unfall 4476 (2024) Kat:2, Licht: 1,4476,2,7,0,12,09,3,,1,1,0,0,0
"POINT (9.791187943000068 52.396832848000031)",Unfall 4477 (2024) Kat:3, Licht: 0,4477,3,6,2,12,10,3,,0,0,1,0,0
"POINT (9.675759461000041 52.356776829000069)",Unfall 4478 (2024) Kat:3, Licht: 0,4478,3,7,0,12,11,2,,0,1,1,0,0
"POINT (9.448713284000064 52.308202473000051)",Unfall 4479 (2024) Kat:3, Licht: 2,4479,3,7,0,12,06,2,,2,1,0,0,0
"POINT (9.767622990000064 52.358079287000066)",Unfall 4480 (2024) Kat:3, Licht: 2,4480,3,2,5,12,18,2,,2,0,1,0,0
"POINT (9.814074516000062 52.331899007000061)",Unfall 4481 (2024) Kat:3, Licht: 0,4481,3,1,5,12,13,7,,0,0,1,0,0
"POINT (9.763111331000061 52.395153778000065)",Unfall 4482 (2024) Kat:3, Licht: 2,4482,3,6,2,12,17,7,,2,0,1,0,0
"POINT (9.738626849000070 52.381393512000045)",Unfall 4483 (2024) Kat:3, Licht: 1,4483,3,3,5,12,15,7,,1,1,1,0,0
"POINT (9.532984331000023 52.201976799000079)",Unfall 4484 (2024) Kat:2, Licht: 2,4484,2,1,9,12,04,7,,2,0,0,0,0
"POINT (9.669679440000039 52.365457829000036)",Unfall 4485 (2024) Kat:3, Licht: 0,4485,3,4,6,12,13,7,,0,0,1,1,0
"POINT (9.791334414000062 52.374348172000055)",Unfall 4486 (2024) Kat:3, Licht: 0,4486,3,7,5,12,11,6,,0,1,1,0,0
"POINT (9.769081000000028 52.356052291000026)",Unfall 4487 (2024) Kat:2, Licht: 0,4487,2,1,8,12,11,6,,0,0,1,0,0
"POINT (9.716893659000050 52.338672927000061)",Unfall 4488 (2024) Kat:3, Licht: 0,4488,3,6,2,12,13,6,,0,0,1,0,0
"POINT (9.719753641000068 52.367441367000026)",Unfall 4489 (2024) Kat:3, Licht: 2,4489,3,7,0,12,18,6,,2,1,1,0,0
"POINT (9.742420951000042 52.390295341000069)",Unfall 4490 (2024) Kat:3, Licht: 2,4490,3,7,0,12,20,6,,2,0,1,0,0
"POINT (9.466064337000034 52.304099209000071)",Unfall 4491 (2024) Kat:3, Licht: 0,4491,3,6,2,12,13,6,,0,0,1,0,0
"POINT (9.701893993000056 52.431716572000028)",Unfall 4492 (2024) Kat:3, Licht: 2,4492,3,7,0,12,23,6,,2,0,0,0,0
"POINT (10.027701192000052 52.439723658000048)",Unfall 4493 (2024) Kat:3, Licht: 2,4493,3,2,6,12,18,6,,2,0,1,1,0
"POINT (9.806086510000057 52.404245741000068)",Unfall 4494 (2024) Kat:3, Licht: 0,4494,3,5,1,12,15,6,,0,0,0,0,0
"POINT (9.765537187000064 52.354100771000049)",Unfall 4495 (2024) Kat:3, Licht: 0,4495,3,7,5,12,14,5,,0,1,1,0,0
"POINT (9.743940161000069 52.370985290000078)",Unfall 4496 (2024) Kat:3, Licht: 1,4496,3,3,5,12,16,5,,1,0,1,0,0
"POINT (9.739865323000060 52.382968909000056)",Unfall 4497 (2024) Kat:3, Licht: 1,4497,3,6,2,12,16,5,,1,0,1,0,0
"POINT (9.743421521000073 52.389700736000066)",Unfall 4498 (2024) Kat:3, Licht: 0,4498,3,7,5,12,13,5,,0,1,1,0,0
"POINT (9.745859735000067 52.382280227000081)",Unfall 4499 (2024) Kat:3, Licht: 2,4499,3,7,6,12,07,5,,2,0,1,1,0
"POINT (9.438746999000045 52.416028484000037)",Unfall 4500 (2024) Kat:3, Licht: 0,4500,3,5,4,12,10,5,,0,1,0,0,0
"POINT (9.754836023000053 52.436529480000047)",Unfall 4501 (2024) Kat:3, Licht: 0,4501,3,4,6,12,07,5,,0,0,0,1,0
"POINT (9.863345213000059 52.498014111000032)",Unfall 4502 (2024) Kat:3, Licht: 0,4502,3,7,0,12,12,5,,0,1,0,0,0
"POINT (9.613957835000065 52.412103113000057)",Unfall 4503 (2024) Kat:2, Licht: 0,4503,2,1,0,12,12,5,,0,0,0,0,1
"POINT (9.730523387000062 52.374849002000076)",Unfall 4504 (2024) Kat:3, Licht: 0,4504,3,7,5,12,13,5,,0,0,1,0,0
"POINT (9.662903271000062 52.409727920000080)",Unfall 4505 (2024) Kat:3, Licht: 1,4505,3,7,7,12,16,4,,1,1,0,1,0
"POINT (9.689443135000033 52.349524398000028)",Unfall 4506 (2024) Kat:3, Licht: 1,4506,3,6,2,12,15,4,,1,0,1,0,0
"POINT (9.726257993000047 52.377253857000028)",Unfall 4507 (2024) Kat:3, Licht: 1,4507,3,3,5,12,16,4,,1,1,1,0,0
"POINT (9.724778736000076 52.368479349000040)",Unfall 4508 (2024) Kat:3, Licht: 0,4508,3,3,5,12,09,4,,0,1,1,0,0
"POINT (9.738138344000049 52.381803182000056)",Unfall 4509 (2024) Kat:2, Licht: 0,4509,2,3,5,12,14,4,,0,1,1,0,0
"POINT (9.823802894000039 52.383437518000051)",Unfall 4510 (2024) Kat:3, Licht: 2,4510,3,3,5,12,22,3,,2,1,1,0,0
"POINT (9.803981255000053 52.377767982000080)",Unfall 4511 (2024) Kat:3, Licht: 0,4511,3,5,1,12,13,3,,0,0,1,1,0
"POINT (9.690518459000032 52.395212562000040)",Unfall 4512 (2024) Kat:3, Licht: 2,4512,3,3,5,12,18,3,,2,1,1,0,0
"POINT (9.841669889000059 52.392235964000065)",Unfall 4513 (2024) Kat:3, Licht: 0,4513,3,5,1,12,15,3,,0,1,0,0,0
"POINT (9.716961400000059 52.341756784000040)",Unfall 4514 (2024) Kat:3, Licht: 1,4514,3,2,5,12,15,3,,1,1,1,0,0