WKT,Name,OBJECTID,UKATEGORIE,UTYP1,UART,UMONAT,USTUNDE,UWOCHENTAG,STRZUSTAND,ULICHTVERH,ISTRAD,ISTPKW,ISTFUSS,ISTKRAD
"POINT (9.675044233000051 52.397262735000027)",Unfall 4515 (2024) Kat:3, Licht: 1,4515,3,7,2,12,07,2,,1,1,0,0,0
"POINT (9.710601009000072 52.334737570000073)",Unfall 4516 (2024) Kat:3, Licht: 1,4516,3,6,4,12,07,2,,1,1,0,0,0
"POINT (9.872684788000072 52.378527611000038)",Unfall 4517 (2024) Kat:3, Licht: 2,4517,3,5,1,12,07,2,,2,0,0,0,0
"POINT (9.771353724000051 52.338728746000072)",Unfall 4518 (2024) Kat:3, Licht: 0,4518,3,3,5,12,11,2,,0,1,1,0,0
"POINT (9.606169313000066 52.419655670000054)",Unfall 4519 (2024) Kat:3, Licht: 0,4519,3,3,5,12,10,2,,0,1,1,0,0
"POINT (9.916702074000057 52.367234583000027)",Unfall 4520 (2024) Kat:3, Licht: 2,4520,3,5,1,12,16,2,,2,0,1,0,0
"POINT (9.726118490000033 52.381724082000062)",Unfall 4521 (2024) Kat:2, Licht: 0,4521,2,5,0,12,09,2,,0,1,1,0,0
"POINT (9.732293864000042 52.379093625000053)",Unfall 4522 (2024) Kat:3, Licht: 2,4522,3,4,6,12,00,1,,2,0,1,1,0
"POINT (9.713300389000040 52.371440762000077)",Unfall 4523 (2024) Kat:3, Licht: 2,4523,3,7,0,12,00,1,,2,1,0,0,0
"POINT (9.756550038000057 52.339919093000049)",Unfall 4524 (2024) Kat:3, Licht: 2,4524,3,6,6,12,02,1,,2,0,0,1,0
"POINT (9.736436842000046 52.441983590000063)",Unfall 4525 (2024) Kat:3, Licht: 1,4525,3,1,0,12,15,1,,1,1,0,0,0
"POINT (9.754142951000063 52.379162319000045)",Unfall 4526 (2024) Kat:3, Licht: 2,4526,3,1,8,12,02,1,,2,0,1,0,0
"POINT (9.807818575000056 52.404107710000062)",Unfall 4527 (2024) Kat:3, Licht: 0,4527,3,5,4,12,14,7,,0,1,1,0,0
"POINT (9.754455913000072 52.385552312000073)",Unfall 4528 (2024) Kat:3, Licht: 2,4528,3,5,1,12,20,7,,2,0,1,0,0
"POINT (9.735395743000026 52.308013242000072)",Unfall 4529 (2024) Kat:3, Licht: 2,4529,3,5,1,12,16,7,,2,0,1,0,1
"POINT (9.773708089000024 52.400381476000064)",Unfall 4530 (2024) Kat:2, Licht: 2,4530,2,4,6,12,17,7,,2,1,0,1,0
"POINT (9.717705649000038 52.364339816000040)",Unfall 4531 (2024) Kat:3, Licht: 2,4531,3,3,5,12,23,7,,2,1,1,0,0
"POINT (9.706484543000045 52.373785332000068)",Unfall 4532 (2024) Kat:3, Licht: 0,4532,3,3,5,12,12,6,,0,1,1,0,0
"POINT (9.610273684000049 52.423960346000058)",Unfall 4533 (2024) Kat:3, Licht: 2,4533,3,2,6,12,17,6,,2,0,1,1,0
"POINT (9.742149999000048 52.438601761000029)",Unfall 4534 (2024) Kat:3, Licht: 2,4534,3,3,5,12,16,6,,2,1,1,0,0
"POINT (10.012755927000057 52.458796950000078)",Unfall 4535 (2024) Kat:3, Licht: 0,4535,3,1,0,12,13,6,,0,1,0,0,0
"POINT (9.689673177000032 52.349481030000049)",Unfall 4536 (2024) Kat:3, Licht: 2,4536,3,2,6,12,17,6,,2,0,1,1,0
"POINT (9.708776795000063 52.370557365000082)",Unfall 4537 (2024) Kat:3, Licht: 0,4537,3,3,5,12,13,5,,0,1,1,0,0
"POINT (9.445689463000065 52.421647169000039)",Unfall 4538 (2024) Kat:3, Licht: 2,4538,3,7,8,12,17,5,,2,0,1,0,0
"POINT (9.718288783000048 52.381112316000042)",Unfall 4539 (2024) Kat:3, Licht: 2,4539,3,4,6,12,18,4,,2,0,1,1,0
"POINT (9.725423228000068 52.386559802000079)",Unfall 4540 (2024) Kat:3, Licht: 0,4540,3,5,1,12,09,4,,0,1,1,0,0
"POINT (9.550302250000072 52.203769059000081)",Unfall 4541 (2024) Kat:3, Licht: 0,4541,3,1,0,12,12,4,,0,1,0,0,0
"POINT (9.597587608000026 52.419351461000076)",Unfall 4542 (2024) Kat:3, Licht: 1,4542,3,3,5,12,07,4,,1,0,1,0,0
"POINT (9.736081018000050 52.416207408000048)",Unfall 4543 (2024) Kat:3, Licht: 2,4543,3,3,5,12,16,4,,2,0,1,0,0
"POINT (9.539036342000031 52.208500565000065)",Unfall 4544 (2024) Kat:3, Licht: 0,4544,3,7,9,12,08,2,,0,0,1,0,0
"POINT (9.823149509000075 52.388623471000074)",Unfall 4545 (2024) Kat:3, Licht: 0,4545,3,7,0,12,08,3,,0,1,0,0,0
"POINT (9.696188901000028 52.335870638000074)",Unfall 4546 (2024) Kat:3, Licht: 0,4546,3,5,1,12,14,3,,0,1,1,0,0
"POINT (9.696952607000071 52.341443365000032)",Unfall 4547 (2024) Kat:3, Licht: 0,4547,3,6,2,12,08,3,,0,0,1,0,0
"POINT (9.741007914000022 52.398807154000053)",Unfall 4548 (2024) Kat:3, Licht: 2,4548,3,3,5,12,07,3,,2,1,1,0,0
"POINT (9.735448262000034 52.376742233000073)",Unfall 4549 (2024) Kat:2, Licht: 0,4549,2,5,0,12,12,3,,0,0,1,0,0
"POINT (9.807192504000056 52.417369617000077)",Unfall 4550 (2024) Kat:3, Licht: 2,4550,3,1,8,01,03,2,,2,1,0,0,0
"POINT (9.697012452000024 52.377742810000029)",Unfall 4551 (2024) Kat:3, Licht: 2,4551,3,7,0,01,19,5,,2,1,0,0,0
"POINT (9.759706423000068 52.361201837000067)",Unfall 4552 (2024) Kat:3, Licht: 0,4552,3,4,6,01,12,2,,0,1,0,1,0
"POINT (9.739816532000077 52.361867926000059)",Unfall 4553 (2024) Kat:3, Licht: 0,4553,3,6,3,02,16,1,,0,1,0,0,0
"POINT (10.189144531000068 52.454753974000027)",Unfall 4554 (2024) Kat:2, Licht: 0,4554,2,6,6,02,13,7,,0,1,0,1,0
"POINT (9.793269213000031 52.374800802000038)",Unfall 4555 (2024) Kat:2, Licht: 2,4555,2,4,6,02,21,3,,2,1,0,1,0
"POINT (9.437358920000065 52.429427613000030)",Unfall 4556 (2024) Kat:3, Licht: 0,4556,3,7,0,02,16,1,,0,1,0,0,0
"POINT (9.749908251000022 52.349296692000053)",Unfall 4557 (2024) Kat:2, Licht: 2,4557,2,7,7,02,19,3,,2,1,0,0,0
"POINT (9.765748702000053 52.375080110000056)",Unfall 4558 (2024) Kat:3, Licht: 0,4558,3,7,7,02,17,4,,0,1,0,0,0
"POINT (9.814330871000038 52.375763292000045)",Unfall 4559 (2024) Kat:3, Licht: 0,4559,3,7,0,03,13,7,,0,1,0,0,0
"POINT (9.725807250000059 52.361868857000047)",Unfall 4560 (2024) Kat:2, Licht: 0,4560,2,1,0,03,11,5,,0,1,0,0,0
"POINT (9.641489041000057 52.355622682000046)",Unfall 4561 (2024) Kat:2, Licht: 0,4561,2,7,0,03,14,6,,0,1,0,0,0
"POINT (9.729382069000053 52.355426063000039)",Unfall 4562 (2024) Kat:3, Licht: 0,4562,3,1,7,03,17,4,,0,1,0,0,0
"POINT (9.807712842000058 52.277450249000026)",Unfall 4563 (2024) Kat:3, Licht: 0,4563,3,1,0,03,14,7,,0,1,0,0,0
"POINT (9.528356043000031 52.411941626000043)",Unfall 4564 (2024) Kat:2, Licht: 0,4564,2,7,0,03,15,1,,0,1,0,0,0
"POINT (10.204423103000067 52.460716491000028)",Unfall 4565 (2024) Kat:3, Licht: 0,4565,3,1,8,04,13,7,,0,1,0,0,0
"POINT (9.734183890000054 52.366543118000038)",Unfall 4566 (2024) Kat:3, Licht: 0,4566,3,6,6,04,19,1,,0,1,0,1,0
"POINT (9.762806118000071 52.350084570000035)",Unfall 4567 (2024) Kat:3, Licht: 0,4567,3,6,6,04,11,4,,0,1,0,1,0
"POINT (9.738165109000022 52.366497664000065)",Unfall 4568 (2024) Kat:3, Licht: 0,4568,3,6,3,04,07,4,,0,1,0,0,0
"POINT (9.670421168000075 52.341046142000039)",Unfall 4569 (2024) Kat:3, Licht: 0,4569,3,3,5,04,10,5,,0,1,0,1,0
"POINT (9.467531999000073 52.432032700000036)",Unfall 4570 (2024) Kat:3, Licht: 0,4570,3,1,0,04,16,7,,0,1,0,0,0
"POINT (9.703175529000021 52.378387476000057)",Unfall 4571 (2024) Kat:3, Licht: 0,4571,3,3,5,04,10,1,,0,1,0,0,0
"POINT (9.752479522000044 52.399319190000028)",Unfall 4572 (2024) Kat:3, Licht: 0,4572,3,6,4,04,19,1,,0,1,0,0,0
"POINT (9.766645551000067 52.382147826000050)",Unfall 4573 (2024) Kat:3, Licht: 0,4573,3,7,0,04,15,2,,0,1,0,0,0
"POINT (9.722259562000033 52.450436926000066)",Unfall 4574 (2024) Kat:3, Licht: 0,4574,3,5,5,04,17,3,,0,1,1,0,0
"POINT (9.822345993000056 52.398061156000040)",Unfall 4575 (2024) Kat:3, Licht: 0,4575,3,3,5,04,17,5,,0,1,0,0,0
"POINT (9.716246587000057 52.373754344000076)",Unfall 4576 (2024) Kat:3, Licht: 2,4576,3,7,0,04,01,1,,2,1,0,0,0
"POINT (10.051354088000039 52.360812370000076)",Unfall 4577 (2024) Kat:3, Licht: 0,4577,3,4,6,04,11,1,,0,1,0,1,0
"POINT (9.559586477000039 52.383974479000074)",Unfall 4578 (2024) Kat:3, Licht: 0,4578,3,1,0,04,18,2,,0,1,0,0,0
"POINT (9.470859219000033 52.509009484000046)",Unfall 4579 (2024) Kat:3, Licht: 2,4579,3,7,7,04,21,3,,2,1,0,0,0
"POINT (9.849044117000062 52.343478260000040)",Unfall 4580 (2024) Kat:3, Licht: 0,4580,3,7,6,05,13,5,,0,1,0,0,0
"POINT (9.890099125000063 52.449490611000044)",Unfall 4581 (2024) Kat:3, Licht: 2,4581,3,7,0,05,21,7,,2,1,0,0,0
"POINT (9.816680861000066 52.403479251000078)",Unfall 4582 (2024) Kat:3, Licht: 0,4582,3,7,0,05,11,5,,0,1,0,0,0
"POINT (9.734008178000067 52.410346361000052)",Unfall 4583 (2024) Kat:3, Licht: 0,4583,3,1,0,05,14,5,,0,1,0,0,0
"POINT (9.739926584000045 52.342984312000056)",Unfall 4584 (2024) Kat:3, Licht: 0,4584,3,2,5,05,18,5,,0,1,0,0,0
"POINT (9.746512406000022 52.353757881000035)",Unfall 4585 (2024) Kat:3, Licht: 0,4585,3,4,0,05,18,7,,0,1,0,1,0
"POINT (9.714072496000028 52.376779257000067)",Unfall 4586 (2024) Kat:3, Licht: 2,4586,3,1,9,05,01,1,,2,1,0,0,0
"POINT (9.740862475000029 52.360488416000067)",Unfall 4587 (2024) Kat:3, Licht: 0,4587,3,1,0,05,08,3,,0,1,0,0,0
"POINT (9.749329375000059 52.411722971000074)",Unfall 4588 (2024) Kat:3, Licht: 0,4588,3,6,0,05,13,4,,0,1,0,0,0
"POINT (9.786102551000056 52.401302646000033)",Unfall 4589 (2024) Kat:3, Licht: 0,4589,3,4,6,05,19,4,,0,1,0,1,0
"POINT (9.785827602000040 52.359203239000067)",Unfall 4590 (2024) Kat:3, Licht: 0,4590,3,1,9,05,15,4,,0,1,0,0,0
"POINT (9.732314106000047 52.369756222000035)",Unfall 4591 (2024) Kat:3, Licht: 0,4591,3,6,4,05,19,4,,0,1,0,0,0
"POINT (9.681264834000046 52.381392626000036)",Unfall 4592 (2024) Kat:3, Licht: 0,4592,3,1,8,05,10,7,,0,1,0,0,0
"POINT (9.714054145000034 52.376646374000075)",Unfall 4593 (2024) Kat:3, Licht: 2,4593,3,7,0,05,03,7,,2,1,0,0,0
"POINT (9.420061160000046 52.436278202000040)",Unfall 4594 (2024) Kat:3, Licht: 0,4594,3,7,7,05,18,1,,0,1,0,0,0
"POINT (9.688272907000055 52.380877785000052)",Unfall 4595 (2024) Kat:3, Licht: 1,4595,3,7,0,05,04,1,,1,1,0,0,0
"POINT (9.996796826000036 52.446873791000030)",Unfall 4596 (2024) Kat:3, Licht: 0,4596,3,4,6,05,17,5,,0,1,0,1,0
"POINT (9.713085997000064 52.377991711000050)",Unfall 4597 (2024) Kat:3, Licht: 2,4597,3,7,7,05,03,5,,2,1,0,0,0
"POINT (9.749640299000021 52.342356952000046)",Unfall 4598 (2024) Kat:3, Licht: 0,4598,3,4,6,05,14,7,,0,1,0,1,0
"POINT (9.745194243000071 52.438823656000068)",Unfall 4599 (2024) Kat:3, Licht: 0,4599,3,7,0,05,18,6,,0,1,0,0,0
"POINT (9.730585019000046 52.348248752000075)",Unfall 4600 (2024) Kat:3, Licht: 0,4600,3,7,0,05,15,6,,0,1,0,0,0
"POINT (9.815706127000055 52.381214471000078)",Unfall 4601 (2024) Kat:3, Licht: 2,4601,3,5,1,06,00,7,,2,1,1,0,0
"POINT (9.752455120000036 52.399312532000067)",Unfall 4602 (2024) Kat:3, Licht: 0,4602,3,6,4,06,16,4,,0,1,0,0,0
"POINT (10.000372958000071 52.511849170000062)",Unfall 4603 (2024) Kat:2, Licht: 0,4603,2,3,5,06,17,5,,0,1,1,0,0
"POINT (9.713296773000025 52.376377552000065)",Unfall 4604 (2024) Kat:3, Licht: 2,4604,3,6,4,06,03,1,,2,1,0,0,0
"POINT (10.063297595000051 52.493225066000036)",Unfall 4605 (2024) Kat:3, Licht: 0,4605,3,6,3,06,06,4,,0,1,1,0,0
"POINT (9.757468613000071 52.382360114000051)",Unfall 4606 (2024) Kat:3, Licht: 0,4606,3,3,5,06,12,5,,0,1,0,0,0
"POINT (9.719711598000060 52.345969243000070)",Unfall 4607 (2024) Kat:3, Licht: 0,4607,3,6,8,06,10,5,,0,1,0,0,0
"POINT (9.683385674000021 52.383228299000052)",Unfall 4608 (2024) Kat:3, Licht: 0,4608,3,7,0,06,21,6,,0,1,0,0,0
"POINT (9.715382244000068 52.333516055000075)",Unfall 4609 (2024) Kat:3, Licht: 0,4609,3,1,0,06,15,2,,0,1,0,0,0
"POINT (9.757547288000069 52.262296542000058)",Unfall 4610 (2024) Kat:3, Licht: 0,4610,3,6,4,06,14,4,,0,1,0,0,0
"POINT (9.738540522000051 52.363235036000049)",Unfall 4611 (2024) Kat:3, Licht: 0,4611,3,6,2,06,14,6,,0,1,0,0,0
"POINT (9.598396586000035 52.426064997000026)",Unfall 4612 (2024) Kat:3, Licht: 0,4612,3,2,5,06,13,7,,0,1,1,0,0
"POINT (9.734012600000028 52.361200271000030)",Unfall 4613 (2024) Kat:3, Licht: 0,4613,3,7,0,06,15,7,,0,1,0,0,0
"POINT (9.512004340000033 52.259648948000063)",Unfall 4614 (2024) Kat:3, Licht: 0,4614,3,1,0,06,14,1,,0,1,0,0,0
"POINT (9.796725161000040 52.405556268000055)",Unfall 4615 (2024) Kat:2, Licht: 0,4615,2,4,6,06,17,3,,0,1,0,1,0
"POINT (9.504873388000021 52.407713167000054)",Unfall 4616 (2024) Kat:3, Licht: 0,4616,3,7,0,06,08,3,,0,1,0,0,0
"POINT (9.380153353000026 52.470323731000065)",Unfall 4617 (2024) Kat:3, Licht: 0,4617,3,6,4,06,15,3,,0,1,0,0,0
"POINT (9.772038256000030 52.417994517000068)",Unfall 4618 (2024) Kat:3, Licht: 0,4618,3,1,0,06,20,4,,0,1,0,0,0
"POINT (9.739626932000021 52.353528607000044)",Unfall 4619 (2024) Kat:3, Licht: 0,4619,3,3,5,06,14,4,,0,1,0,0,0
"POINT (9.749901143000045 52.398767554000074)",Unfall 4620 (2024) Kat:2, Licht: 0,4620,2,7,0,06,08,5,,0,1,0,0,0
"POINT (9.781047285000056 52.405962464000027)",Unfall 4621 (2024) Kat:3, Licht: 0,4621,3,7,0,06,09,6,,0,1,0,0,0
"POINT (9.693005657000072 52.378601885000080)",Unfall 4622 (2024) Kat:3, Licht: 0,4622,3,7,0,07,13,3,,0,1,0,0,0
"POINT (9.942940400000055 52.309136107000029)",Unfall 4623 (2024) Kat:2, Licht: 0,4623,2,7,0,07,10,4,,0,1,0,0,0
"POINT (9.763539045000073 52.348111477000032)",Unfall 4624 (2024) Kat:3, Licht: 0,4624,3,7,0,07,16,6,,0,1,0,0,0
"POINT (9.749828571000023 52.342349631000047)",Unfall 4625 (2024) Kat:3, Licht: 2,4625,3,6,3,07,00,7,,2,1,0,0,0
"POINT (9.725817411000037 52.361860214000046)",Unfall 4626 (2024) Kat:3, Licht: 0,4626,3,7,0,07,11,7,,0,1,0,0,0
"POINT (9.774678633000065 52.311196006000046)",Unfall 4627 (2024) Kat:3, Licht: 0,4627,3,1,0,07,17,1,,0,1,0,0,0
"POINT (9.717491092000046 52.354565251000054)",Unfall 4628 (2024) Kat:3, Licht: 0,4628,3,7,0,07,17,2,,0,1,0,0,0
"POINT (9.773474416000056 52.400542710000082)",Unfall 4629 (2024) Kat:3, Licht: 0,4629,3,2,3,07,16,4,,0,1,1,0,0
"POINT (10.148201618000030 52.475519357000053)",Unfall 4630 (2024) Kat:2, Licht: 0,4630,2,1,0,07,18,5,,0,1,0,0,0
"POINT (9.790509480000026 52.358011504000046)",Unfall 4631 (2024) Kat:3, Licht: 0,4631,3,1,0,07,11,1,,0,1,0,0,0
"POINT (9.760810309000021 52.329015203000040)",Unfall 4632 (2024) Kat:3, Licht: 0,4632,3,6,0,07,11,2,,0,1,0,0,0
"POINT (9.785827602000040 52.359203239000067)",Unfall 4633 (2024) Kat:3, Licht: 0,4633,3,7,0,07,15,3,,0,1,0,1,0
"POINT (9.715604953000025 52.382074899000031)",Unfall 4634 (2024) Kat:3, Licht: 0,4634,3,6,3,07,18,3,,0,1,0,0,0
"POINT (9.769978889000072 52.356882292000080)",Unfall 4635 (2024) Kat:3, Licht: 0,4635,3,3,5,07,09,1,,0,1,0,0,0
"POINT (9.785827602000040 52.359203239000067)",Unfall 4636 (2024) Kat:2, Licht: 0,4636,2,7,0,07,09,1,,0,1,0,0,0
"POINT (9.755160986000021 52.344235333000029)",Unfall 4637 (2024) Kat:3, Licht: 0,4637,3,3,0,07,15,5,,0,1,0,0,0
"POINT (9.713119188000064 52.383601624000050)",Unfall 4638 (2024) Kat:3, Licht: 0,4638,3,7,0,07,15,5,,0,1,0,0,0
"POINT (10.177446687000042 52.489324448000048)",Unfall 4639 (2024) Kat:3, Licht: 0,4639,3,7,0,07,14,1,,0,1,0,0,0
"POINT (10.006484390000026 52.442952443000081)",Unfall 4640 (2024) Kat:3, Licht: 0,4640,3,6,3,08,09,5,,0,1,0,0,0
"POINT (9.734104799000022 52.359943193000049)",Unfall 4641 (2024) Kat:3, Licht: 0,4641,3,4,6,08,18,7,,0,1,0,1,0
"POINT (9.785118219000026 52.359186232000070)",Unfall 4642 (2024) Kat:2, Licht: 0,4642,2,7,0,08,11,7,,0,1,0,0,0
"POINT (9.738356524000039 52.357593288000032)",Unfall 4643 (2024) Kat:3, Licht: 0,4643,3,5,4,08,15,7,,0,1,0,0,0
"POINT (9.732527791000052 52.377530970000066)",Unfall 4644 (2024) Kat:3, Licht: 2,4644,3,7,0,08,00,1,,2,1,0,0,0
"POINT (9.597694269000044 52.410454158000050)",Unfall 4645 (2024) Kat:3, Licht: 0,4645,3,7,0,08,11,2,,0,1,0,0,0
"POINT (9.665835405000053 52.411895341000047)",Unfall 4646 (2024) Kat:3, Licht: 0,4646,3,7,0,08,15,2,,0,1,0,0,0
"POINT (9.744407841000054 52.345462955000073)",Unfall 4647 (2024) Kat:3, Licht: 0,4647,3,3,5,08,10,3,,0,1,0,0,0
"POINT (9.747945801000071 52.444777932000079)",Unfall 4648 (2024) Kat:2, Licht: 0,4648,2,1,0,08,12,5,,0,1,0,0,0
"POINT (9.419944194000038 52.436413292000054)",Unfall 4649 (2024) Kat:3, Licht: 0,4649,3,1,7,08,11,7,,0,1,0,0,0
"POINT (9.754031775000044 52.336777660000052)",Unfall 4650 (2024) Kat:3, Licht: 0,4650,3,6,0,08,17,7,,0,1,0,0,0
"POINT (9.783913288000065 52.358039455000039)",Unfall 4651 (2024) Kat:3, Licht: 0,4651,3,6,4,08,11,1,,0,1,0,0,0
"POINT (9.380575275000069 52.455508220000070)",Unfall 4652 (2024) Kat:3, Licht: 0,4652,3,6,4,08,11,1,,0,1,0,0,0
"POINT (9.778776816000061 52.355035662000034)",Unfall 4653 (2024) Kat:3, Licht: 0,4653,3,6,3,08,15,2,,0,1,0,0,0
"POINT (9.420030476000022 52.436313748000032)",Unfall 4654 (2024) Kat:3, Licht: 0,4654,3,7,7,08,18,2,,0,1,0,0,0
"POINT (9.716246587000057 52.373754344000076)",Unfall 4655 (2024) Kat:3, Licht: 0,4655,3,6,4,08,17,2,,0,1,0,0,0
"POINT (9.710956241000076 52.380049626000073)",Unfall 4656 (2024) Kat:3, Licht: 0,4656,3,6,4,08,08,7,,0,1,0,0,0
"POINT (9.826397295000049 52.394387397000060)",Unfall 4657 (2024) Kat:3, Licht: 2,4657,3,6,6,08,22,2,,2,1,0,1,0
"POINT (9.757117291000043 52.364585763000036)",Unfall 4658 (2024) Kat:3, Licht: 0,4658,3,7,1,08,09,4,,0,1,1,0,0
"POINT (9.727932826000028 52.330277431000070)",Unfall 4659 (2024) Kat:3, Licht: 0,4659,3,7,0,08,14,5,,0,1,0,0,0
"POINT (9.696751636000045 52.407842177000077)",Unfall 4660 (2024) Kat:3, Licht: 0,4660,3,2,5,08,12,7,,0,1,0,0,0
"POINT (9.446608586000025 52.394383856000047)",Unfall 4661 (2024) Kat:2, Licht: 0,4661,2,7,0,08,15,1,,0,1,0,0,0
"POINT (9.762971963000041 52.387177001000055)",Unfall 4662 (2024) Kat:3, Licht: 0,4662,3,1,0,08,16,3,,0,1,0,0,0
"POINT (9.793269213000031 52.374800802000038)",Unfall 4663 (2024) Kat:3, Licht: 0,4663,3,3,5,08,16,4,,0,1,1,0,0
"POINT (9.589708186000053 52.425716264000073)",Unfall 4664 (2024) Kat:3, Licht: 0,4664,3,6,2,09,13,1,,0,1,0,0,0
"POINT (9.693346026000029 52.378447684000037)",Unfall 4665 (2024) Kat:3, Licht: 0,4665,3,6,4,09,11,1,,0,1,0,0,0
"POINT (9.750526453000077 52.348497252000072)",Unfall 4666 (2024) Kat:3, Licht: 0,4666,3,7,0,09,17,1,,0,1,0,0,0
"POINT (9.843210479000049 52.394765339000060)",Unfall 4667 (2024) Kat:2, Licht: 1,4667,2,7,0,09,20,2,,1,1,0,0,0
"POINT (9.619798844000059 52.435093143000074)",Unfall 4668 (2024) Kat:2, Licht: 0,4668,2,7,0,09,18,3,,0,1,0,0,0
"POINT (9.597514112000056 52.440111871000056)",Unfall 4669 (2024) Kat:3, Licht: 0,4669,3,3,0,09,13,3,,0,1,0,0,0
"POINT (9.774898010000072 52.377901727000051)",Unfall 4670 (2024) Kat:3, Licht: 0,4670,3,7,0,09,16,5,,0,1,0,0,0
"POINT (9.689826685000071 52.334540476000029)",Unfall 4671 (2024) Kat:3, Licht: 0,4671,3,7,5,09,13,6,,0,1,0,0,0
"POINT (9.583122157000048 52.423914405000062)",Unfall 4672 (2024) Kat:3, Licht: 0,4672,3,7,0,09,14,2,,0,1,0,0,0
"POINT (9.729818787000056 52.400021206000076)",Unfall 4673 (2024) Kat:2, Licht: 1,4673,2,7,0,09,18,4,,1,1,0,0,0
"POINT (9.746235153000043 52.392903386000057)",Unfall 4674 (2024) Kat:2, Licht: 0,4674,2,7,0,09,11,5,,0,1,0,0,0
"POINT (9.970275619000063 52.361112910000031)",Unfall 4675 (2024) Kat:3, Licht: 0,4675,3,7,7,09,16,6,,0,1,0,0,0
"POINT (9.740866740000058 52.352873103000036)",Unfall 4676 (2024) Kat:3, Licht: 0,4676,3,6,3,09,15,1,,0,1,0,0,0
"POINT (9.792768215000024 52.356562506000046)",Unfall 4677 (2024) Kat:3, Licht: 0,4677,3,7,0,09,18,2,,0,1,0,0,0
"POINT (9.774838853000062 52.380817329000081)",Unfall 4678 (2024) Kat:3, Licht: 0,4678,3,3,5,09,16,4,,0,1,0,0,0
"POINT (9.437527361000036 52.429505918000075)",Unfall 4679 (2024) Kat:2, Licht: 0,4679,2,3,5,09,12,5,,0,1,0,0,0
"POINT (9.747805487000051 52.342746123000040)",Unfall 4680 (2024) Kat:3, Licht: 0,4680,3,7,0,09,14,7,,0,1,0,0,0
"POINT (9.788707662000036 52.358922835000044)",Unfall 4681 (2024) Kat:3, Licht: 0,4681,3,7,0,09,13,2,,0,1,0,0,0
"POINT (9.768379169000070 52.359929888000067)",Unfall 4682 (2024) Kat:3, Licht: 2,4682,3,7,0,09,19,4,,2,1,0,0,0
"POINT (9.836418968000032 52.338442678000035)",Unfall 4683 (2024) Kat:3, Licht: 0,4683,3,1,0,09,17,2,,0,1,0,0,0
"POINT (9.791077522000023 52.406585306000068)",Unfall 4684 (2024) Kat:3, Licht: 0,4684,3,6,4,10,11,4,,0,1,0,0,0
"POINT (9.682693421000067 52.383487310000078)",Unfall 4685 (2024) Kat:3, Licht: 0,4685,3,7,0,10,09,3,,0,1,0,0,0
"POINT (9.682693421000067 52.383487310000078)",Unfall 4686 (2024) Kat:3, Licht: 0,4686,3,7,0,10,09,3,,0,1,0,0,0
"POINT (9.308670883000048 52.487531337000064)",Unfall 4687 (2024) Kat:3, Licht: 0,4687,3,3,5,10,14,3,,0,1,1,0,0
"POINT (9.757419308000067 52.331430979000061)",Unfall 4688 (2024) Kat:3, Licht: 0,4688,3,7,0,10,17,5,,0,1,0,0,0
"POINT (9.837099701000056 52.508954346000053)",Unfall 4689 (2024) Kat:3, Licht: 0,4689,3,7,0,10,10,1,,0,1,0,0,0
"POINT (9.533029266000028 52.238953017000028)",Unfall 4690 (2024) Kat:3, Licht: 0,4690,3,1,8,10,17,1,,0,1,0,0,0
"POINT (9.821502285000065 52.383457572000054)",Unfall 4691 (2024) Kat:3, Licht: 0,4691,3,7,0,10,09,1,,0,1,0,0,0
"POINT (9.752377405000061 52.342222229000072)",Unfall 4692 (2024) Kat:3, Licht: 0,4692,3,6,3,10,15,3,,0,1,0,0,0
"POINT (9.812152704000027 52.369137577000060)",Unfall 4693 (2024) Kat:3, Licht: 0,4693,3,7,2,10,15,7,,0,1,0,0,0
"POINT (9.767782772000032 52.349668396000027)",Unfall 4694 (2024) Kat:3, Licht: 0,4694,3,1,0,10,12,4,,0,1,0,0,0
"POINT (9.797218108000038 52.299948671000038)",Unfall 4695 (2024) Kat:3, Licht: 0,4695,3,1,0,10,12,5,,0,1,0,0,0
"POINT (9.770905076000076 52.350616197000079)",Unfall 4696 (2024) Kat:3, Licht: 0,4696,3,1,8,11,14,7,,0,1,0,0,0
"POINT (9.612510922000070 52.478044173000058)",Unfall 4697 (2024) Kat:2, Licht: 0,4697,2,1,0,11,10,3,,0,1,0,0,0
"POINT (9.737383586000021 52.357564719000038)",Unfall 4698 (2024) Kat:3, Licht: 2,4698,3,6,4,11,17,3,,2,1,0,0,0
"POINT (9.843551456000057 52.371045830000071)",Unfall 4699 (2024) Kat:1, Licht: 2,4699,1,1,0,12,20,1,,2,1,0,0,0
"POINT (9.693043474000035 52.378584489000048)",Unfall 4700 (2024) Kat:3, Licht: 0,4700,3,7,0,12,09,3,,0,1,0,0,0
"POINT (9.402191699000070 52.469020742000055)",Unfall 4701 (2024) Kat:2, Licht: 0,4701,2,6,3,12,14,3,,0,1,0,0,0